# This file uses centimeters as units for non-parametric coordinates.

mtllib thiiiiiiiiiiiiiiiiiiiiiiiiiiii.mtl
g default
v -0.087229 2.113920 -1.802627
v 0.159063 2.113920 -1.802627
v -0.087229 1.990774 -2.015923
v 0.159063 1.990774 -2.015923
v 0.035917 2.844150 -2.366422
v -0.087229 2.696896 -1.301592
v 0.159063 2.696896 -1.301592
v -0.087229 2.573749 -1.514888
v 0.159063 2.573749 -1.514888
v 0.035917 3.427125 -1.865387
v -0.552308 8.124170 -0.138027
v -0.306015 8.124170 -0.138027
v -0.552308 8.124170 -0.384319
v -0.306015 8.124170 -0.384319
v -0.429161 9.038465 -0.261173
v 0.568823 7.641707 -0.274224
v 0.815115 7.641707 -0.274224
v 0.568823 7.641707 -0.520516
v 0.815115 7.641707 -0.520516
v 0.691969 8.556003 -0.397370
v -0.133805 8.393524 0.225396
v 0.183806 8.393524 0.225396
v -0.133805 8.393524 -0.092214
v 0.183806 8.393524 -0.092214
v 0.025000 9.572569 0.066591
v 1.119181 5.378905 0.184924
v 1.365474 5.378905 0.184924
v 1.119181 5.378905 -0.061369
v 1.365474 5.378905 -0.061369
v 1.242327 6.293200 0.061777
v -0.890067 7.641707 -0.115437
v -0.643774 7.641707 -0.115437
v -0.890067 7.641707 -0.361729
v -0.643774 7.641707 -0.361729
v -0.766920 8.556003 -0.238583
v -2.151146 4.601460 0.184924
v -1.904854 4.601460 0.184924
v -2.151146 4.601460 -0.061369
v -1.904854 4.601460 -0.061369
v -2.028000 5.515755 0.061777
v 2.761179 3.869497 0.184924
v 3.007471 3.869497 0.184924
v 2.761179 3.869497 -0.061369
v 3.007471 3.869497 -0.061369
v 2.884325 4.783792 0.061777
v 1.904825 4.601460 0.184924
v 2.151118 4.601460 0.184924
v 1.904825 4.601460 -0.061369
v 2.151118 4.601460 -0.061369
v 2.027972 5.515755 0.061777
v -1.365146 5.378905 0.184924
v -1.118854 5.378905 0.184924
v -1.365146 5.378905 -0.061369
v -1.118854 5.378905 -0.061369
v -1.242000 6.293200 0.061777
v -3.007147 3.869497 0.184924
v -2.760854 3.869497 0.184924
v -3.007147 3.869497 -0.061369
v -2.760854 3.869497 -0.061369
v -2.884000 4.783792 0.061777
v 0.141351 7.296279 0.962000
v -0.141358 7.296279 0.962023
v 0.000000 7.299887 0.980311
v -0.248722 7.149813 0.921141
v 0.248665 7.149791 0.920998
v 0.000000 7.142137 0.989422
v 0.000000 7.539225 0.961188
v -0.250859 7.555508 0.919525
v 0.250752 7.555530 0.919226
v 0.356894 7.626525 0.867944
v -0.356912 7.626522 0.867981
v 0.208436 7.720418 0.902179
v -0.208436 7.720420 0.902181
v 0.584295 7.745100 0.711964
v -0.584502 7.745126 0.712196
v 0.541159 7.860248 0.712426
v -0.541160 7.860249 0.712428
v 0.846941 7.788220 0.419070
v -0.846812 7.788197 0.418980
v 0.856119 7.893999 0.329878
v -0.856110 7.893996 0.329875
v 0.853992 7.515890 0.496527
v -0.854353 7.516008 0.496907
v 0.911436 7.497200 0.419412
v -0.911439 7.497200 0.419414
v 0.727007 7.295343 0.649975
v -0.727111 7.295407 0.650161
v 0.736098 7.231106 0.655496
v -0.736112 7.231106 0.655512
v 0.659941 7.187037 0.720000
v -0.660039 7.187045 0.720130
v 0.645995 7.231700 0.714982
v -0.645940 7.231673 0.714886
v 0.393732 7.107829 0.869359
v -0.393715 7.107823 0.869316
v 0.396940 7.156026 0.860388
v -0.396911 7.156011 0.860324
v 0.243562 7.095295 0.931874
v -0.243539 7.095285 0.931819
v 0.048604 6.549524 0.773091
v -0.048577 6.549829 0.772856
v 0.050391 6.607722 0.863306
v -0.050437 6.607488 0.863470
v 0.189322 6.646607 0.852125
v -0.189384 6.646473 0.852234
v 0.194082 6.603580 0.790035
v -0.194081 6.603581 0.790033
v 0.340140 6.698236 0.824671
v -0.340281 6.698044 0.824882
v 0.332669 6.648993 0.766825
v -0.332655 6.649023 0.766800
v 0.453545 6.671063 0.712525
v -0.453506 6.671122 0.712470
v 0.478194 6.722107 0.753620
v -0.478264 6.722020 0.753704
v 0.706169 6.736328 0.575094
v -0.706158 6.736347 0.575082
v 0.692214 6.704001 0.542878
v -0.692216 6.703999 0.542881
v 0.796310 6.714263 0.477148
v -0.795589 6.714706 0.476246
v 0.759394 6.650367 0.458122
v -0.759308 6.650475 0.457962
v 0.670144 6.385807 0.426286
v -0.669803 6.385719 0.425011
v 0.705044 6.342628 0.404160
v -0.705315 6.342532 0.404449
v -0.537819 6.257768 0.473018
v 0.537889 6.257745 0.473199
v -0.581656 6.221217 0.463301
v 0.581107 6.221001 0.462353
v -0.383815 6.142068 0.530953
v 0.383831 6.142098 0.531067
v -0.408221 6.097634 0.522582
v 0.408125 6.097679 0.522432
v -0.206152 6.085341 0.567630
v 0.206162 6.085388 0.567768
v -0.188892 6.026643 0.574839
v 0.188881 6.026675 0.574797
v -0.128843 7.082549 0.971982
v 0.128816 7.082545 0.971888
v -0.187662 6.952282 0.956840
v 0.187643 6.952280 0.956794
v -0.258333 6.976088 0.925526
v 0.258308 6.976094 0.925457
v -0.236514 6.847809 0.931552
v 0.236493 6.847809 0.931524
v -0.287309 6.857064 0.900849
v 0.287256 6.857076 0.900738
v -0.213788 6.741261 0.924826
v 0.213804 6.741241 0.924854
v -0.313552 6.758675 0.869630
v -0.098351 6.724920 0.948079
v 0.098351 6.724920 0.948079
v -0.086028 6.689992 0.920827
v 0.086023 6.690013 0.920795
v -0.198755 6.705474 0.904209
v 0.198935 6.705148 0.904602
v -0.327683 6.729701 0.853695
v 0.327584 6.729789 0.853462
v 0.000000 7.075710 0.992451
v 0.000000 6.932303 0.998776
v 0.000000 6.833623 0.998790
v 0.465361 6.760839 0.792000
v -0.465538 6.760723 0.792286
v 0.697908 6.795528 0.624200
v -0.697901 6.795533 0.624192
v 0.785039 6.807605 0.535457
v -0.785030 6.807608 0.535449
v 0.913000 7.897795 0.037307
v -0.912996 7.897794 0.037307
v 0.873146 7.875532 -0.275044
v -0.873149 7.875533 -0.275045
v 0.714001 7.861877 -0.613272
v -0.713995 7.861875 -0.613269
v 0.452061 7.862705 -0.882466
v -0.452062 7.862705 -0.882467
v 0.150963 7.861086 -1.009917
v -0.150965 7.861089 -1.009927
v 1.009718 7.510566 0.120578
v -1.009709 7.510565 0.120577
v 0.993661 7.485407 -0.234084
v -0.993657 7.485406 -0.234083
v 0.817785 7.451186 -0.649799
v -0.817795 7.451187 -0.649806
v 0.490600 7.444235 -0.956617
v -0.490601 7.444236 -0.956619
v 0.180473 7.448179 -1.076959
v -0.180472 7.448178 -1.076955
v 0.799943 6.293339 0.214026
v -0.799946 6.293338 0.214027
v 0.610998 6.093364 0.317827
v -0.611003 6.093359 0.317830
v -0.435909 6.006207 0.403612
v 0.435903 6.006216 0.403606
v -0.186898 5.916400 0.440318
v 0.186896 5.916408 0.440313
v 1.003547 6.912988 0.072641
v -1.003534 6.912990 0.072640
v 0.963391 6.904033 -0.297004
v -0.963409 6.904030 -0.297010
v 0.992049 6.813437 0.032983
v -0.992045 6.813437 0.032982
v 0.935533 6.821732 -0.332085
v -0.935534 6.821732 -0.332086
v 0.871905 6.385043 -0.135485
v -0.871904 6.385044 -0.135485
v 0.699058 6.372432 -0.461781
v -0.699067 6.372426 -0.461790
v 0.856890 6.866644 -0.575183
v -0.856893 6.866643 -0.575185
v 0.448869 6.856323 -0.904215
v -0.448875 6.856318 -0.904227
v 0.148482 6.838422 -0.999597
v -0.148482 6.838422 -0.999597
v 0.802377 6.787461 -0.569905
v -0.802409 6.787449 -0.569928
v 0.439804 6.750907 -0.868247
v -0.439807 6.750905 -0.868252
v 0.130074 6.724563 -0.956642
v -0.130074 6.724563 -0.956641
v 0.517761 6.348818 -0.596511
v -0.517769 6.348810 -0.596521
v 0.340080 6.331579 -0.682458
v -0.340080 6.331579 -0.682458
v 0.063513 6.311964 -0.721205
v -0.063514 6.311956 -0.721215
v 0.786736 6.217060 -0.161321
v -0.786735 6.217061 -0.161321
v 0.629067 6.049733 -0.189533
v -0.629068 6.049732 -0.189534
v 0.474231 5.957683 -0.165967
v -0.474231 5.957681 -0.165968
v 0.228756 5.900378 -0.154775
v -0.228756 5.900381 -0.154773
v 0.565535 6.237363 -0.478563
v -0.565536 6.237362 -0.478564
v 0.403198 6.170816 -0.514647
v -0.403202 6.170811 -0.514653
v 0.149313 6.100591 -0.523848
v -0.149312 6.100595 -0.523844
v 0.000000 7.719602 0.927425
v 0.000000 8.077878 0.805806
v -0.297313 7.974818 0.795378
v 0.297313 7.974818 0.795377
v -0.623478 8.229922 0.378086
v 0.623482 8.229924 0.378088
v 0.000000 8.489570 0.492946
v 0.710490 8.229875 0.025987
v -0.710504 8.229886 0.025987
v 0.668026 8.206832 -0.273942
v -0.668011 8.206820 -0.273936
v 0.494357 8.224343 -0.527911
v -0.494355 8.224341 -0.527910
v 0.276027 8.241400 -0.739193
v -0.276028 8.241401 -0.739193
v 0.089731 8.257756 -0.808011
v -0.089731 8.257756 -0.808012
v -0.008080 8.640769 0.008609
v 0.008080 8.640769 0.008609
v 0.000000 8.611216 -0.258659
v 0.000000 8.511647 -0.512717
v -0.770161 7.772941 0.345746
v -0.511442 7.749087 0.633702
v -0.703411 7.566513 0.462673
v -0.787101 7.490373 0.417179
v -0.298213 7.637269 0.778681
v -0.592426 7.350348 0.598515
v -0.669421 7.277650 0.561312
v -0.196051 7.564038 0.827541
v -0.593990 7.212493 0.622902
v -0.507141 7.283232 0.659383
v -0.091418 7.296780 0.866892
v -0.207922 7.138769 0.822347
v -0.289493 7.184056 0.783973
v -0.354900 7.138615 0.763160
v 0.511430 7.748640 0.633269
v 0.770198 7.773174 0.345884
v 0.703225 7.566877 0.462871
v 0.786244 7.490882 0.417020
v 0.298280 7.637116 0.778576
v 0.592195 7.350421 0.598681
v 0.668817 7.277703 0.561446
v 0.196181 7.564014 0.827101
v 0.507111 7.283208 0.659326
v 0.594025 7.212439 0.623029
v 0.091486 7.296524 0.866826
v 0.289606 7.184258 0.784100
v 0.207957 7.139104 0.822126
v 0.354947 7.138897 0.763186
v -0.664669 6.728372 0.323818
v -0.590155 6.785620 0.417182
v 0.664854 6.728334 0.323949
v 0.590154 6.785556 0.417135
v -0.485495 6.564779 0.379593
v -0.356153 6.749102 0.580610
v -0.568488 6.430879 0.281328
v 0.356210 6.749066 0.580663
v 0.485655 6.564529 0.379379
v 0.569120 6.430497 0.282275
v -0.375426 6.488806 0.423488
v -0.257156 6.732059 0.624930
v -0.456459 6.301620 0.317299
v 0.257179 6.732043 0.624957
v 0.375616 6.488743 0.423402
v 0.456881 6.301483 0.317231
v -0.255126 6.410458 0.431067
v -0.150559 6.697384 0.641620
v -0.334252 6.177686 0.361081
v 0.150475 6.697387 0.641639
v 0.255124 6.410410 0.431107
v 0.334320 6.177658 0.361165
v -0.117385 6.359726 0.430779
v -0.190732 6.113967 0.389522
v 0.035137 6.649833 0.622806
v 0.117443 6.359722 0.430771
v -0.035017 6.650131 0.622551
v 0.190794 6.113981 0.389652
v -0.369602 7.633828 0.907587
v -0.260290 7.562412 0.962105
v -0.008830 7.545690 1.001057
v -0.221158 7.727814 0.942506
v -0.608002 7.755038 0.746018
v -0.564946 7.870285 0.746692
v -0.891306 7.907866 0.349850
v -0.881958 7.802047 0.438926
v 0.008858 7.545622 1.001080
v 0.221189 7.727768 0.942484
v 0.260204 7.562356 0.961796
v 0.369624 7.633794 0.907559
v 0.564983 7.870181 0.746691
v 0.607834 7.754911 0.745789
v 0.882078 7.802110 0.439010
v 0.891301 7.907906 0.349843
v 0.000000 8.489570 0.492946
v 0.000000 8.489570 0.492946
v 0.000000 8.489570 0.492946
v 0.000000 8.489570 0.492946
v -0.008080 8.640769 0.008609
v -0.008080 8.640769 0.008609
v -0.008080 8.640769 0.008609
v -0.008080 8.640769 0.008609
v 0.000000 8.611216 -0.258659
v 0.000000 8.611216 -0.258659
v 0.000000 8.611216 -0.258659
v 0.000000 8.611216 -0.258659
v 1.898369 5.281962 0.356919
v -1.817075 5.281962 0.356919
v 1.493375 2.414224 0.479603
v -1.412081 2.414224 0.479603
v 1.493375 2.414224 -0.479603
v -1.412081 2.414224 -0.479603
v 1.898369 5.281962 -0.356919
v -1.817075 5.281962 -0.356919
v 1.354786 3.884840 0.736920
v 1.354786 3.884840 -0.736920
v -1.273492 3.884840 -0.736920
v -1.273492 3.884840 0.736920
v 1.531517 3.090639 -0.822079
v 1.531517 3.090639 0.822079
v -1.450224 3.090639 0.822079
v -1.450224 3.090639 -0.822079
v 1.525963 4.679041 0.352496
v 1.525963 4.679041 -0.352496
v -1.444669 4.679041 -0.352496
v -1.444669 4.679041 0.352496
v 0.040647 5.711073 0.706722
v 0.040647 4.797956 1.059320
v 0.040647 3.884840 1.139201
v 0.040647 2.971724 0.961763
v 0.040647 1.819171 0.611050
v 0.000001 1.819171 -0.611050
v 0.040647 2.971724 -0.961763
v 0.040647 3.884840 -1.069980
v 0.040647 4.797956 -1.010251
v 0.040647 5.711073 -0.706722
v 0.670790 5.803192 0.706722
v 0.770011 4.797956 0.907673
v 0.796099 3.884840 0.987554
v 0.897696 2.971724 0.961763
v 0.635952 2.049752 0.813782
v 0.641211 2.049752 -0.611050
v 0.897696 2.971724 -0.961763
v 0.796099 3.884840 -1.069979
v 0.770011 4.797956 -1.010251
v 0.670790 5.803192 -0.706722
v -0.714806 3.884840 0.987555
v -0.688718 4.797956 0.907673
v -0.589496 5.803192 0.706722
v -0.589496 5.803192 -0.706722
v -0.688718 4.797956 -1.010251
v -0.714806 3.884840 -1.069980
v -0.816403 2.971724 -0.961763
v -0.559918 2.049752 -0.611050
v -0.554658 2.049752 0.614257
v -0.816403 2.971724 0.961763
v 1.493375 2.414224 0.000000
v -1.412081 2.414224 0.000000
v -0.559918 2.049752 0.000000
v 0.641211 2.049752 0.000000
v 1.493375 2.414224 0.239802
v 1.531517 3.090639 0.411040
v 1.354786 3.884840 0.368460
v 1.525963 4.679041 0.176248
v 1.898369 5.281962 0.178460
v 0.670790 5.803192 0.353361
v 0.040647 5.711073 0.353361
v -0.589496 5.803192 0.353361
v -1.817075 5.281962 0.178460
v -1.444669 4.679041 0.176248
v -1.273492 3.884840 0.368460
v -1.450224 3.090639 0.411040
v -1.412081 2.414224 0.239802
v -0.559918 2.049752 0.305525
v 0.641211 2.049752 0.305525
v 1.898369 5.281962 -0.178460
v 1.525963 4.679041 -0.176248
v 1.354786 3.884840 -0.368460
v 1.531517 3.090639 -0.411040
v 1.493375 2.414224 -0.239802
v 0.641211 2.049752 -0.305525
v -0.559918 2.049752 -0.305525
v -1.412081 2.414224 -0.239802
v -1.450224 3.090639 -0.411040
v -1.273492 3.884840 -0.368460
v -1.444669 4.679041 -0.176248
v -1.817075 5.281962 -0.178460
v -0.589496 5.803192 -0.353361
v 0.040647 5.711073 -0.353361
v 0.670790 5.803192 -0.353361
v 0.641211 2.049752 0.305525
v 0.641211 2.049752 0.000000
v -1.412081 2.414224 0.000000
v 0.641211 2.049752 0.305525
v 0.641211 2.049752 0.000000
v -1.412081 2.414224 0.000000
v -1.412081 2.414224 -0.239802
v -1.412081 2.414224 -0.479603
v 0.641211 2.049752 -0.305525
v 0.641211 2.049752 -0.611050
v 0.641211 2.049752 0.000000
v 0.641211 2.049752 0.305525
v 0.641211 2.049752 0.000000
v -1.412081 2.414224 0.000000
v -1.412081 2.414224 -0.239802
v -1.412081 2.414224 -0.479603
v 0.641211 2.049752 -0.305525
v 0.641211 2.049752 -0.611050
v 0.641211 2.049752 0.000000
v -1.412081 2.414224 -0.239802
v -1.412081 2.414224 0.000000
v 0.641211 2.049752 0.305525
v 0.641211 2.049752 0.000000
v -1.412081 2.414224 0.000000
v 0.040647 1.819171 0.305525
v 0.641211 2.049752 0.305525
v 0.000001 1.819171 -0.305525
v 0.681858 2.049752 -0.305525
v 0.681858 2.049752 -0.611050
v 0.040647 1.819171 0.000000
v 0.641211 2.049752 0.000000
v -1.412081 2.414224 -0.239802
v -1.412081 2.414224 -0.479603
v 0.641211 2.049752 -0.305525
v 0.641211 2.049752 -0.611050
v 0.641211 2.049752 0.000000
v -1.412081 2.414224 -0.239802
v -1.412081 2.414224 0.000000
v -1.412081 2.414224 0.000000
v -1.412081 2.414224 -0.239802
v -1.412081 2.414224 -0.479603
v -1.412081 2.414224 -0.239802
v -1.412081 2.414224 0.000000
v -1.412081 2.414224 0.239802
v -0.554658 2.049752 0.614257
v -1.412081 2.414224 0.479603
v -1.412081 2.414224 0.000000
v 0.040647 1.819171 0.305525
v 0.040647 1.819171 0.611050
v -0.554658 2.049752 0.614257
v 0.040647 1.819171 -0.305525
v 0.040647 1.819171 -0.611050
v 0.040647 1.819171 0.000000
v -1.412081 2.414224 -0.239802
v -1.412081 2.414224 -0.479603
v -1.412081 2.414224 -0.239802
v -1.412081 2.414224 0.000000
v -1.412081 2.414224 0.239802
v -0.559918 2.049752 0.305525
v -0.554658 2.049752 0.614257
v -1.412081 2.414224 0.479603
v 0.040647 1.819171 0.305525
v 0.040647 1.819171 0.611050
v -0.554658 2.049752 0.614257
v -0.559918 2.049752 -0.611050
v -0.559918 2.049752 -0.305525
v -1.412081 2.414224 -0.239802
v -1.412081 2.414224 -0.479603
v 0.040647 1.819171 -0.305525
v 0.040647 1.819171 -0.611050
v -1.412081 2.414224 0.000000
v -0.559918 2.049752 0.000000
v 0.040647 1.819171 0.000000
v -1.412081 2.414224 -0.239802
v -1.412081 2.414224 0.000000
v -0.559918 2.049753 0.305525
v -0.554658 2.049753 0.614257
v -1.412082 2.414225 0.479603
v -1.412082 2.414225 0.239802
v -1.412082 2.414225 0.000000
v -0.559918 2.049753 0.000000
v -1.412082 2.414225 0.000000
v -1.412082 2.414225 -0.239802
v -0.559918 2.049753 -0.305525
v -1.412082 2.414225 -0.239802
v -1.412082 2.414225 -0.479603
v -0.559918 2.049753 -0.611050
v 0.040647 1.819172 -0.611050
v 0.040647 1.819172 -0.305525
v 0.040647 1.819172 0.000000
v 0.040647 1.819172 0.305525
v 0.040647 1.819172 0.611050
v -0.554658 2.049753 0.614257
v -1.817075 5.281962 0.178460
v -1.817075 5.281962 0.356919
v -1.444669 4.679041 0.176248
v -1.444669 4.679041 0.352496
v -1.444669 4.679041 -0.176248
v -1.817075 5.281962 -0.178460
v -1.817075 5.281962 -0.356919
v -1.444669 4.679041 -0.352496
v 1.525963 4.679041 0.176248
v 1.898369 5.281962 0.178460
v 1.898369 5.281962 0.356919
v 1.525963 4.679041 0.352496
v 1.898369 5.281962 -0.356919
v 1.898369 5.281962 -0.178460
v 1.525963 4.679041 -0.176248
v 1.525963 4.679041 -0.352496
v -2.145731 4.658637 0.214074
v -2.145731 4.658637 0.428148
v -1.397233 4.255652 0.211421
v -1.397233 4.255652 0.422842
v -1.397233 4.255652 -0.211421
v -2.145731 4.658637 -0.214074
v -2.145731 4.658637 -0.428148
v -1.397233 4.255652 -0.422842
v 1.478527 4.255652 0.211421
v 2.227025 4.658637 0.214074
v 2.227024 4.658637 0.428148
v 1.478527 4.255652 0.422842
v 2.227025 4.658637 -0.428148
v 2.227025 4.658637 -0.214074
v 1.478527 4.255652 -0.211421
v 1.478527 4.255652 -0.422842
v -3.241824 3.961105 0.214074
v -3.241824 3.961106 0.428148
v -1.512876 3.930743 0.211421
v -2.493326 3.930743 0.422842
v -1.512876 3.930743 -0.211421
v -3.241824 3.961105 -0.214074
v -3.241824 3.961106 -0.428148
v -2.493326 3.930743 -0.422842
v 1.594169 3.930743 0.211421
v 3.323117 3.961105 0.214074
v 3.323117 3.961106 0.428148
v 2.574620 3.930743 0.422842
v 3.323117 3.961105 -0.428149
v 3.323117 3.961105 -0.214074
v 1.594169 3.930743 -0.211421
v 2.574620 3.930743 -0.422842
v -3.265597 3.375047 0.214073
v -3.265597 3.375047 0.428148
v -1.536649 3.344685 0.211420
v -2.517099 3.344685 0.422841
v -1.536649 3.344685 -0.211420
v -3.265597 3.375047 -0.214073
v -3.265597 3.375047 -0.428148
v -2.517099 3.344685 -0.422841
v 1.617943 3.344685 0.211420
v 3.346890 3.375047 0.214073
v 3.346890 3.375047 0.428148
v 2.598393 3.344685 0.422842
v 3.346890 3.375047 -0.428149
v 3.346890 3.375047 -0.214074
v 1.617943 3.344685 -0.211421
v 2.598393 3.344685 -0.422842
v -3.290707 2.756056 0.214072
v -3.290706 2.756056 0.428147
v -2.542209 2.725694 0.211419
v -2.542208 2.725693 0.422841
v -2.542209 2.725694 -0.211419
v -3.290707 2.756056 -0.214072
v -3.290706 2.756056 -0.428147
v -2.542208 2.725693 -0.422841
v 2.623502 2.725693 0.211420
v 3.372000 2.756056 0.214073
v 3.372000 2.756056 0.428148
v 2.623502 2.725693 0.422841
v 3.371999 2.756056 -0.428149
v 3.371999 2.756056 -0.214074
v 2.623502 2.725693 -0.211420
v 2.623502 2.725693 -0.422842
v 0.307635 3.296941 -1.150925
v -0.307635 3.296941 -1.150925
v -0.615270 2.835489 -0.884506
v -0.307635 2.374036 -0.618086
v 0.307635 2.374036 -0.618086
v 0.615270 2.835489 -0.884506
v 0.307635 3.463178 -0.862994
v -0.307635 3.463178 -0.862994
v -0.615270 3.001726 -0.596574
v -0.307635 2.540273 -0.330155
v 0.307635 2.540273 -0.330155
v 0.615270 3.001726 -0.596574
v 0.000000 3.001726 -0.596574
v 0.231875 2.671553 -1.971688
v -0.231875 2.671553 -1.971688
v -0.463750 2.323741 -1.770879
v -0.231875 1.975929 -1.570070
v 0.231875 1.975929 -1.570070
v 0.463750 2.323741 -1.770879
v 0.231875 1.837886 -2.906130
v -0.231875 1.837886 -2.906130
v -0.463750 1.490073 -2.705321
v -0.231875 1.142260 -2.504511
v 0.231875 1.142260 -2.504511
v 0.463750 1.490073 -2.705321
v 0.064684 0.837655 -4.059413
v -0.064683 0.837655 -4.059413
v -0.129367 0.740630 -4.003396
v -0.064683 0.643605 -3.947379
v 0.064683 0.643605 -3.947379
v 0.129367 0.740630 -4.003396
v 0.027588 0.774625 -4.773709
v -0.027588 0.774625 -4.773709
v 0.000000 0.733243 -4.749817
v -0.055175 0.733243 -4.749817
v -0.027588 0.691861 -4.725924
v 0.027588 0.691861 -4.725925
v 0.055176 0.733243 -4.749817
v -0.087229 1.205214 -3.028288
v 0.159063 1.205214 -3.028288
v -0.087229 1.082067 -3.241583
v 0.159063 1.082067 -3.241583
v 0.035917 1.935443 -3.592083
v -0.087229 1.661690 -2.320863
v 0.159063 1.661690 -2.320863
v -0.087229 1.538543 -2.534158
v 0.159063 1.538543 -2.534158
v 0.035917 2.391920 -2.884657
v -0.359560 5.220709 0.359560
v 0.359560 5.220709 0.359560
v -0.359560 5.939828 0.359560
v 0.359560 5.939828 0.359560
v -0.359560 5.939828 -0.359560
v 0.359560 5.939828 -0.359560
v -0.359560 5.220709 -0.359560
v 0.359560 5.220709 -0.359560
v -1.930600 0.154340 -0.242400
v -1.976308 0.154345 -0.070842
v -0.720701 0.190522 0.131678
v -0.779638 0.190503 0.349579
v -1.176202 0.165337 -0.689650
v -0.925865 0.164997 -0.389781
v -1.839215 0.154335 -0.584435
v -1.793536 0.154335 -0.754910
v -0.603566 0.190541 -0.303421
v -0.545368 0.190541 -0.520619
v -1.884893 0.154335 -0.413959
v -0.984063 0.164997 -0.172582
v -0.661764 0.190541 -0.086223
v -1.839215 0.154335 -0.584435
v -1.884893 0.154335 -0.413959
v -0.459818 1.483224 0.766839
v -0.465855 1.483224 0.474175
v -1.381679 1.483227 0.509357
v -1.474148 1.483227 0.309402
v -0.138761 1.416390 0.530941
v -0.081521 1.483223 0.474175
v -0.459818 1.483224 0.766839
v -1.566396 1.483227 -0.042769
v -0.465855 1.483224 -0.105072
v -1.566396 1.483227 -0.270090
v -0.465855 1.483224 -0.641205
v -0.079323 1.483223 -0.105072
v -0.185885 1.483223 -0.394695
v -0.081521 1.483223 0.184552
v -1.566396 1.483227 -0.042769
v -1.941501 0.508865 -0.246412
v -1.987180 0.508865 -0.075936
v -0.793877 0.544391 0.343962
v -0.735679 0.544391 0.126764
v -0.677481 0.544391 -0.090434
v -0.619283 0.544391 -0.307632
v -0.561085 0.544391 -0.524830
v -1.178838 0.519527 -0.690357
v -1.804465 0.508865 -0.757839
v -1.850144 0.508865 -0.587363
v -0.936794 0.519527 -0.392709
v -1.850144 0.508865 -0.587363
v -1.895823 0.508865 -0.416887
v -0.994993 0.519527 -0.175511
v -1.895823 0.508865 -0.416887
v -0.979049 0.402051 1.371412
v -1.107952 0.397159 1.337385
v -1.100484 0.322853 1.339791
v -0.971575 0.327789 1.373792
v -1.987180 0.508865 -0.075936
v -1.976308 0.154345 -0.070842
v -2.148038 0.297760 0.979092
v -1.917768 0.300375 1.061978
v -1.920540 0.373672 1.060836
v -2.150289 0.371144 0.978037
v -0.793877 0.544391 0.343962
v -0.779638 0.190503 0.349579
v 0.032456 2.482591 0.489291
v 0.032456 2.373464 0.688591
v -1.339990 2.747157 0.093858
v -1.339990 2.747157 -0.082631
v -1.339990 2.747157 -0.435609
v 0.032456 2.698577 0.094831
v -1.339990 2.747157 -0.435609
v -1.339990 2.747157 -0.612099
v 0.032456 2.806569 -0.102399
v 0.032456 2.650108 -0.188069
v 0.032456 2.542116 0.009161
v 0.032456 2.434123 0.206391
v 0.032456 2.326130 0.403621
v 0.032456 2.218137 0.600850
v 0.032456 2.373464 0.688591
v -1.029948 0.165323 0.049907
v -1.072321 0.166979 0.273726
v -0.465855 1.483224 0.184552
v -1.566396 1.483227 0.148367
v -1.107904 0.521079 0.262263
v -1.053191 0.519527 0.041687
v 1.493187 0.478411 -0.662041
v 1.492934 0.393147 -0.506312
v 0.227696 0.487004 -0.602398
v 0.228228 0.378577 -0.404414
v 0.880251 0.789310 -1.206945
v 0.560833 0.681019 -1.009879
v 1.493440 0.648436 -0.972573
v 1.493440 0.733198 -1.127376
v 0.227164 0.703424 -0.997611
v 0.227164 0.811417 -1.194841
v 1.493440 0.563674 -0.817770
v 0.560833 0.573026 -0.812650
v 0.227164 0.595432 -0.800382
v 1.493440 0.648436 -0.972573
v 1.493440 0.563674 -0.817770
v 0.524731 1.236539 0.720343
v 0.530768 1.377096 0.463641
v 1.446591 1.360201 0.494501
v 1.539060 1.456233 0.319116
v 0.203674 1.291211 0.481334
v 0.146433 1.377095 0.463640
v 0.524731 1.236539 0.720343
v 1.631308 1.625369 0.010219
v 0.530768 1.655288 -0.044429
v 1.631308 1.734543 -0.189169
v 0.530768 1.912776 -0.514684
v 0.144235 1.655287 -0.044430
v 0.250797 1.794384 -0.298465
v 0.146433 1.516191 0.209605
v 1.631308 1.625369 0.010219
v 1.504755 0.789879 -0.492698
v 1.504755 0.705117 -0.337895
v 0.243435 0.689815 -0.235980
v 0.243435 0.797808 -0.433209
v 0.243435 0.905801 -0.630439
v 0.243435 1.013794 -0.827669
v 0.243435 1.121786 -1.024899
v 0.882980 1.099978 -1.036840
v 1.504755 1.044165 -0.957106
v 1.504755 0.959403 -0.802304
v 0.572147 0.991985 -0.839610
v 1.504755 0.959403 -0.802304
v 1.504755 0.874641 -0.647501
v 0.572147 0.883992 -0.642381
v 1.504755 0.874641 -0.647501
v 0.156374 0.065313 0.608187
v 0.289691 0.060784 0.606273
v 0.281856 -0.004580 0.570929
v 0.148539 0.000000 0.572842
v 1.504755 0.705117 -0.337895
v 1.492934 0.393147 -0.506312
v 1.387070 0.010526 0.491092
v 1.143194 0.002993 0.510297
v 1.146167 0.067468 0.545161
v 1.389517 0.075104 0.525954
v 0.243435 0.689815 -0.235980
v 0.228228 0.378577 -0.404414
v 1.404902 2.668373 0.737082
v 1.404902 2.753134 0.582279
v 1.404902 2.922658 0.272674
v 1.404902 2.922658 0.272674
v 1.404902 3.007420 0.117871
v 0.547569 0.464396 -0.613576
v 0.564156 0.356751 -0.248038
v 0.530768 1.516192 0.209606
v 1.631308 1.533572 0.177869
v 0.567907 0.463267 -0.285126
v 0.572147 0.775999 -0.445151
v 0.032456 2.698577 0.094831
v 0.032456 2.698577 0.094831
v 0.032456 2.698577 0.094831
v -1.029948 0.165323 0.049907
v -1.029948 0.165323 0.049907
v -1.029948 0.165323 0.049907
v -1.029948 0.165323 0.049907
v -1.029948 0.165323 0.049907
v -1.072321 0.166979 0.273726
v -1.072321 0.166979 0.273726
v -1.072321 0.166979 0.273726
v -1.072321 0.166979 0.273726
v -1.072321 0.166979 0.273726
v -1.072321 0.166979 0.273726
v -1.072321 0.166979 0.273726
v -1.072321 0.166979 0.273726
v -0.465855 1.483224 0.184552
v -1.566396 1.483227 0.148367
v -1.566396 1.483227 0.148367
v -1.566396 1.483227 0.148367
v -1.107904 0.521079 0.262263
v -1.107904 0.521079 0.262263
v -1.107904 0.521079 0.262263
v -1.107904 0.521079 0.262263
v -1.107904 0.521079 0.262263
v -1.107904 0.521079 0.262263
v -1.107904 0.521079 0.262263
v -1.107904 0.521079 0.262263
v -1.107904 0.521079 0.262263
v -1.107904 0.521079 0.262263
v -1.107904 0.521079 0.262263
v -1.053191 0.519527 0.041687
v -1.053191 0.519527 0.041687
v -1.053191 0.519527 0.041687
v 0.547569 0.464396 -0.613576
v 0.547569 0.464396 -0.613576
v 0.547569 0.464396 -0.613576
v 0.547569 0.464396 -0.613576
v 0.547569 0.464396 -0.613576
v 0.564156 0.356751 -0.248038
v 0.564156 0.356751 -0.248038
v 0.564156 0.356751 -0.248038
v 0.564156 0.356751 -0.248038
v 0.564156 0.356751 -0.248038
v 0.564156 0.356751 -0.248038
v 0.564156 0.356751 -0.248038
v 0.564156 0.356751 -0.248038
v 0.530768 1.516192 0.209606
v 1.631308 1.533572 0.177869
v 1.631308 1.533572 0.177869
v 1.631308 1.533572 0.177869
v 0.567907 0.463267 -0.285126
v 0.567907 0.463267 -0.285126
v 0.567907 0.463267 -0.285126
v 0.567907 0.463267 -0.285126
v 0.567907 0.463267 -0.285126
v 0.567907 0.463267 -0.285126
v 0.567907 0.463267 -0.285126
v 0.567907 0.463267 -0.285126
v 0.567907 0.463267 -0.285126
v 0.567907 0.463267 -0.285126
v 0.567907 0.463267 -0.285126
v 0.572147 0.775999 -0.445151
v 0.572147 0.775999 -0.445151
v 0.572147 0.775999 -0.445151
v -1.339990 2.747157 -0.259120
v 0.032456 2.590584 0.292061
v -0.465855 1.483224 0.184552
v -1.566396 1.483227 0.148367
v -1.339990 2.747157 -0.082631
v -1.339990 2.747157 -0.259120
v -1.566396 1.483227 0.148367
v -1.474148 1.483227 0.309402
v 0.032456 2.590584 0.292061
v -1.339990 2.747157 -0.259120
v -1.566396 1.483227 0.148367
v -0.465855 1.483224 0.184552
v -1.339990 2.747157 -0.259120
v -1.339990 2.747157 -0.435609
v -1.566396 1.483227 -0.042769
v -1.566396 1.483227 0.148367
v 1.404902 2.837896 0.427476
v 1.631308 1.533572 0.177869
v 0.530768 1.516192 0.209606
v 0.032456 2.590584 0.292061
v 1.404902 2.753134 0.582279
v 1.539060 1.456233 0.319116
v 1.631308 1.533572 0.177869
v 1.404902 2.837896 0.427476
v 0.032456 2.590584 0.292061
v 0.530768 1.516192 0.209606
v 1.631308 1.533572 0.177869
v 1.404902 2.837896 0.427476
v 1.404902 2.837896 0.427476
v 1.631308 1.533572 0.177869
v 1.631308 1.625369 0.010219
v 1.404902 2.922658 0.272674
v 0.277635 8.124170 -0.138027
v 0.523927 8.124170 -0.138027
v 0.277635 8.124170 -0.384319
v 0.523927 8.124170 -0.384319
v 0.400781 9.038465 -0.261173
vt 0.196006 0.117852
vt 0.168448 0.202181
vt 0.169598 0.102870
vt 0.165851 0.105584
vt 0.192259 0.120567
vt 0.157187 0.107575
vt 0.129629 0.191904
vt 0.130779 0.092593
vt 0.127032 0.095307
vt 0.153440 0.110290
vt 0.420869 0.072826
vt 0.444692 0.126912
vt 0.417501 0.074574
vt 0.468270 0.074573
vt 0.471638 0.072824
vt 0.205137 0.005530
vt 0.228960 0.059617
vt 0.201769 0.007278
vt 0.252538 0.007277
vt 0.255906 0.005529
vt 0.804233 0.923221
vt 0.834955 0.992970
vt 0.799890 0.925476
vt 0.865360 0.925474
vt 0.869704 0.923220
vt 0.994913 0.277761
vt 0.947529 0.309930
vt 0.988701 0.268933
vt 0.947524 0.249131
vt 0.953736 0.257959
vt 0.043632 0.181222
vt 0.067455 0.235309
vt 0.040264 0.182971
vt 0.091033 0.182969
vt 0.094401 0.181221
vt 0.811958 0.044117
vt 0.757135 0.047459
vt 0.817963 0.047449
vt 0.796259 0.003422
vt 0.790254 0.000090
vt 0.996938 0.349308
vt 0.949554 0.381477
vt 0.990726 0.340480
vt 0.949549 0.320678
vt 0.955761 0.329506
vt 0.994835 0.408472
vt 0.947452 0.440641
vt 0.988624 0.399644
vt 0.947447 0.379842
vt 0.953658 0.388670
vt 0.979552 0.488658
vt 0.952803 0.528899
vt 1.001611 0.494974
vt 0.973604 0.477061
vt 0.951545 0.470746
vt 0.511141 0.047984
vt 0.456318 0.051326
vt 0.517146 0.051316
vt 0.495442 0.007289
vt 0.489437 0.003957
vt 0.838443 0.616136
vt 0.830272 0.615762
vt 0.830865 0.610505
vt 0.841033 0.609719
vt 0.848118 0.609810
vt 0.858305 0.610499
vt 0.858929 0.615761
vt 0.850757 0.616126
vt 0.844589 0.643980
vt 0.854996 0.643327
vt 0.844592 0.649366
vt 0.834183 0.643385
vt 0.844580 0.633853
vt 0.829820 0.633463
vt 0.859336 0.633400
vt 0.837605 0.619028
vt 0.829284 0.618468
vt 0.844586 0.627351
vt 0.862547 0.625333
vt 0.851609 0.619013
vt 0.860013 0.618461
vt 0.826622 0.625395
vt 0.864811 0.642388
vt 0.865474 0.633557
vt 0.823713 0.633650
vt 0.824378 0.642507
vt 0.866948 0.624493
vt 0.822260 0.624559
vt 0.869252 0.614333
vt 0.820861 0.616914
vt 0.870216 0.611293
vt 0.819954 0.614445
vt 0.818963 0.611408
vt 0.878465 0.638539
vt 0.881270 0.612397
vt 0.807898 0.612642
vt 0.904063 0.604578
vt 0.903818 0.637163
vt 0.810715 0.638788
vt 0.785355 0.637647
vt 0.785072 0.605020
vt 0.882390 0.608541
vt 0.806772 0.608787
vt 0.905222 0.598380
vt 0.783898 0.598822
vt 0.912077 0.639083
vt 0.914160 0.600912
vt 0.777095 0.639642
vt 0.774971 0.601420
vt 0.915232 0.590897
vt 0.773854 0.591413
vt 0.956949 0.596586
vt 0.961514 0.661852
vt 0.937800 0.659892
vt 0.751410 0.660651
vt 0.727716 0.662666
vt 0.732176 0.597090
vt 0.955904 0.584596
vt 0.733253 0.585088
vt 0.904188 0.554570
vt 0.917547 0.544112
vt 0.943410 0.533978
vt 0.771488 0.544680
vt 0.784871 0.554986
vt 0.745649 0.534559
vt 0.958788 0.704259
vt 0.934448 0.701857
vt 0.755201 0.702811
vt 0.730899 0.705435
vt 0.403655 0.850794
vt 0.430709 0.847234
vt 0.442255 0.882354
vt 0.418181 0.888900
vt 0.636258 0.848848
vt 0.663264 0.852803
vt 0.648191 0.890625
vt 0.624206 0.883733
vt 0.463661 0.843160
vt 0.470134 0.876900
vt 0.603355 0.844269
vt 0.596400 0.877863
vt 0.496506 0.841977
vt 0.498076 0.873342
vt 0.570533 0.842577
vt 0.568510 0.873871
vt 0.520372 0.841771
vt 0.521968 0.870972
vt 0.546670 0.842040
vt 0.544645 0.871100
vt 0.409059 0.793070
vt 0.438281 0.795977
vt 0.629475 0.797583
vt 0.658744 0.795126
vt 0.461238 0.796136
vt 0.606510 0.797356
vt 0.499474 0.798177
vt 0.568237 0.798721
vt 0.522912 0.797953
vt 0.544829 0.798077
vt 0.414415 0.783868
vt 0.442991 0.789063
vt 0.624880 0.790613
vt 0.653543 0.785865
vt 0.443338 0.746555
vt 0.472401 0.753819
vt 0.596096 0.754951
vt 0.625305 0.748241
vt 0.464616 0.789255
vt 0.603245 0.790430
vt 0.499839 0.789932
vt 0.568003 0.790474
vt 0.524167 0.789168
vt 0.543707 0.789351
vt 0.490554 0.754546
vt 0.577912 0.755292
vt 0.506490 0.755238
vt 0.561959 0.755602
vt 0.529132 0.754706
vt 0.539387 0.754547
vt 0.891263 0.545218
vt 0.895726 0.531487
vt 0.875625 0.537189
vt 0.879470 0.527148
vt 0.859068 0.522245
vt 0.858251 0.533513
vt 0.830629 0.533116
vt 0.813360 0.537089
vt 0.809480 0.527079
vt 0.829856 0.520860
vt 0.931370 0.516830
vt 0.757617 0.517582
vt 0.914583 0.497970
vt 0.896764 0.488740
vt 0.870044 0.478618
vt 0.791967 0.490093
vt 0.818551 0.480621
vt 0.612983 0.733595
vt 0.455980 0.732041
vt 0.474454 0.718106
vt 0.485134 0.743155
vt 0.489303 0.708312
vt 0.499793 0.738438
vt 0.521694 0.733329
vt 0.512639 0.700553
vt 0.569008 0.739019
vt 0.547207 0.733105
vt 0.557167 0.701516
vt 0.580285 0.709484
vt 0.583579 0.744072
vt 0.594860 0.719442
vt 0.774271 0.499045
vt 0.793240 0.531852
vt 0.797755 0.545495
vt 0.844820 0.701329
vt 0.828808 0.701429
vt 0.844730 0.684349
vt 0.860848 0.701266
vt 0.818646 0.721081
vt 0.795909 0.710172
vt 0.845081 0.732429
vt 0.893865 0.709624
vt 0.871298 0.720767
vt 0.920191 0.738033
vt 0.770036 0.738931
vt 0.864612 0.773154
vt 0.826333 0.773360
vt 0.526263 0.900544
vt 0.540029 0.900546
vt 0.950843 0.738812
vt 0.739368 0.740100
vt 0.757989 0.805716
vt 0.796211 0.788653
vt 0.932833 0.805741
vt 0.894833 0.788199
vt 0.435181 0.922989
vt 0.458911 0.914470
vt 0.607109 0.915560
vt 0.630728 0.924410
vt 0.488934 0.000423
vt 0.510352 0.000114
vt 0.550738 0.001387
vt 0.510332 0.001400
vt 0.485676 0.908863
vt 0.580419 0.909561
vt 0.510686 0.904671
vt 0.555466 0.904999
vt 0.579215 0.971574
vt 0.598139 0.982246
vt 0.486062 0.970855
vt 0.467557 0.982235
vt 0.532893 0.935291
vt 0.523970 0.956550
vt 0.541564 0.956657
vt 0.784685 0.595258
vt 0.808683 0.604440
vt 0.777530 0.584798
vt 0.787271 0.559032
vt 0.880468 0.604221
vt 0.904422 0.594829
vt 0.911509 0.584328
vt 0.901791 0.558659
vt 0.794613 0.587866
vt 0.790884 0.581774
vt 0.797825 0.564969
vt 0.805333 0.575513
vt 0.813763 0.593747
vt 0.898170 0.581417
vt 0.894468 0.587533
vt 0.883730 0.575259
vt 0.891215 0.564677
vt 0.875364 0.593586
vt 0.869794 0.606073
vt 0.819365 0.606178
vt 0.800645 0.548302
vt 0.858558 0.605431
vt 0.888396 0.548085
vt 0.815018 0.572728
vt 0.822197 0.594314
vt 0.807882 0.558089
vt 0.866942 0.594225
vt 0.874048 0.572585
vt 0.881148 0.557915
vt 0.830585 0.605430
vt 0.814870 0.540347
vt 0.874112 0.540429
vt 0.824873 0.568774
vt 0.831159 0.593381
vt 0.819106 0.551945
vt 0.857977 0.593349
vt 0.864165 0.568742
vt 0.869870 0.551923
vt 0.847820 0.602956
vt 0.841323 0.602833
vt 0.829067 0.537063
vt 0.859827 0.537375
vt 0.835530 0.566262
vt 0.830340 0.549120
vt 0.847607 0.591239
vt 0.853482 0.566368
vt 0.841556 0.591254
vt 0.858588 0.549182
vt 0.834090 0.660943
vt 0.844629 0.661971
vt 0.824761 0.682461
vt 0.855156 0.660868
vt 0.864686 0.682281
vt 0.816128 0.691201
vt 0.825210 0.685844
vt 0.841938 0.685374
vt 0.827193 0.698842
vt 0.862431 0.698667
vt 0.847533 0.685343
vt 0.864261 0.685662
vt 0.873408 0.690924
vt 0.795899 0.707051
vt 0.793712 0.697928
vt 0.895907 0.697383
vt 0.893837 0.706510
vt 0.757104 0.700904
vt 0.760905 0.693152
vt 0.928636 0.692286
vt 0.932526 0.699979
vt 0.765374 0.684875
vt 0.773332 0.671721
vt 0.791854 0.687820
vt 0.759589 0.690298
vt 0.758908 0.662481
vt 0.924084 0.684063
vt 0.897658 0.687273
vt 0.915969 0.671060
vt 0.929916 0.689428
vt 0.930297 0.661722
vt 0.765850 0.665810
vt 0.923330 0.665054
vt 0.878617 0.681956
vt 0.903169 0.657859
vt 0.776486 0.644943
vt 0.810814 0.682277
vt 0.786019 0.658378
vt 0.912691 0.644369
vt 0.780382 0.651851
vt 0.908776 0.651279
vt 0.785489 0.641105
vt 0.818692 0.678075
vt 0.793810 0.655141
vt 0.903676 0.640606
vt 0.870713 0.677843
vt 0.895391 0.654688
vt 0.787700 0.648701
vt 0.901475 0.648198
vt 0.809398 0.641637
vt 0.826228 0.661538
vt 0.812337 0.652307
vt 0.879771 0.641373
vt 0.863029 0.661379
vt 0.876850 0.652056
vt 0.808413 0.648112
vt 0.880769 0.647833
vt 0.823490 0.646438
vt 0.819357 0.651035
vt 0.865696 0.646300
vt 0.869836 0.650856
vt 0.793111 0.694997
vt 0.814585 0.688711
vt 0.896473 0.694449
vt 0.874924 0.688423
vt 0.317460 0.260800
vt 0.317080 0.364553
vt 0.245500 0.346193
vt 0.245556 0.245903
vt 0.058396 0.323364
vt 0.050207 0.390489
vt 0.025932 0.383537
vt 0.043205 0.315955
vt 0.737161 0.301100
vt 0.693777 0.229365
vt 0.763739 0.196443
vt 0.784571 0.263456
vt 0.333745 0.261838
vt 0.343804 0.366082
vt 0.361820 0.786589
vt 0.362595 0.800470
vt 0.306544 0.789058
vt 0.315634 0.777567
vt 0.299495 0.041681
vt 0.358158 0.031247
vt 0.353143 0.044383
vt 0.308253 0.053303
vt 0.098781 0.289845
vt 0.111590 0.314196
vt 0.453403 0.224660
vt 0.476896 0.157148
vt 0.541146 0.217017
vt 0.524389 0.265847
vt 0.094924 0.522424
vt 0.089533 0.548216
vt 0.029777 0.535503
vt 0.029591 0.519567
vt 0.114373 0.359190
vt 0.166830 0.267024
vt 0.174924 0.296703
vt 0.179922 0.352245
vt 0.166725 0.537149
vt 0.161096 0.566791
vt 0.622302 0.231908
vt 0.622819 0.294387
vt 0.228491 0.232887
vt 0.243331 0.587789
vt 0.226898 0.601024
vt 0.243253 0.489649
vt 0.317716 0.469697
vt 0.315762 0.573375
vt 0.171979 0.484753
vt 0.093052 0.476201
vt 0.005342 0.423805
vt 0.579985 0.076086
vt 0.506586 0.071494
vt 0.540758 0.008693
vt 0.596028 0.023345
vt 0.639571 0.099746
vt 0.649982 0.044003
vt 0.702038 0.105435
vt 0.715555 0.021500
vt 0.778429 0.109214
vt 0.772156 0.004096
vt 0.345171 0.470579
vt 0.332276 0.572759
vt 0.313867 0.417641
vt 0.243351 0.418537
vt 0.176546 0.418828
vt 0.109863 0.421213
vt 0.005335 0.423481
vt 0.002227 0.407432
vt 0.025931 0.383542
vt 0.483751 0.104767
vt 0.563884 0.148798
vt 0.631653 0.165085
vt 0.699264 0.165520
vt 0.773290 0.155065
vt 0.343386 0.418420
vt 0.386599 0.212137
vt 0.410928 0.189324
vt 0.447388 0.206682
vt 0.644449 0.320955
vt 0.617240 0.364311
vt 0.587898 0.361683
vt 0.681475 0.349667
vt 0.014143 0.145418
vt 0.000000 0.153056
vt 0.005655 0.088787
vt 0.017744 0.097886
vt 0.791518 0.193551
vt 0.796902 0.255383
vt 0.802631 0.152630
vt 0.805631 0.102268
vt 0.786435 0.000102
vt 0.770710 0.832689
vt 0.775813 0.898779
vt 0.761462 0.889406
vt 0.758639 0.841885
vt 0.058151 0.756161
vt 0.111215 0.715300
vt 0.117081 0.728442
vt 0.070188 0.783125
vt 0.000000 0.785858
vt 0.013429 0.815939
vt 0.157644 0.003311
vt 0.140659 0.054298
vt 0.108020 0.054293
vt 0.138553 0.000108
vt 0.476693 0.156928
vt 0.460135 0.142271
vt 0.466924 0.092610
vt 0.462332 0.144232
vt 0.476894 0.157147
vt 0.028359 0.310706
vt 0.012692 0.297472
vt 0.057010 0.242482
vt 0.127740 0.215968
vt 0.202771 0.209964
vt 0.283837 0.011940
vt 0.367438 0.000104
vt 0.365563 0.262444
vt 0.401838 0.361899
vt 0.403215 0.415837
vt 0.403913 0.470794
vt 0.364159 0.573243
vt 0.379560 0.824727
vt 0.294636 0.823523
vt 0.199571 0.623972
vt 0.132624 0.621004
vt 0.059739 0.601694
vt 0.029967 0.536016
vt 0.030220 0.536683
vt 0.002270 0.405531
vt 0.010761 0.385420
vt 0.010766 0.385412
vt 0.010760 0.385417
vt 0.000000 0.397916
vt 0.002272 0.405425
vt 0.002282 0.405095
vt 0.025931 0.383541
vt 0.025931 0.383540
vt 0.010762 0.385418
vt 0.010763 0.385416
vt 0.029927 0.535911
vt 0.029930 0.535918
vt 0.025931 0.383539
vt 0.010764 0.385415
vt 0.029919 0.535887
vt 0.239742 0.040864
vt 0.157644 0.003311
vt 0.138553 0.000107
vt 0.540756 0.008693
vt 0.462334 0.144230
vt 0.476895 0.157148
vt 0.462333 0.144231
vt 0.010760 0.385417
vt 0.000003 0.397920
vt 0.000002 0.397919
vt 0.025931 0.383538
vt 0.010765 0.385415
vt 0.029895 0.535825
vt 0.157643 0.003310
vt 0.138554 0.000107
vt 0.540756 0.008692
vt 0.476895 0.157147
vt 0.462333 0.144232
vt 0.010760 0.385417
vt 0.000002 0.397917
vt 0.239742 0.040860
vt 0.239741 0.040862
vt 0.029994 0.536086
vt 0.030216 0.536673
vt 0.029872 0.535763
vt 0.157643 0.003309
vt 0.138555 0.000106
vt 0.540754 0.008692
vt 0.239740 0.040863
vt 0.029999 0.536102
vt 0.030210 0.536657
vt 0.029848 0.535701
vt 0.157642 0.003308
vt 0.138555 0.000105
vt 0.540754 0.008691
vt 0.239740 0.040863
vt 0.030007 0.536122
vt 0.030202 0.536638
vt 0.005339 0.423829
vt 0.005342 0.423811
vt 0.029590 0.519567
vt 0.029776 0.535504
vt 0.029828 0.535647
vt 0.005333 0.423483
vt 0.002225 0.407430
vt 0.005339 0.423773
vt 0.469187 0.090115
vt 0.483048 0.104256
vt 0.002270 0.405532
vt 0.002272 0.405441
vt 0.157641 0.003307
vt 0.138556 0.000104
vt 0.540752 0.008691
vt 0.239740 0.040863
vt 0.030012 0.536134
vt 0.030158 0.536521
vt 0.005342 0.423813
vt 0.005339 0.423829
vt 0.029589 0.519566
vt 0.029775 0.535504
vt 0.005329 0.423490
vt 0.002224 0.407429
vt 0.005338 0.423755
vt 0.157641 0.003307
vt 0.239724 0.040852
vt 0.138556 0.000104
vt 0.506583 0.071494
vt 0.540751 0.008690
vt 0.469187 0.090114
vt 0.483048 0.104256
vt 0.029927 0.535911
vt 0.029815 0.535613
vt 0.002270 0.405532
vt 0.002272 0.405441
vt 0.239740 0.040863
vt 0.030039 0.536208
vt 0.030119 0.536418
vt 0.005341 0.423815
vt 0.005339 0.423829
vt 0.029587 0.519566
vt 0.029775 0.535507
vt 0.005328 0.423495
vt 0.002224 0.407426
vt 0.005336 0.423736
vt 0.157640 0.003306
vt 0.239724 0.040852
vt 0.138556 0.000103
vt 0.506582 0.071493
vt 0.540749 0.008690
vt 0.469188 0.090114
vt 0.483047 0.104255
vt 0.029927 0.535911
vt 0.029802 0.535580
vt 0.002269 0.405532
vt 0.002272 0.405441
vt 0.239724 0.040852
vt 0.239739 0.040863
vt 0.030051 0.536241
vt 0.030118 0.536417
vt 0.332277 0.572760
vt 0.315762 0.573376
vt 0.243332 0.587791
vt 0.226898 0.601026
vt 0.088105 0.792823
vt 0.096787 0.781501
vt 0.096788 0.781501
vt 0.088104 0.792824
vt 0.117080 0.728442
vt 0.111215 0.715301
vt 0.364158 0.573244
vt 0.199570 0.623973
vt 0.317451 0.260795
vt 0.333745 0.261837
vt 0.245548 0.245895
vt 0.228493 0.232887
vt 0.796903 0.255383
vt 0.784571 0.263456
vt 0.737174 0.301090
vt 0.681472 0.349670
vt 0.202770 0.209963
vt 0.365563 0.262444
vt 0.334377 0.618495
vt 0.314448 0.621835
vt 0.240790 0.631491
vt 0.227780 0.637396
vt 0.096420 0.795776
vt 0.153566 0.776435
vt 0.151658 0.793635
vt 0.144212 0.712569
vt 0.139102 0.698203
vt 0.371578 0.612571
vt 0.196505 0.655825
vt 0.317136 0.211524
vt 0.337172 0.214875
vt 0.243054 0.203003
vt 0.230118 0.196693
vt 0.797942 0.325833
vt 0.805806 0.338551
vt 0.770170 0.356358
vt 0.753479 0.352888
vt 0.687738 0.350366
vt 0.662580 0.370538
vt 0.199183 0.181550
vt 0.375711 0.220215
vt 0.387176 0.707233
vt 0.370173 0.706664
vt 0.313062 0.685785
vt 0.234023 0.670384
vt 0.257800 0.799304
vt 0.254482 0.815937
vt 0.217054 0.755961
vt 0.168099 0.694087
vt 0.421304 0.704488
vt 0.200643 0.687389
vt 0.369759 0.122211
vt 0.385932 0.123718
vt 0.313685 0.146576
vt 0.235445 0.164509
vt 0.804406 0.455903
vt 0.787318 0.458619
vt 0.742738 0.418734
vt 0.680106 0.385008
vt 0.202008 0.150805
vt 0.421145 0.120262
vt 0.387591 0.754303
vt 0.371739 0.745731
vt 0.312943 0.733444
vt 0.238103 0.723274
vt 0.666240 0.914131
vt 0.665178 0.896314
vt 0.712823 0.897177
vt 0.716642 0.914108
vt 0.667594 0.830016
vt 0.715626 0.832189
vt 0.673645 0.745963
vt 0.721219 0.751079
vt 0.418739 0.766272
vt 0.214368 0.745890
vt 0.368485 0.083252
vt 0.384550 0.075588
vt 0.310164 0.098302
vt 0.237454 0.112497
vt 0.111342 0.151875
vt 0.109918 0.170305
vt 0.058680 0.170292
vt 0.063153 0.152529
vt 0.099161 0.000104
vt 0.108029 0.084191
vt 0.060461 0.087810
vt 0.052103 0.007100
vt 0.210097 0.093745
vt 0.410846 0.057354
vt 0.854287 0.359674
vt 0.900000 0.363797
vt 0.894529 0.387161
vt 0.856241 0.382808
vt 0.944496 0.377326
vt 0.930091 0.408004
vt 0.378499 1.000000
vt 0.366237 0.954873
vt 0.389109 0.949901
vt 0.408773 0.989706
vt 0.364646 0.909512
vt 0.388663 0.911840
vt 0.374042 0.863555
vt 0.405845 0.874187
vt 0.807310 0.364447
vt 0.813711 0.396302
vt 0.895182 0.003694
vt 0.891071 0.003491
vt 0.893213 0.000089
vt 0.898906 0.003696
vt 0.004090 0.961499
vt 0.001464 0.965294
vt 0.000000 0.959599
vt 0.003757 0.957100
vt 0.000577 0.953754
vt 0.887346 0.003331
vt 0.869838 0.427728
vt 0.432191 0.930952
vt 0.863355 0.281789
vt 0.902186 0.283715
vt 0.940874 0.282594
vt 0.292413 0.995550
vt 0.286742 0.957307
vt 0.282960 0.916259
vt 0.282745 0.876855
vt 0.826324 0.276473
vt 0.868619 0.182223
vt 0.906176 0.183620
vt 0.943268 0.178307
vt 0.188842 0.999777
vt 0.187492 0.963001
vt 0.184875 0.926753
vt 0.180243 0.890516
vt 0.832322 0.174027
vt 0.886315 0.058059
vt 0.897129 0.058227
vt 0.907311 0.058894
vt 0.062443 0.969929
vt 0.065203 0.960071
vt 0.064341 0.949502
vt 0.059938 0.939861
vt 0.875788 0.058207
vt 0.038201 0.196187
vt 0.010644 0.280516
vt 0.011793 0.181205
vt 0.008046 0.183919
vt 0.034454 0.198902
vt 0.187671 0.035030
vt 0.160113 0.119359
vt 0.161263 0.020048
vt 0.157516 0.022762
vt 0.183924 0.037745
vt 0.899960 0.874705
vt 0.997656 0.874786
vt 0.997788 0.960746
vt 0.900092 0.960665
vt 0.996103 0.973959
vt 0.898407 0.973878
vt 0.995971 0.887999
vt 0.898275 0.887918
vt 0.402398 0.397335
vt 0.493345 0.403244
vt 0.496999 0.399067
vt 0.404012 0.393853
vt 0.493345 0.403244
vt 0.523846 0.407907
vt 0.525816 0.403472
vt 0.496999 0.399067
vt 0.455428 0.414519
vt 0.488033 0.411993
vt 0.399204 0.404281
vt 0.397624 0.407744
vt 0.517850 0.421168
vt 0.519863 0.416755
vt 0.400784 0.400817
vt 0.490046 0.407580
vt 0.493345 0.403244
vt 0.521876 0.412342
vt 0.493345 0.403244
vt 0.399204 0.404281
vt 0.400784 0.400817
vt 0.592536 0.657037
vt 0.599733 0.641802
vt 0.562299 0.539087
vt 0.551969 0.544113
vt 0.454246 0.677494
vt 0.470550 0.533525
vt 0.448345 0.680565
vt 0.455525 0.535997
vt 0.590436 0.641656
vt 0.597558 0.626580
vt 0.583693 0.539482
vt 0.586631 0.548299
vt 0.599733 0.641802
vt 0.562299 0.539087
vt 0.578293 0.687188
vt 0.436544 0.686706
vt 0.435431 0.541119
vt 0.532602 0.554191
vt 0.430643 0.689776
vt 0.427830 0.545074
vt 0.571171 0.702264
vt 0.514677 0.563518
vt 0.569071 0.686884
vt 0.576193 0.671808
vt 0.567463 0.558401
vt 0.548169 0.562279
vt 0.000000 0.712802
vt 0.112375 0.704353
vt 0.079009 0.607565
vt 0.000126 0.598218
vt 0.832583 0.148331
vt 0.826703 0.151771
vt 0.818681 0.002642
vt 0.832605 0.000110
vt 0.583314 0.656732
vt 0.576948 0.553338
vt 0.436544 0.686706
vt 0.578293 0.687188
vt 0.435431 0.541119
vt 0.510344 0.336964
vt 0.397970 0.345413
vt 0.398095 0.230829
vt 0.476978 0.240176
vt 0.951822 0.188318
vt 0.944184 0.192240
vt 0.943757 0.004334
vt 0.952028 0.000087
vt 0.399550 0.435513
vt 0.401130 0.432050
vt 0.491678 0.437061
vt 0.491678 0.437061
vt 0.489245 0.441327
vt 0.489245 0.441327
vt 0.491678 0.437061
vt 0.491678 0.437061
vt 0.522616 0.441573
vt 0.520603 0.445986
vt 0.518590 0.450399
vt 0.516577 0.454812
vt 0.514563 0.459224
vt 0.453437 0.452694
vt 0.394809 0.445904
vt 0.396390 0.442441
vt 0.485218 0.450152
vt 0.396390 0.442441
vt 0.441821 0.537794
vt 0.397970 0.438977
vt 0.542286 0.549152
vt 0.441821 0.537794
vt 0.487231 0.445740
vt 0.441821 0.537794
vt 0.542286 0.549152
vt 0.397970 0.438977
vt 0.441821 0.537794
vt 0.923268 0.099318
vt 0.927540 0.088793
vt 0.928114 0.000060
vt 0.921016 0.010754
vt 0.540964 0.406333
vt 0.528225 0.404993
vt 0.529341 0.397020
vt 0.542080 0.398365
vt 0.938911 0.088793
vt 0.934639 0.099318
vt 0.932386 0.010754
vt 0.939485 0.000060
vt 0.491678 0.437061
vt 0.401130 0.432050
vt 0.404012 0.393853
vt 0.422928 0.389179
vt 0.446454 0.390528
vt 0.445808 0.398421
vt 0.422332 0.397086
vt 0.491678 0.437061
vt 0.522616 0.441573
vt 0.496999 0.399067
vt 0.525816 0.403472
vt 0.491678 0.437061
vt 0.491678 0.437061
vt 0.496999 0.399067
vt 0.496999 0.399067
vt 0.496999 0.399067
vt 0.496999 0.399067
vt 0.491678 0.437061
vt 0.491678 0.437061
vt 0.695567 0.476874
vt 0.701167 0.464968
vt 0.626216 0.446433
vt 0.611973 0.464219
vt 0.611973 0.464219
vt 0.626216 0.446433
vt 0.590585 0.447848
vt 0.583388 0.462978
vt 0.620551 0.513201
vt 0.678787 0.512446
vt 0.684377 0.500613
vt 0.598861 0.494616
vt 0.561948 0.508260
vt 0.569069 0.493184
vt 0.689967 0.488780
vt 0.611973 0.464219
vt 0.605983 0.479540
vt 0.611973 0.464219
vt 0.576191 0.478108
vt 0.684377 0.500613
vt 0.689967 0.488780
vt 0.642018 0.543709
vt 0.650742 0.524021
vt 0.725728 0.551326
vt 0.723691 0.687707
vt 0.727734 0.565739
vt 0.718101 0.699540
vt 0.607356 0.539522
vt 0.613529 0.530577
vt 0.650742 0.524021
vt 0.578293 0.687188
vt 0.623672 0.582545
vt 0.724900 0.590356
vt 0.706922 0.723206
vt 0.717700 0.605596
vt 0.701332 0.735039
vt 0.606692 0.618490
vt 0.589250 0.598913
vt 0.588812 0.578334
vt 0.801625 0.890565
vt 0.910770 0.872663
vt 0.898347 0.792436
vt 0.801635 0.781660
vt 0.961762 0.204440
vt 0.955128 0.000000
vt 0.961883 0.017386
vt 0.955164 0.223272
vt 0.598183 0.558940
vt 0.706922 0.723206
vt 0.724900 0.590356
vt 0.578293 0.687188
vt 0.056863 0.791971
vt 0.153574 0.802747
vt 0.165998 0.882974
vt 0.056853 0.900876
vt 0.435714 0.375067
vt 0.658129 0.370467
vt 0.635724 0.363935
vt 0.415026 0.369036
vt 0.706341 0.495805
vt 0.700751 0.507638
vt 0.624795 0.458605
vt 0.618300 0.495156
vt 0.624795 0.458605
vt 0.624795 0.458605
vt 0.618300 0.495156
vt 0.596068 0.478643
vt 0.624795 0.458605
vt 0.588947 0.493719
vt 0.581825 0.508795
vt 0.574703 0.523871
vt 0.567582 0.538947
vt 0.624968 0.543770
vt 0.683982 0.543137
vt 0.689572 0.531304
vt 0.604056 0.525308
vt 0.689572 0.531304
vt 0.730954 0.577541
vt 0.695162 0.519471
vt 0.632845 0.563127
vt 0.611178 0.510232
vt 0.730954 0.577541
vt 0.730954 0.577541
vt 0.695162 0.519471
vt 0.632845 0.563127
vt 0.730954 0.577541
vt 0.849353 0.060643
vt 0.835737 0.024352
vt 0.849586 0.000051
vt 0.850202 0.015081
vt 0.619490 0.395670
vt 0.617921 0.389157
vt 0.629903 0.390148
vt 0.631472 0.396667
vt 0.867257 0.015081
vt 0.866642 0.000051
vt 0.852792 0.024352
vt 0.866409 0.060643
vt 0.624795 0.458605
vt 0.706341 0.495805
vt 0.701167 0.464968
vt 0.726836 0.405205
vt 0.727907 0.411588
vt 0.706639 0.407780
vt 0.705520 0.401402
vt 0.596068 0.478643
vt 0.624795 0.458605
vt 0.626216 0.446433
vt 0.590585 0.447848
vt 0.624795 0.458605
vt 0.624795 0.458605
vt 0.626216 0.446433
vt 0.626216 0.446433
vt 0.626216 0.446433
vt 0.626216 0.446433
vt 0.624795 0.458605
vt 0.624795 0.458605
vt 0.429764 0.000116
vt 0.453587 0.054202
vt 0.426396 0.001864
vt 0.477165 0.001863
vt 0.480534 0.000114
vn 0.991051 0.115601 -0.066742
vn 0.991051 0.115601 -0.066742
vn 0.991051 0.115601 -0.066742
vn 0.000000 0.611126 0.791533
vn 0.000000 0.611126 0.791533
vn 0.000000 0.611126 0.791533
vn 0.000000 -0.379924 -0.925018
vn 0.000000 -0.379924 -0.925018
vn 0.000000 -0.379924 -0.925018
vn -0.991051 0.115601 -0.066742
vn -0.991051 0.115601 -0.066742
vn -0.991051 0.115601 -0.066742
vn 0.991051 0.115601 -0.066742
vn 0.991051 0.115601 -0.066742
vn 0.991051 0.115601 -0.066742
vn 0.000000 0.611126 0.791533
vn 0.000000 0.611126 0.791533
vn 0.000000 0.611126 0.791533
vn 0.000000 -0.379924 -0.925018
vn 0.000000 -0.379924 -0.925018
vn 0.000000 -0.379924 -0.925018
vn -0.991051 0.115601 -0.066742
vn -0.991051 0.115601 -0.066742
vn -0.991051 0.115601 -0.066742
vn 0.991051 0.133485 0.000000
vn 0.991051 0.133485 0.000000
vn 0.991051 0.133485 0.000000
vn 0.000000 0.133485 0.991051
vn 0.000000 0.133485 0.991051
vn 0.000000 0.133485 0.991051
vn 0.000000 0.133485 -0.991051
vn 0.000000 0.133485 -0.991051
vn 0.000000 0.133485 -0.991051
vn -0.991051 0.133485 0.000000
vn -0.991051 0.133485 0.000000
vn -0.991051 0.133485 0.000000
vn 0.991051 0.133484 0.000000
vn 0.991051 0.133484 0.000000
vn 0.991051 0.133484 0.000000
vn 0.000000 0.133485 0.991051
vn 0.000000 0.133485 0.991051
vn 0.000000 0.133485 0.991051
vn 0.000000 0.133485 -0.991051
vn 0.000000 0.133485 -0.991051
vn 0.000000 0.133485 -0.991051
vn -0.991051 0.133484 0.000000
vn -0.991051 0.133484 0.000000
vn -0.991051 0.133484 0.000000
vn 0.991051 0.133485 0.000000
vn 0.991051 0.133485 0.000000
vn 0.991051 0.133485 0.000000
vn 0.000000 0.133484 0.991051
vn 0.000000 0.133484 0.991051
vn 0.000000 0.133484 0.991051
vn 0.000000 0.133484 -0.991051
vn 0.000000 0.133484 -0.991051
vn 0.000000 0.133484 -0.991051
vn -0.991051 0.133485 0.000000
vn -0.991051 0.133485 0.000000
vn -0.991051 0.133485 0.000000
vn 0.991051 0.133484 0.000000
vn 0.991051 0.133484 0.000000
vn 0.991051 0.133484 0.000000
vn 0.000000 0.133485 0.991051
vn 0.000000 0.133485 0.991051
vn 0.000000 0.133485 0.991051
vn 0.000000 0.133485 -0.991051
vn 0.000000 0.133485 -0.991051
vn 0.000000 0.133485 -0.991051
vn -0.991051 0.133484 0.000000
vn -0.991051 0.133484 0.000000
vn -0.991051 0.133484 0.000000
vn 0.991051 0.133485 0.000000
vn 0.991051 0.133485 0.000000
vn 0.991051 0.133485 0.000000
vn 0.000000 0.133485 0.991051
vn 0.000000 0.133485 0.991051
vn 0.000000 0.133485 0.991051
vn 0.000000 0.133485 -0.991051
vn 0.000000 0.133485 -0.991051
vn 0.000000 0.133485 -0.991051
vn -0.991051 0.133484 0.000000
vn -0.991051 0.133484 0.000000
vn -0.991051 0.133484 0.000000
vn 0.991051 0.133485 0.000000
vn 0.991051 0.133485 0.000000
vn 0.991051 0.133485 0.000000
vn 0.000000 0.133485 0.991051
vn 0.000000 0.133485 0.991051
vn 0.000000 0.133485 0.991051
vn 0.000000 0.133485 -0.991051
vn 0.000000 0.133485 -0.991051
vn 0.000000 0.133485 -0.991051
vn -0.991051 0.133485 0.000000
vn -0.991051 0.133485 0.000000
vn -0.991051 0.133485 0.000000
vn 0.991051 0.133484 0.000000
vn 0.991051 0.133484 0.000000
vn 0.991051 0.133484 0.000000
vn 0.000000 0.133485 0.991051
vn 0.000000 0.133485 0.991051
vn 0.000000 0.133485 0.991051
vn 0.000000 0.133485 -0.991051
vn 0.000000 0.133485 -0.991051
vn 0.000000 0.133485 -0.991051
vn -0.991051 0.133484 0.000000
vn -0.991051 0.133484 0.000000
vn -0.991051 0.133484 0.000000
vn 0.991051 0.133484 0.000000
vn 0.991051 0.133484 0.000000
vn 0.991051 0.133484 0.000000
vn 0.000000 0.133485 0.991051
vn 0.000000 0.133485 0.991051
vn 0.000000 0.133485 0.991051
vn 0.000000 0.133485 -0.991051
vn 0.000000 0.133485 -0.991051
vn 0.000000 0.133485 -0.991051
vn -0.991051 0.133484 0.000000
vn -0.991051 0.133484 0.000000
vn -0.991051 0.133484 0.000000
vn 0.991051 0.133485 0.000000
vn 0.991051 0.133485 0.000000
vn 0.991051 0.133485 0.000000
vn 0.000000 0.133484 0.991051
vn 0.000000 0.133484 0.991051
vn 0.000000 0.133484 0.991051
vn 0.000000 0.133484 -0.991051
vn 0.000000 0.133484 -0.991051
vn 0.000000 0.133484 -0.991051
vn -0.991051 0.133484 0.000000
vn -0.991051 0.133484 0.000000
vn -0.991051 0.133484 0.000000
vn 0.991051 0.133485 0.000000
vn 0.991051 0.133485 0.000000
vn 0.991051 0.133485 0.000000
vn 0.000000 0.133484 0.991051
vn 0.000000 0.133484 0.991051
vn 0.000000 0.133484 0.991051
vn 0.000000 0.133484 -0.991051
vn 0.000000 0.133484 -0.991051
vn 0.000000 0.133484 -0.991051
vn -0.991051 0.133485 0.000000
vn -0.991051 0.133485 0.000000
vn -0.991051 0.133485 0.000000
vn -0.219898 -0.639229 0.736907
vn -0.219898 -0.639229 0.736907
vn -0.219898 -0.639229 0.736907
vn -0.219898 -0.639229 0.736907
vn 0.217753 -0.643171 0.734108
vn 0.217753 -0.643171 0.734108
vn 0.217753 -0.643171 0.734108
vn 0.217753 -0.643171 0.734108
vn 0.001124 -0.571754 0.820425
vn 0.001124 -0.571754 0.820425
vn 0.001124 -0.571754 0.820425
vn 0.001124 -0.571754 0.820425
vn 0.155144 0.044999 0.986866
vn 0.155144 0.044999 0.986866
vn 0.155144 0.044999 0.986866
vn -0.154408 0.045005 0.986982
vn -0.154408 0.045005 0.986982
vn -0.154408 0.045005 0.986982
vn -0.192638 0.009790 0.981221
vn -0.192638 0.009790 0.981221
vn -0.192638 0.009790 0.981221
vn -0.192638 0.009790 0.981221
vn 0.193059 0.010062 0.981136
vn 0.193059 0.010062 0.981136
vn 0.193059 0.010062 0.981136
vn 0.193059 0.010062 0.981136
vn -0.218196 -0.603548 0.766890
vn -0.218196 -0.603548 0.766890
vn -0.218196 -0.603548 0.766890
vn -0.218196 -0.603548 0.766890
vn 0.253460 -0.059089 0.965540
vn 0.253460 -0.059089 0.965540
vn 0.253460 -0.059089 0.965539
vn 0.253460 -0.059089 0.965540
vn 0.258907 -0.162782 0.952087
vn 0.258907 -0.162782 0.952087
vn 0.258907 -0.162782 0.952087
vn 0.258907 -0.162782 0.952087
vn 0.215620 -0.598933 0.771224
vn 0.215620 -0.598933 0.771224
vn 0.215620 -0.598933 0.771224
vn 0.215620 -0.598933 0.771224
vn 0.000103 -0.615490 0.788145
vn 0.000103 -0.615490 0.788145
vn 0.000103 -0.615490 0.788145
vn 0.000103 -0.615490 0.788145
vn 0.000000 -0.422772 0.906236
vn 0.000000 -0.422772 0.906236
vn 0.000000 -0.422772 0.906236
vn -0.253288 -0.059218 0.965577
vn -0.253288 -0.059218 0.965577
vn -0.253288 -0.059218 0.965577
vn -0.253288 -0.059218 0.965577
vn -0.258922 -0.163068 0.952034
vn -0.258922 -0.163068 0.952034
vn -0.258922 -0.163068 0.952034
vn -0.258922 -0.163068 0.952034
vn 0.354906 0.024082 0.934592
vn 0.354906 0.024082 0.934592
vn 0.354906 0.024082 0.934592
vn 0.354906 0.024082 0.934592
vn -0.355443 0.024600 0.934374
vn -0.355443 0.024600 0.934374
vn -0.355443 0.024600 0.934374
vn -0.355443 0.024600 0.934374
vn 0.463091 -0.036869 0.885543
vn 0.463091 -0.036869 0.885543
vn 0.463091 -0.036869 0.885543
vn 0.463091 -0.036869 0.885543
vn -0.462394 -0.037033 0.885901
vn -0.462394 -0.037033 0.885901
vn -0.462394 -0.037033 0.885901
vn -0.462394 -0.037033 0.885901
vn 0.519714 -0.154626 0.840231
vn 0.519714 -0.154626 0.840231
vn 0.502154 -0.245191 0.829290
vn 0.514200 -0.185820 0.837299
vn -0.509756 -0.148165 0.847465
vn -0.509756 -0.148165 0.847465
vn -0.509756 -0.148165 0.847465
vn -0.509756 -0.148165 0.847465
vn 0.364531 -0.617122 0.697337
vn 0.364531 -0.617122 0.697337
vn 0.364531 -0.617122 0.697336
vn 0.364531 -0.617122 0.697337
vn -0.441189 -0.445753 0.778882
vn -0.441189 -0.445753 0.778882
vn -0.441189 -0.445753 0.778882
vn -0.441189 -0.445753 0.778882
vn -0.361536 -0.613089 0.702434
vn -0.361536 -0.613089 0.702434
vn -0.361536 -0.613089 0.702434
vn -0.361536 -0.613089 0.702434
vn 0.445212 -0.077814 0.892038
vn 0.445212 -0.077814 0.892038
vn 0.448058 -0.076799 0.890700
vn 0.448377 -0.098981 0.888347
vn -0.448584 -0.172540 0.876928
vn -0.450889 -0.088159 0.888216
vn -0.440966 -0.257755 0.859716
vn 0.551311 -0.112034 0.826743
vn 0.551311 -0.112034 0.826743
vn 0.551311 -0.112034 0.826743
vn 0.551311 -0.112034 0.826743
vn -0.551491 -0.111692 0.826669
vn -0.551491 -0.111691 0.826669
vn -0.551491 -0.111691 0.826669
vn -0.551491 -0.111692 0.826669
vn 0.451098 -0.526068 0.720946
vn 0.451098 -0.526068 0.720946
vn 0.451098 -0.526068 0.720946
vn 0.451098 -0.526068 0.720946
vn -0.451208 -0.527258 0.720007
vn -0.451208 -0.527258 0.720007
vn -0.451208 -0.527258 0.720007
vn -0.451208 -0.527258 0.720007
vn 0.558629 -0.482406 0.674698
vn 0.558629 -0.482406 0.674698
vn 0.558629 -0.482406 0.674698
vn 0.558629 -0.482406 0.674698
vn -0.559015 -0.483559 0.673552
vn -0.559015 -0.483559 0.673552
vn -0.559015 -0.483559 0.673552
vn -0.559015 -0.483559 0.673552
vn 0.700236 -0.112053 0.705063
vn 0.700236 -0.112053 0.705063
vn 0.700236 -0.112053 0.705063
vn 0.700236 -0.112053 0.705063
vn -0.700686 -0.112133 0.704603
vn -0.700686 -0.112133 0.704603
vn -0.700686 -0.112133 0.704603
vn -0.700686 -0.112133 0.704603
vn 0.662962 -0.372429 0.649445
vn 0.662962 -0.372429 0.649445
vn 0.662962 -0.372429 0.649445
vn 0.662962 -0.372429 0.649445
vn -0.664752 -0.377063 0.644925
vn -0.664752 -0.377063 0.644925
vn -0.664752 -0.377063 0.644925
vn -0.664752 -0.377063 0.644925
vn 0.906690 -0.072161 0.415579
vn 0.906690 -0.072161 0.415579
vn 0.906690 -0.072161 0.415579
vn 0.906690 -0.072161 0.415579
vn 0.906690 -0.072161 0.415579
vn -0.906704 -0.072184 0.415545
vn -0.906704 -0.072184 0.415545
vn -0.906704 -0.072184 0.415545
vn -0.906704 -0.072184 0.415545
vn -0.906704 -0.072184 0.415545
vn 0.908532 -0.190048 0.372092
vn 0.908532 -0.190048 0.372092
vn 0.908532 -0.190048 0.372092
vn 0.908532 -0.190048 0.372092
vn -0.907594 -0.195303 0.371659
vn -0.907594 -0.195303 0.371659
vn -0.907594 -0.195303 0.371659
vn -0.907594 -0.195303 0.371659
vn 0.918570 -0.264628 0.293600
vn 0.918570 -0.264628 0.293600
vn 0.918570 -0.264628 0.293600
vn 0.918570 -0.264628 0.293600
vn 0.918570 -0.264628 0.293600
vn -0.918640 -0.263471 0.294420
vn -0.918640 -0.263471 0.294420
vn -0.918640 -0.263471 0.294420
vn -0.918640 -0.263471 0.294420
vn -0.918640 -0.263471 0.294420
vn 0.937846 0.237615 0.252952
vn 0.937846 0.237615 0.252952
vn 0.937846 0.237615 0.252952
vn 0.937846 0.237615 0.252952
vn -0.937846 0.237624 0.252941
vn -0.937846 0.237624 0.252941
vn -0.937846 0.237624 0.252941
vn -0.937846 0.237624 0.252941
vn 0.962377 0.253169 -0.098669
vn 0.962377 0.253169 -0.098669
vn 0.962377 0.253169 -0.098669
vn 0.962377 0.253169 -0.098669
vn -0.962382 0.253158 -0.098650
vn -0.962382 0.253158 -0.098650
vn -0.962382 0.253158 -0.098650
vn -0.962382 0.253158 -0.098650
vn 0.880297 0.244309 -0.406682
vn 0.880297 0.244309 -0.406682
vn 0.880297 0.244309 -0.406682
vn 0.880297 0.244309 -0.406682
vn -0.880296 0.244324 -0.406675
vn -0.880296 0.244324 -0.406675
vn -0.880296 0.244324 -0.406675
vn -0.880296 0.244324 -0.406675
vn 0.682311 0.210565 -0.700082
vn 0.682311 0.210565 -0.700082
vn 0.682311 0.210565 -0.700082
vn 0.682311 0.210565 -0.700082
vn -0.682306 0.210587 -0.700080
vn -0.682306 0.210587 -0.700080
vn -0.682306 0.210587 -0.700080
vn -0.682306 0.210587 -0.700080
vn 0.369830 0.184904 -0.910514
vn 0.369830 0.184904 -0.910514
vn 0.369830 0.184904 -0.910514
vn 0.369830 0.184904 -0.910514
vn -0.369834 0.184888 -0.910516
vn -0.369834 0.184888 -0.910516
vn -0.369835 0.184888 -0.910516
vn -0.369834 0.184888 -0.910516
vn 0.000009 0.160250 -0.987076
vn 0.000009 0.160250 -0.987076
vn 0.000009 0.160250 -0.987076
vn 0.000009 0.160250 -0.987076
vn 0.996809 -0.023641 -0.076248
vn 0.996809 -0.023641 -0.076248
vn 0.996809 -0.023641 -0.076248
vn 0.996809 -0.023641 -0.076248
vn -0.996813 -0.023630 -0.076199
vn -0.996813 -0.023630 -0.076199
vn -0.996813 -0.023630 -0.076199
vn -0.996813 -0.023630 -0.076199
vn 0.926120 0.003233 -0.377214
vn 0.926120 0.003233 -0.377214
vn 0.926120 0.003233 -0.377214
vn 0.926120 0.003233 -0.377214
vn -0.926120 0.003246 -0.377215
vn -0.926120 0.003246 -0.377215
vn -0.926120 0.003246 -0.377215
vn -0.926120 0.003246 -0.377215
vn 0.653007 -0.083016 -0.752788
vn 0.653007 -0.083016 -0.752788
vn 0.653007 -0.083016 -0.752788
vn 0.653007 -0.083016 -0.752788
vn -0.653007 -0.083014 -0.752788
vn -0.653007 -0.083014 -0.752788
vn -0.653007 -0.083014 -0.752788
vn -0.653007 -0.083014 -0.752788
vn 0.333155 -0.121809 -0.934971
vn 0.333155 -0.121809 -0.934971
vn 0.333155 -0.121809 -0.934971
vn 0.333155 -0.121809 -0.934971
vn -0.333127 -0.121795 -0.934983
vn -0.333127 -0.121795 -0.934983
vn -0.333127 -0.121795 -0.934983
vn -0.333127 -0.121795 -0.934983
vn -0.000006 -0.125862 -0.992048
vn -0.000006 -0.125862 -0.992048
vn -0.000006 -0.125862 -0.992048
vn -0.000006 -0.125862 -0.992048
vn 0.978865 -0.158968 -0.128654
vn 0.978865 -0.158968 -0.128654
vn 0.978865 -0.158968 -0.128654
vn 0.978865 -0.158968 -0.128654
vn -0.978861 -0.159036 -0.128603
vn -0.978861 -0.159036 -0.128603
vn -0.978861 -0.159036 -0.128603
vn -0.978861 -0.159036 -0.128603
vn 0.914618 -0.269114 -0.301749
vn 0.914618 -0.269114 -0.301749
vn 0.914618 -0.269114 -0.301749
vn 0.914618 -0.269114 -0.301749
vn -0.914627 -0.269110 -0.301725
vn -0.914627 -0.269110 -0.301725
vn -0.914627 -0.269110 -0.301725
vn -0.914627 -0.269110 -0.301725
vn 0.859746 -0.374444 -0.347315
vn 0.859746 -0.374444 -0.347315
vn 0.859746 -0.374444 -0.347315
vn 0.859746 -0.374444 -0.347315
vn -0.859792 -0.374354 -0.347299
vn -0.859792 -0.374354 -0.347299
vn -0.859792 -0.374354 -0.347299
vn -0.859792 -0.374354 -0.347299
vn 0.600891 -0.365756 -0.710741
vn 0.600891 -0.365756 -0.710741
vn 0.600891 -0.365756 -0.710741
vn 0.600891 -0.365756 -0.710741
vn -0.600903 -0.365619 -0.710801
vn -0.600903 -0.365619 -0.710801
vn -0.600903 -0.365619 -0.710801
vn -0.600903 -0.365619 -0.710801
vn 0.293093 -0.356085 -0.887299
vn 0.293093 -0.356085 -0.887299
vn 0.293093 -0.356085 -0.887299
vn 0.293093 -0.356085 -0.887299
vn -0.293060 -0.356120 -0.887296
vn -0.293060 -0.356121 -0.887296
vn -0.293060 -0.356120 -0.887296
vn -0.293060 -0.356121 -0.887296
vn -0.000002 -0.352983 -0.935630
vn -0.000002 -0.352983 -0.935630
vn -0.000002 -0.352983 -0.935630
vn -0.000002 -0.352983 -0.935630
vn 0.744905 -0.335653 -0.576588
vn 0.744905 -0.335653 -0.576588
vn 0.744905 -0.335653 -0.576588
vn 0.744905 -0.335653 -0.576588
vn -0.744943 -0.335707 -0.576507
vn -0.744943 -0.335707 -0.576507
vn -0.744944 -0.335707 -0.576507
vn -0.744944 -0.335707 -0.576507
vn 0.559792 -0.386735 -0.732850
vn 0.559792 -0.386735 -0.732850
vn 0.559792 -0.386735 -0.732850
vn 0.559792 -0.386735 -0.732850
vn -0.559732 -0.386751 -0.732887
vn -0.559732 -0.386751 -0.732887
vn -0.559732 -0.386751 -0.732887
vn -0.559732 -0.386751 -0.732887
vn 0.221882 -0.475400 -0.851330
vn 0.221882 -0.475400 -0.851330
vn 0.221882 -0.475400 -0.851330
vn 0.221882 -0.475400 -0.851330
vn -0.221892 -0.475394 -0.851331
vn -0.221892 -0.475394 -0.851331
vn -0.221892 -0.475394 -0.851331
vn -0.221892 -0.475394 -0.851331
vn 0.000030 -0.495598 -0.868552
vn 0.000030 -0.495598 -0.868552
vn 0.000030 -0.495597 -0.868552
vn 0.000030 -0.495598 -0.868552
vn 0.730248 -0.452726 0.511642
vn 0.730248 -0.452726 0.511642
vn 0.730248 -0.452726 0.511642
vn 0.730247 -0.452726 0.511642
vn 0.584095 -0.556490 0.590890
vn 0.584095 -0.556490 0.590890
vn 0.584095 -0.556490 0.590890
vn 0.584095 -0.556490 0.590890
vn 0.359268 -0.711851 0.603486
vn 0.359268 -0.711851 0.603486
vn 0.359268 -0.711851 0.603486
vn 0.359268 -0.711851 0.603486
vn -0.359108 -0.712282 0.603072
vn -0.359108 -0.712282 0.603072
vn -0.359108 -0.712282 0.603072
vn -0.359108 -0.712282 0.603072
vn 0.000080 -0.773373 0.633951
vn 0.000080 -0.773373 0.633951
vn 0.000080 -0.773373 0.633951
vn 0.000080 -0.773373 0.633951
vn 0.886309 -0.458914 0.062076
vn 0.886309 -0.458914 0.062076
vn 0.886309 -0.458914 0.062076
vn -0.886311 -0.458912 0.062063
vn -0.886311 -0.458912 0.062063
vn -0.886311 -0.458912 0.062063
vn 0.733701 -0.672738 0.095429
vn 0.733701 -0.672738 0.095429
vn 0.733701 -0.672738 0.095429
vn 0.733701 -0.672738 0.095429
vn 0.500240 -0.860116 0.099805
vn 0.500240 -0.860116 0.099805
vn 0.500240 -0.860116 0.099805
vn 0.500240 -0.860116 0.099805
vn 0.290880 -0.953978 0.072910
vn 0.290880 -0.953978 0.072910
vn 0.290880 -0.953978 0.072910
vn 0.290880 -0.953978 0.072910
vn -0.290867 -0.953983 0.072895
vn -0.290867 -0.953983 0.072895
vn -0.290867 -0.953983 0.072895
vn -0.290867 -0.953983 0.072895
vn 0.000006 -0.999638 0.026918
vn 0.000006 -0.999638 0.026918
vn 0.000006 -0.999638 0.026918
vn 0.000006 -0.999638 0.026918
vn -0.831442 -0.355933 -0.426633
vn -0.831442 -0.355933 -0.426633
vn -0.831442 -0.355933 -0.426633
vn 0.831428 -0.355919 -0.426673
vn 0.831428 -0.355919 -0.426673
vn 0.831428 -0.355919 -0.426673
vn 0.660895 -0.562487 -0.496816
vn 0.660895 -0.562487 -0.496816
vn 0.660895 -0.562487 -0.496816
vn 0.660895 -0.562487 -0.496816
vn 0.564214 -0.473740 -0.676190
vn 0.564214 -0.473740 -0.676190
vn 0.564214 -0.473740 -0.676190
vn 0.391455 -0.739652 -0.547429
vn 0.391455 -0.739652 -0.547429
vn 0.391455 -0.739652 -0.547429
vn 0.391455 -0.739652 -0.547429
vn 0.397924 -0.582190 -0.709022
vn 0.397924 -0.582190 -0.709022
vn 0.397924 -0.582190 -0.709022
vn 0.397924 -0.582190 -0.709022
vn 0.209323 -0.827756 -0.520581
vn 0.209323 -0.827756 -0.520581
vn 0.209323 -0.827756 -0.520581
vn 0.209323 -0.827756 -0.520581
vn -0.177091 -0.652322 -0.736964
vn -0.177091 -0.652322 -0.736964
vn -0.177091 -0.652322 -0.736964
vn -0.177091 -0.652322 -0.736964
vn 0.177095 -0.652309 -0.736974
vn 0.177095 -0.652309 -0.736974
vn 0.177095 -0.652309 -0.736974
vn 0.177095 -0.652309 -0.736974
vn 0.000015 -0.682481 -0.730904
vn 0.000015 -0.682481 -0.730904
vn 0.000015 -0.682481 -0.730904
vn 0.000015 -0.682481 -0.730904
vn -0.000013 -0.878993 -0.476835
vn -0.000013 -0.878993 -0.476835
vn -0.000013 -0.878993 -0.476835
vn -0.000013 -0.878993 -0.476835
vn -0.209286 -0.827769 -0.520575
vn -0.209286 -0.827769 -0.520575
vn -0.209286 -0.827769 -0.520575
vn -0.209286 -0.827769 -0.520575
vn -0.397906 -0.582209 -0.709016
vn -0.397906 -0.582209 -0.709016
vn -0.397906 -0.582209 -0.709016
vn -0.397906 -0.582209 -0.709016
vn -0.391476 -0.739646 -0.547422
vn -0.391476 -0.739646 -0.547422
vn -0.391476 -0.739646 -0.547422
vn -0.391476 -0.739646 -0.547422
vn -0.564200 -0.473822 -0.676144
vn -0.564200 -0.473822 -0.676144
vn -0.564200 -0.473822 -0.676144
vn -0.500246 -0.860114 0.099792
vn -0.500246 -0.860114 0.099792
vn -0.500246 -0.860114 0.099792
vn -0.500246 -0.860114 0.099792
vn -0.660886 -0.562510 -0.496802
vn -0.660886 -0.562510 -0.496802
vn -0.660886 -0.562510 -0.496802
vn -0.660886 -0.562510 -0.496802
vn -0.731333 -0.453799 0.509135
vn -0.731333 -0.453799 0.509135
vn -0.731333 -0.453799 0.509135
vn -0.731333 -0.453799 0.509135
vn -0.583278 -0.558989 0.589337
vn -0.583278 -0.558989 0.589337
vn -0.583278 -0.558989 0.589337
vn -0.583278 -0.558989 0.589337
vn -0.733710 -0.672730 0.095416
vn -0.733710 -0.672730 0.095416
vn -0.733710 -0.672730 0.095416
vn -0.733710 -0.672730 0.095416
vn 0.000005 0.183985 0.982929
vn 0.000005 0.183985 0.982929
vn 0.000005 0.183985 0.982929
vn 0.000005 0.183985 0.982929
vn -0.289822 0.282633 0.914397
vn -0.289822 0.282634 0.914397
vn -0.289822 0.282633 0.914397
vn -0.289822 0.282633 0.914397
vn -0.143147 0.318130 0.937178
vn -0.143147 0.318130 0.937178
vn -0.143147 0.318130 0.937178
vn 0.289829 0.282626 0.914397
vn 0.289829 0.282626 0.914397
vn 0.289829 0.282626 0.914397
vn 0.289829 0.282626 0.914397
vn 0.143150 0.318130 0.937177
vn 0.143150 0.318130 0.937177
vn 0.143150 0.318130 0.937177
vn 0.608212 0.453655 0.651364
vn 0.608212 0.453655 0.651364
vn 0.608212 0.453655 0.651364
vn 0.608212 0.453655 0.651364
vn -0.608220 0.453661 0.651353
vn -0.608220 0.453661 0.651353
vn -0.608220 0.453661 0.651353
vn -0.608220 0.453661 0.651353
vn 0.338953 0.614383 0.712491
vn 0.338953 0.614383 0.712491
vn 0.338953 0.614383 0.712491
vn 0.338953 0.614383 0.712491
vn -0.338957 0.614385 0.712488
vn -0.338957 0.614385 0.712488
vn -0.338957 0.614385 0.712488
vn -0.338957 0.614385 0.712488
vn 0.000023 0.453629 -0.891191
vn 0.000023 0.453629 -0.891191
vn 0.000023 0.453629 -0.891191
vn 0.000023 0.453629 -0.891191
vn 0.827703 0.528804 0.187814
vn 0.827703 0.528804 0.187814
vn 0.827703 0.528804 0.187814
vn 0.827703 0.528804 0.187814
vn -0.827715 0.528770 0.187860
vn -0.827714 0.528770 0.187860
vn -0.827715 0.528770 0.187860
vn -0.827714 0.528770 0.187860
vn -0.453548 0.866577 0.208180
vn -0.453548 0.866577 0.208180
vn -0.453548 0.866577 0.208180
vn -0.453548 0.866577 0.208180
vn 0.449519 0.870651 0.199750
vn 0.449519 0.870651 0.199750
vn 0.449519 0.870651 0.199750
vn 0.449519 0.870651 0.199750
vn 0.843205 0.515794 -0.151530
vn 0.843205 0.515794 -0.151530
vn 0.843205 0.515794 -0.151530
vn 0.843205 0.515794 -0.151530
vn -0.843199 0.515791 -0.151579
vn -0.843199 0.515791 -0.151579
vn -0.843199 0.515791 -0.151579
vn -0.843199 0.515791 -0.151579
vn -0.000000 0.987154 0.159771
vn -0.000000 0.987154 0.159771
vn -0.000000 0.987154 0.159771
vn -0.000000 0.987154 0.159771
vn 0.750450 0.511615 -0.418420
vn 0.750449 0.511615 -0.418420
vn 0.750450 0.511615 -0.418420
vn 0.750450 0.511615 -0.418420
vn -0.750443 0.511637 -0.418405
vn -0.750443 0.511637 -0.418405
vn -0.750443 0.511637 -0.418405
vn -0.750443 0.511637 -0.418405
vn 0.000001 0.972903 0.231212
vn 0.000001 0.972903 0.231212
vn 0.000001 0.972903 0.231212
vn 0.000001 0.972903 0.231212
vn -0.507445 0.852665 -0.124346
vn -0.507445 0.852665 -0.124346
vn -0.507445 0.852665 -0.124346
vn -0.507445 0.852665 -0.124346
vn 0.503899 0.856731 -0.109991
vn 0.503899 0.856731 -0.109991
vn 0.503899 0.856731 -0.109991
vn 0.503899 0.856731 -0.109991
vn 0.616457 0.513293 -0.597086
vn 0.616457 0.513293 -0.597086
vn 0.616457 0.513293 -0.597086
vn 0.616457 0.513293 -0.597086
vn 0.342324 0.467568 -0.814981
vn 0.342324 0.467568 -0.814981
vn 0.342324 0.467568 -0.814981
vn 0.342324 0.467568 -0.814981
vn 0.482364 0.823742 -0.297949
vn 0.482364 0.823742 -0.297949
vn 0.482364 0.823742 -0.297949
vn 0.482364 0.823742 -0.297949
vn -0.616469 0.513290 -0.597076
vn -0.616469 0.513290 -0.597076
vn -0.616469 0.513290 -0.597076
vn -0.616469 0.513290 -0.597076
vn -0.342337 0.467580 -0.814969
vn -0.342337 0.467580 -0.814969
vn -0.342337 0.467580 -0.814969
vn -0.342337 0.467580 -0.814969
vn -0.450920 0.797116 -0.401593
vn -0.450920 0.797116 -0.401592
vn -0.450920 0.797116 -0.401593
vn 0.000001 0.642310 -0.766445
vn 0.000001 0.642310 -0.766445
vn 0.000001 0.642310 -0.766445
vn -0.482382 0.823741 -0.297925
vn -0.482382 0.823741 -0.297925
vn -0.482382 0.823741 -0.297925
vn -0.482382 0.823741 -0.297925
vn 0.450912 0.797112 -0.401611
vn 0.450912 0.797112 -0.401611
vn 0.450912 0.797112 -0.401611
vn -0.473254 -0.696179 0.539783
vn -0.473254 -0.696179 0.539783
vn -0.473254 -0.696179 0.539783
vn -0.473254 -0.696179 0.539783
vn -0.479965 -0.589303 0.649889
vn -0.479965 -0.589303 0.649889
vn -0.479965 -0.589303 0.649889
vn -0.479965 -0.589303 0.649889
vn -0.085320 -0.185087 0.979011
vn -0.085320 -0.185087 0.979011
vn -0.085320 -0.185087 0.979011
vn -0.085320 -0.185087 0.979011
vn 0.473781 -0.694986 0.540856
vn 0.473781 -0.694986 0.540856
vn 0.473781 -0.694986 0.540856
vn 0.473781 -0.694986 0.540856
vn 0.470078 -0.595466 0.651496
vn 0.470078 -0.595466 0.651496
vn 0.470078 -0.595466 0.651496
vn 0.470078 -0.595466 0.651496
vn 0.096546 -0.188426 0.977330
vn 0.096546 -0.188426 0.977330
vn 0.096546 -0.188426 0.977330
vn 0.096546 -0.188426 0.977330
vn -0.541468 -0.329312 0.773541
vn -0.541469 -0.329312 0.773541
vn -0.541468 -0.329312 0.773541
vn -0.541469 -0.329312 0.773541
vn -0.567086 -0.392046 0.724371
vn -0.567086 -0.392046 0.724371
vn -0.567086 -0.392046 0.724371
vn 0.538895 -0.326818 0.776391
vn 0.538895 -0.326818 0.776391
vn 0.538895 -0.326818 0.776391
vn 0.538895 -0.326818 0.776390
vn 0.567358 -0.391952 0.724209
vn 0.567358 -0.391952 0.724209
vn 0.567358 -0.391952 0.724209
vn 0.406657 -0.704308 0.581876
vn 0.406657 -0.704308 0.581876
vn 0.406657 -0.704308 0.581876
vn 0.406657 -0.704308 0.581876
vn -0.406482 -0.706990 0.578738
vn -0.406482 -0.706990 0.578738
vn -0.406482 -0.706990 0.578738
vn -0.406482 -0.706990 0.578738
vn -0.371395 0.017070 0.928318
vn -0.371395 0.017070 0.928318
vn -0.371395 0.017070 0.928318
vn -0.371395 0.017070 0.928318
vn 0.349433 -0.746419 0.566353
vn 0.349433 -0.746419 0.566353
vn 0.349433 -0.746419 0.566353
vn 0.349433 -0.746419 0.566353
vn 0.384106 -0.005462 0.923273
vn 0.384106 -0.005462 0.923273
vn 0.384106 -0.005462 0.923273
vn 0.384106 -0.005462 0.923273
vn -0.504762 -0.418412 0.755081
vn -0.504762 -0.418412 0.755081
vn -0.504762 -0.418412 0.755081
vn -0.504762 -0.418412 0.755081
vn -0.524174 -0.250506 0.813934
vn -0.524174 -0.250506 0.813934
vn -0.524174 -0.250506 0.813934
vn -0.524174 -0.250506 0.813934
vn 0.504736 -0.418502 0.755048
vn 0.504736 -0.418502 0.755049
vn 0.504736 -0.418502 0.755049
vn 0.504736 -0.418502 0.755049
vn 0.520350 -0.249848 0.816586
vn 0.520350 -0.249848 0.816586
vn 0.520350 -0.249849 0.816586
vn 0.520350 -0.249848 0.816586
vn -0.349356 -0.748595 0.563522
vn -0.349356 -0.748595 0.563522
vn -0.349356 -0.748595 0.563522
vn -0.349356 -0.748595 0.563522
vn -0.306660 0.046073 0.950703
vn -0.306660 0.046073 0.950703
vn -0.306660 0.046073 0.950703
vn -0.306660 0.046073 0.950703
vn 0.316086 0.035362 0.948071
vn 0.316086 0.035362 0.948071
vn 0.316086 0.035362 0.948071
vn 0.316086 0.035362 0.948071
vn -0.329901 -0.488886 0.807562
vn -0.329901 -0.488886 0.807562
vn -0.329901 -0.488886 0.807562
vn -0.329901 -0.488886 0.807562
vn -0.381517 -0.230072 0.895272
vn -0.381517 -0.230072 0.895272
vn -0.381517 -0.230072 0.895272
vn -0.381517 -0.230072 0.895272
vn 0.329809 -0.488861 0.807614
vn 0.329809 -0.488861 0.807614
vn 0.329809 -0.488861 0.807614
vn 0.329809 -0.488861 0.807614
vn 0.381350 -0.229766 0.895422
vn 0.381350 -0.229766 0.895422
vn 0.381350 -0.229766 0.895422
vn 0.381350 -0.229766 0.895422
vn -0.000498 -0.842005 0.539470
vn -0.000498 -0.842005 0.539470
vn -0.000498 -0.842005 0.539470
vn -0.000498 -0.842005 0.539470
vn -0.251704 -0.806336 0.535226
vn -0.251704 -0.806336 0.535226
vn -0.251704 -0.806336 0.535226
vn -0.251704 -0.806336 0.535226
vn -0.217357 0.004063 0.976084
vn -0.217357 0.004063 0.976084
vn -0.217357 0.004063 0.976084
vn -0.217357 0.004063 0.976084
vn 0.251729 -0.803743 0.539101
vn 0.251729 -0.803743 0.539101
vn 0.251729 -0.803743 0.539101
vn 0.251729 -0.803743 0.539101
vn 0.219044 -0.000299 0.975715
vn 0.219044 -0.000299 0.975715
vn 0.219044 -0.000299 0.975715
vn 0.219044 -0.000299 0.975715
vn -0.000132 0.120386 0.992727
vn -0.000132 0.120386 0.992727
vn -0.000132 0.120386 0.992727
vn -0.000132 0.120386 0.992727
vn -0.167303 -0.172354 0.970723
vn -0.167303 -0.172354 0.970723
vn -0.167303 -0.172354 0.970723
vn -0.167303 -0.172354 0.970723
vn 0.144342 -0.534260 0.832906
vn 0.144342 -0.534259 0.832906
vn 0.144342 -0.534260 0.832906
vn 0.144342 -0.534260 0.832906
vn -0.143019 -0.534273 0.833126
vn -0.143019 -0.534273 0.833126
vn -0.143019 -0.534273 0.833126
vn -0.143019 -0.534273 0.833126
vn -0.001226 -0.551509 0.834168
vn -0.001226 -0.551509 0.834168
vn -0.001226 -0.551509 0.834168
vn -0.001226 -0.551509 0.834168
vn -0.000192 -0.165297 0.986244
vn -0.000192 -0.165297 0.986244
vn -0.000192 -0.165297 0.986244
vn -0.000192 -0.165297 0.986244
vn 0.167151 -0.172042 0.970805
vn 0.167151 -0.172042 0.970805
vn 0.167151 -0.172042 0.970805
vn 0.167152 -0.172042 0.970805
vn -0.147672 0.089308 0.984996
vn -0.147672 0.089308 0.984996
vn -0.147672 0.089308 0.984996
vn -0.147672 0.089308 0.984996
vn 0.148482 0.089682 0.984840
vn 0.148482 0.089682 0.984840
vn 0.148482 0.089682 0.984840
vn 0.148482 0.089682 0.984840
vn -0.209714 0.163837 0.963939
vn -0.209714 0.163837 0.963939
vn -0.209714 0.163837 0.963938
vn -0.209714 0.163837 0.963938
vn 0.210289 0.162158 0.964097
vn 0.210290 0.162158 0.964097
vn 0.210290 0.162158 0.964097
vn 0.210289 0.162158 0.964097
vn -0.425894 0.241471 0.871956
vn -0.425894 0.241471 0.871956
vn -0.425894 0.241471 0.871956
vn -0.425894 0.241471 0.871955
vn 0.426611 0.240724 0.871811
vn 0.426611 0.240724 0.871811
vn 0.426611 0.240724 0.871811
vn 0.426611 0.240724 0.871811
vn -0.689057 0.357219 0.630552
vn -0.689057 0.357219 0.630552
vn -0.689057 0.357219 0.630552
vn -0.689057 0.357219 0.630552
vn 0.688873 0.356738 0.631025
vn 0.688873 0.356738 0.631025
vn 0.688873 0.356738 0.631025
vn 0.688873 0.356738 0.631025
vn -0.730413 0.142210 0.668037
vn -0.730413 0.142210 0.668037
vn -0.730413 0.142210 0.668037
vn -0.872135 0.194360 0.449005
vn -0.872135 0.194360 0.449005
vn -0.872135 0.194360 0.449004
vn -0.872135 0.194360 0.449004
vn 0.729466 0.142559 0.668996
vn 0.729466 0.142559 0.668996
vn 0.729466 0.142559 0.668996
vn 0.871499 0.193669 0.450535
vn 0.871499 0.193669 0.450535
vn 0.871499 0.193669 0.450535
vn 0.871499 0.193669 0.450535
vn -0.616651 0.227491 0.753650
vn -0.616651 0.227491 0.753651
vn -0.616651 0.227491 0.753651
vn 0.620545 0.224601 0.751318
vn 0.620545 0.224601 0.751318
vn 0.620545 0.224601 0.751318
vn 0.620036 0.057792 0.782442
vn 0.620036 0.057792 0.782442
vn 0.620036 0.057792 0.782442
vn 0.620036 0.057792 0.782442
vn -0.761416 0.044049 0.646765
vn -0.761416 0.044049 0.646765
vn -0.761416 0.044049 0.646765
vn -0.761416 0.044049 0.646765
vn -0.620140 0.056905 0.782424
vn -0.620140 0.056905 0.782425
vn -0.620140 0.056905 0.782425
vn -0.620140 0.056905 0.782425
vn 0.758941 0.048299 0.649366
vn 0.758941 0.048299 0.649366
vn 0.758941 0.048299 0.649366
vn 0.758941 0.048299 0.649366
vn -0.587677 0.198675 0.784324
vn -0.587677 0.198675 0.784324
vn -0.587677 0.198675 0.784324
vn -0.587677 0.198675 0.784324
vn 0.590488 0.196564 0.782743
vn 0.590488 0.196564 0.782743
vn 0.590488 0.196564 0.782743
vn 0.590488 0.196564 0.782743
vn -0.540321 0.194219 0.818738
vn -0.540321 0.194219 0.818738
vn -0.540321 0.194219 0.818738
vn -0.540321 0.194219 0.818738
vn -0.502343 0.005088 0.864653
vn -0.502343 0.005088 0.864654
vn -0.502343 0.005088 0.864654
vn -0.502343 0.005088 0.864654
vn 0.541411 0.193706 0.818140
vn 0.541411 0.193706 0.818139
vn 0.541411 0.193706 0.818139
vn 0.541411 0.193706 0.818139
vn 0.501381 0.004313 0.865216
vn 0.501381 0.004313 0.865216
vn 0.501381 0.004313 0.865216
vn 0.501381 0.004313 0.865216
vn -0.514866 0.154997 0.843142
vn -0.514866 0.154997 0.843142
vn -0.514866 0.154997 0.843142
vn -0.514866 0.154997 0.843142
vn 0.515392 0.155541 0.842721
vn 0.515392 0.155541 0.842721
vn 0.515392 0.155541 0.842721
vn 0.515392 0.155541 0.842721
vn -0.444731 0.186606 0.876010
vn -0.444731 0.186606 0.876010
vn -0.444731 0.186606 0.876010
vn -0.444731 0.186606 0.876010
vn -0.446788 0.007295 0.894610
vn -0.446788 0.007295 0.894610
vn -0.446788 0.007295 0.894610
vn -0.446788 0.007295 0.894610
vn 0.445974 0.183539 0.876026
vn 0.445974 0.183539 0.876026
vn 0.445974 0.183539 0.876026
vn 0.445974 0.183539 0.876026
vn 0.446880 0.008647 0.894552
vn 0.446880 0.008647 0.894552
vn 0.446880 0.008647 0.894552
vn 0.446880 0.008647 0.894552
vn -0.450336 0.156694 0.879002
vn -0.450336 0.156694 0.879002
vn -0.450336 0.156694 0.879002
vn -0.450336 0.156694 0.879002
vn 0.450402 0.157564 0.878812
vn 0.450402 0.157564 0.878812
vn 0.450402 0.157564 0.878812
vn 0.450402 0.157564 0.878812
vn -0.216838 -0.025390 0.975877
vn -0.216838 -0.025390 0.975877
vn -0.216838 -0.025390 0.975877
vn -0.216838 -0.025390 0.975877
vn -0.406086 0.042063 0.912866
vn -0.406086 0.042063 0.912866
vn -0.406086 0.042063 0.912866
vn -0.370090 0.145516 0.917529
vn -0.370090 0.145516 0.917529
vn -0.370090 0.145516 0.917529
vn -0.370090 0.145516 0.917529
vn 0.217267 -0.025646 0.975775
vn 0.217267 -0.025646 0.975775
vn 0.217267 -0.025646 0.975775
vn 0.217267 -0.025646 0.975775
vn 0.403910 0.039315 0.913954
vn 0.403910 0.039315 0.913954
vn 0.403910 0.039315 0.913954
vn 0.369264 0.147444 0.917553
vn 0.369264 0.147444 0.917554
vn 0.369264 0.147444 0.917554
vn 0.369264 0.147444 0.917553
vn -0.266045 0.232870 0.935410
vn -0.266045 0.232870 0.935410
vn -0.266045 0.232870 0.935410
vn -0.266045 0.232870 0.935410
vn -0.371283 0.112247 0.921710
vn -0.371283 0.112247 0.921710
vn -0.371283 0.112247 0.921710
vn 0.265932 0.233790 0.935212
vn 0.265932 0.233790 0.935212
vn 0.265932 0.233790 0.935212
vn 0.265932 0.233790 0.935212
vn 0.370134 0.107742 0.922709
vn 0.370134 0.107742 0.922709
vn 0.370134 0.107742 0.922709
vn 0.739686 0.144325 0.657293
vn 0.739686 0.144325 0.657293
vn 0.739686 0.144325 0.657293
vn 0.739686 0.144325 0.657293
vn -0.100139 -0.994665 -0.024767
vn -0.100139 -0.994665 -0.024767
vn -0.236945 -0.968504 -0.076526
vn -0.158927 -0.987126 0.018010
vn 0.691845 0.631413 0.350240
vn 0.691845 0.631413 0.350240
vn 0.691845 0.631413 0.350240
vn 0.691845 0.631413 0.350240
vn -0.275609 -0.914377 -0.296572
vn -0.275609 -0.914377 -0.296572
vn -0.376000 -0.899847 -0.221133
vn -0.236945 -0.968504 -0.076526
vn -0.343416 -0.931927 -0.116522
vn -0.376000 -0.899847 -0.221133
vn -0.414234 -0.840698 -0.348765
vn -0.414234 -0.840698 -0.348765
vn 0.545432 0.822201 0.162757
vn 0.545432 0.822201 0.162757
vn 0.545432 0.822201 0.162757
vn 0.545432 0.822201 0.162757
vn 0.308975 0.950586 -0.030330
vn 0.308975 0.950586 -0.030330
vn 0.308975 0.950587 -0.030330
vn 0.308975 0.950587 -0.030330
vn -0.793468 -0.394739 -0.463239
vn -0.793468 -0.394739 -0.463239
vn -0.793468 -0.394739 -0.463239
vn -0.793468 -0.394739 -0.463239
vn -0.700085 0.616046 -0.361066
vn -0.700085 0.616046 -0.361066
vn -0.700085 0.616046 -0.361066
vn -0.700085 0.616046 -0.361066
vn 0.067218 0.991039 -0.115425
vn 0.067218 0.991039 -0.115425
vn 0.067218 0.991039 -0.115425
vn 0.067218 0.991039 -0.115425
vn 0.101560 -0.994523 -0.024690
vn 0.159790 -0.986988 0.017959
vn 0.237654 -0.968366 -0.076074
vn 0.101560 -0.994523 -0.024690
vn 0.277028 -0.914894 -0.293640
vn 0.237654 -0.968366 -0.076074
vn 0.376570 -0.899953 -0.219725
vn 0.277028 -0.914894 -0.293640
vn -0.737400 0.145981 0.659493
vn -0.737400 0.145981 0.659493
vn -0.737400 0.145981 0.659493
vn -0.737400 0.145981 0.659493
vn -0.688465 0.632143 0.355543
vn -0.688465 0.632143 0.355543
vn -0.688465 0.632143 0.355543
vn -0.688465 0.632143 0.355543
vn 0.376570 -0.899953 -0.219725
vn 0.343613 -0.931835 -0.116676
vn 0.415295 -0.840756 -0.347361
vn 0.415295 -0.840756 -0.347361
vn -0.545653 0.821595 0.165061
vn -0.545653 0.821595 0.165061
vn -0.545653 0.821595 0.165061
vn -0.545653 0.821595 0.165061
vn 0.794370 -0.395133 -0.461353
vn 0.794370 -0.395133 -0.461353
vn 0.794370 -0.395133 -0.461353
vn 0.794370 -0.395133 -0.461353
vn 0.699937 0.616898 -0.359896
vn 0.699937 0.616897 -0.359896
vn 0.699937 0.616898 -0.359896
vn 0.699937 0.616898 -0.359896
vn -0.065927 0.991424 -0.112834
vn -0.065927 0.991424 -0.112834
vn -0.065927 0.991424 -0.112834
vn -0.065927 0.991424 -0.112834
vn -0.308138 0.950873 -0.029866
vn -0.308138 0.950873 -0.029866
vn -0.308138 0.950873 -0.029866
vn -0.308138 0.950873 -0.029866
vn 0.622891 -0.782260 -0.008707
vn 0.622891 -0.782260 -0.008707
vn 0.622891 -0.782260 -0.008707
vn 0.622891 -0.782260 -0.008707
vn 0.767963 0.170795 0.617302
vn 0.767963 0.170795 0.617302
vn 0.767963 0.170795 0.617302
vn 0.767963 0.170795 0.617302
vn -0.622748 -0.782370 -0.009129
vn -0.622748 -0.782370 -0.009129
vn -0.622748 -0.782370 -0.009129
vn -0.622748 -0.782370 -0.009129
vn -0.166992 -0.890840 -0.422515
vn -0.166992 -0.890840 -0.422515
vn -0.166992 -0.890840 -0.422515
vn -0.166992 -0.890840 -0.422515
vn 0.167001 -0.890763 -0.422673
vn 0.167002 -0.890763 -0.422673
vn 0.167002 -0.890763 -0.422673
vn 0.167001 -0.890763 -0.422673
vn -0.768517 0.172238 0.616210
vn -0.768517 0.172238 0.616210
vn -0.768517 0.172238 0.616210
vn -0.768517 0.172238 0.616210
vn 0.058657 -0.876201 -0.478364
vn 0.058657 -0.876201 -0.478364
vn 0.058657 -0.876201 -0.478364
vn 0.058657 -0.876200 -0.478364
vn 0.527595 0.670731 0.521310
vn 0.527595 0.670731 0.521310
vn 0.527595 0.670731 0.521310
vn 0.527595 0.670731 0.521310
vn -0.058739 -0.876165 -0.478418
vn -0.058739 -0.876165 -0.478418
vn -0.058739 -0.876165 -0.478418
vn -0.058739 -0.876165 -0.478418
vn -0.530492 0.669932 0.519393
vn -0.530492 0.669932 0.519393
vn -0.530492 0.669932 0.519393
vn -0.530492 0.669932 0.519393
vn -0.172423 -0.808226 -0.563064
vn -0.172423 -0.808226 -0.563064
vn -0.172423 -0.808226 -0.563064
vn -0.172423 -0.808226 -0.563064
vn 0.515666 0.761259 0.393157
vn 0.515666 0.761259 0.393157
vn 0.515666 0.761259 0.393157
vn 0.515666 0.761259 0.393157
vn 0.172245 -0.808223 -0.563122
vn 0.172245 -0.808223 -0.563122
vn 0.172245 -0.808223 -0.563122
vn 0.172245 -0.808223 -0.563122
vn -0.515475 0.762039 0.391895
vn -0.515475 0.762039 0.391895
vn -0.515475 0.762039 0.391896
vn -0.515475 0.762039 0.391895
vn 0.301217 0.926088 0.227222
vn 0.301217 0.926088 0.227222
vn 0.301217 0.926088 0.227222
vn 0.301217 0.926088 0.227222
vn 0.366940 -0.746391 -0.555208
vn 0.366940 -0.746391 -0.555208
vn 0.366940 -0.746391 -0.555208
vn 0.366940 -0.746391 -0.555208
vn -0.366054 -0.746817 -0.555220
vn -0.366054 -0.746817 -0.555220
vn -0.366054 -0.746817 -0.555220
vn -0.366054 -0.746817 -0.555220
vn -0.001374 -0.831774 -0.555113
vn -0.001374 -0.831774 -0.555113
vn -0.001374 -0.831774 -0.555113
vn -0.001374 -0.831774 -0.555113
vn -0.000128 0.987343 0.158600
vn -0.000128 0.987343 0.158600
vn -0.000128 0.987343 0.158600
vn -0.000128 0.987343 0.158600
vn -0.301110 0.926209 0.226869
vn -0.301110 0.926209 0.226869
vn -0.301110 0.926209 0.226869
vn -0.301110 0.926209 0.226869
vn -0.376000 -0.899847 -0.221133
vn -0.343416 -0.931927 -0.116522
vn -0.255733 -0.962243 0.093217
vn -0.486661 -0.873538 -0.009612
vn -0.343416 -0.931927 -0.116522
vn -0.087360 -0.986209 0.140572
vn -0.087360 -0.986209 0.140572
vn -0.255733 -0.962243 0.093217
vn 0.646227 0.761989 0.041996
vn 0.502045 0.864831 0.004367
vn 0.502134 0.864779 0.004389
vn 0.646227 0.761989 0.041996
vn 0.502134 0.864779 0.004389
vn 0.502045 0.864831 0.004367
vn 0.324323 0.942288 -0.083119
vn 0.328015 0.941281 -0.079977
vn -0.486661 -0.873538 -0.009612
vn -0.361061 -0.930880 0.055665
vn -0.236945 -0.968504 -0.076526
vn -0.376000 -0.899847 -0.221133
vn 0.328015 0.941281 -0.079977
vn 0.324323 0.942288 -0.083119
vn 0.266081 0.954932 -0.131551
vn 0.266081 0.954932 -0.131551
vn -0.564713 -0.560107 -0.606118
vn -0.564713 -0.560107 -0.606118
vn -0.564713 -0.560107 -0.606118
vn -0.564713 -0.560107 -0.606118
vn -0.361061 -0.930880 0.055665
vn -0.284159 -0.952336 0.110949
vn -0.158927 -0.987126 0.018010
vn -0.236945 -0.968504 -0.076526
vn -0.501478 0.865149 0.005971
vn -0.645970 0.762126 0.043426
vn -0.645970 0.762126 0.043426
vn -0.501540 0.865114 0.005986
vn 0.087369 -0.986461 0.138782
vn 0.343613 -0.931835 -0.116676
vn 0.255500 -0.962467 0.091526
vn 0.087369 -0.986461 0.138782
vn 0.343613 -0.931835 -0.116676
vn 0.376570 -0.899953 -0.219725
vn 0.485837 -0.873978 -0.011153
vn 0.255500 -0.962467 0.091526
vn 0.485837 -0.873978 -0.011153
vn 0.376570 -0.899953 -0.219725
vn 0.237654 -0.968366 -0.076074
vn 0.360374 -0.931207 0.054634
vn -0.501540 0.865114 0.005986
vn -0.327340 0.941609 -0.078868
vn -0.323669 0.942608 -0.082031
vn -0.501478 0.865149 0.005971
vn 0.360374 -0.931207 0.054634
vn 0.237654 -0.968366 -0.076074
vn 0.159790 -0.986988 0.017959
vn 0.283587 -0.952566 0.110441
vn 0.565157 -0.559913 -0.605884
vn 0.565157 -0.559913 -0.605884
vn 0.565157 -0.559913 -0.605884
vn 0.565157 -0.559913 -0.605884
vn -0.327340 0.941609 -0.078868
vn -0.265584 0.955155 -0.130933
vn -0.265584 0.955155 -0.130933
vn -0.323669 0.942608 -0.082031
vn -0.486566 -0.080177 0.869957
vn -0.450889 -0.088159 0.888216
vn -0.448584 -0.172540 0.876928
vn -0.447910 -0.075781 0.890861
vn -0.450889 -0.088159 0.888216
vn -0.486566 -0.080177 0.869957
vn -0.447910 -0.075781 0.890861
vn -0.445109 -0.076744 0.892182
vn -0.445109 -0.076744 0.892182
vn -0.450889 -0.088159 0.888216
vn 0.448377 -0.098981 0.888347
vn 0.483080 -0.090034 0.870935
vn 0.435269 -0.189025 0.880233
vn 0.514200 -0.185820 0.837299
vn 0.502154 -0.245191 0.829290
vn 0.395679 -0.567954 0.721711
vn 0.448377 -0.098981 0.888347
vn 0.448058 -0.076799 0.890700
vn 0.483080 -0.090034 0.870935
vn 0.424992 0.038327 0.904385
vn 0.424992 0.038327 0.904385
vn 0.424992 0.038327 0.904385
vn 0.424992 0.038327 0.904385
vn 0.392765 -0.919635 0.002761
vn 0.392765 -0.919635 0.002761
vn 0.392765 -0.919635 0.002761
vn 0.392765 -0.919635 0.002761
vn 0.472470 0.082936 -0.877436
vn 0.472470 0.082936 -0.877436
vn 0.472470 0.082936 -0.877436
vn 0.472470 0.082936 -0.877436
vn 0.390829 0.920463 0.000000
vn 0.390829 0.920463 0.000000
vn 0.390829 0.920463 0.000000
vn 0.390829 0.920463 0.000000
vn -0.040531 -0.999178 0.000000
vn -0.040531 -0.999178 0.000000
vn -0.040531 -0.999178 0.000000
vn -0.040531 -0.999178 0.000000
vn 0.040531 -0.999178 0.000000
vn 0.040531 -0.999178 0.000000
vn 0.040531 -0.999178 0.000000
vn 0.040531 -0.999178 0.000000
vn 0.998414 -0.056300 0.000000
vn 0.998414 -0.056300 0.000000
vn 0.998414 -0.056300 0.000000
vn 0.998414 -0.056300 0.000000
vn 0.294520 -0.425405 -0.855739
vn 0.294520 -0.425405 -0.855738
vn 0.294520 -0.425405 -0.855738
vn 0.294520 -0.425405 -0.855738
vn -0.998414 -0.056300 0.000000
vn -0.998414 -0.056300 0.000000
vn -0.998414 -0.056300 0.000000
vn -0.998414 -0.056300 0.000000
vn 0.382401 -0.335874 0.860789
vn 0.382401 -0.335874 0.860789
vn 0.382401 -0.335874 0.860789
vn 0.382401 -0.335874 0.860789
vn 0.976124 0.217215 0.000000
vn 0.976124 0.217215 0.000000
vn 0.976124 0.217215 0.000000
vn 0.976124 0.217215 0.000000
vn 0.302587 0.082347 0.949558
vn 0.302587 0.082347 0.949558
vn 0.302587 0.082347 0.949558
vn 0.302587 0.082347 0.949558
vn -0.976124 0.217215 0.000000
vn -0.976124 0.217215 0.000000
vn -0.976124 0.217215 0.000000
vn -0.976124 0.217215 0.000000
vn 0.364087 0.046792 -0.930189
vn 0.364087 0.046792 -0.930189
vn 0.364087 0.046792 -0.930189
vn 0.364087 0.046792 -0.930189
vn 0.977552 -0.210696 0.000000
vn 0.977552 -0.210696 0.000000
vn 0.977552 -0.210696 0.000000
vn 0.977552 -0.210696 0.000000
vn 0.603606 0.152296 -0.782602
vn 0.603606 0.152296 -0.782602
vn 0.603606 0.152296 -0.782602
vn 0.603606 0.152296 -0.782602
vn -0.977552 -0.210696 0.000000
vn -0.977552 -0.210696 0.000000
vn -0.977552 -0.210696 0.000000
vn -0.977552 -0.210696 0.000000
vn 0.525800 0.181323 0.831057
vn 0.525800 0.181323 0.831057
vn 0.525800 0.181323 0.831057
vn 0.525800 0.181323 0.831057
vn -0.424992 0.038327 0.904385
vn -0.424992 0.038327 0.904385
vn -0.424992 0.038327 0.904385
vn -0.424992 0.038327 0.904385
vn -0.525801 0.181323 0.831057
vn -0.525801 0.181323 0.831057
vn -0.525801 0.181323 0.831057
vn -0.525801 0.181323 0.831057
vn -0.302588 0.082347 0.949558
vn -0.302588 0.082347 0.949558
vn -0.302588 0.082346 0.949558
vn -0.302588 0.082347 0.949558
vn -0.295144 -0.424809 0.855820
vn -0.295144 -0.424809 0.855820
vn -0.295144 -0.424809 0.855820
vn -0.295144 -0.424809 0.855820
vn -0.294520 -0.425405 -0.855739
vn -0.294520 -0.425405 -0.855738
vn -0.294520 -0.425405 -0.855739
vn -0.294520 -0.425405 -0.855738
vn -0.364087 0.046792 -0.930189
vn -0.364087 0.046792 -0.930189
vn -0.364087 0.046792 -0.930189
vn -0.364087 0.046792 -0.930189
vn -0.603606 0.152296 -0.782602
vn -0.603606 0.152296 -0.782601
vn -0.603606 0.152296 -0.782601
vn -0.603606 0.152296 -0.782602
vn -0.472470 0.082937 -0.877436
vn -0.472470 0.082937 -0.877436
vn -0.472470 0.082937 -0.877436
vn -0.472470 0.082937 -0.877436
vn -0.390829 0.920463 0.000000
vn -0.390829 0.920463 0.000000
vn -0.390829 0.920463 0.000000
vn -0.390829 0.920463 0.000000
vn 0.087628 0.280358 0.955887
vn 0.087628 0.280358 0.955887
vn 0.087628 0.280358 0.955887
vn 0.087628 0.280358 0.955887
vn 0.199350 0.088226 0.975949
vn 0.199350 0.088226 0.975949
vn 0.199350 0.088226 0.975949
vn 0.199350 0.088226 0.975949
vn 0.093114 -0.105002 0.990103
vn 0.093114 -0.105002 0.990103
vn 0.093114 -0.105002 0.990103
vn 0.093114 -0.105002 0.990103
vn -0.100412 -0.220555 0.970192
vn -0.100412 -0.220555 0.970192
vn -0.100412 -0.220555 0.970192
vn -0.100412 -0.220555 0.970192
vn 0.359459 -0.933158 0.002323
vn 0.359459 -0.933158 0.002323
vn 0.359459 -0.933158 0.002323
vn 0.359459 -0.933158 0.002323
vn 0.050224 -0.326345 -0.943915
vn 0.050224 -0.326345 -0.943915
vn 0.050224 -0.326345 -0.943915
vn 0.050224 -0.326345 -0.943915
vn 0.000000 -0.117690 -0.993050
vn 0.000000 -0.117690 -0.993050
vn 0.000000 -0.117690 -0.993050
vn 0.000000 -0.117690 -0.993050
vn 0.000000 0.065273 -0.997868
vn 0.000000 0.065273 -0.997868
vn 0.000000 0.065273 -0.997867
vn 0.000000 0.065273 -0.997867
vn -0.020374 0.300681 -0.953507
vn -0.020374 0.300681 -0.953507
vn -0.020374 0.300681 -0.953507
vn -0.020374 0.300681 -0.953507
vn -0.144650 0.989483 0.000000
vn -0.144650 0.989483 0.000000
vn -0.144650 0.989483 0.000000
vn -0.144650 0.989483 0.000000
vn -0.199350 0.088226 0.975949
vn -0.199350 0.088226 0.975949
vn -0.199350 0.088226 0.975949
vn -0.199350 0.088226 0.975949
vn -0.087628 0.280358 0.955887
vn -0.087628 0.280358 0.955887
vn -0.087628 0.280358 0.955887
vn -0.087628 0.280358 0.955887
vn 0.144650 0.989483 0.000000
vn 0.144650 0.989483 0.000000
vn 0.144650 0.989483 0.000000
vn 0.144650 0.989483 0.000000
vn 0.020374 0.300682 -0.953507
vn 0.020374 0.300682 -0.953507
vn 0.020374 0.300682 -0.953507
vn 0.020374 0.300682 -0.953507
vn 0.000000 0.065273 -0.997867
vn 0.000000 0.065273 -0.997867
vn 0.000000 0.065273 -0.997868
vn 0.000000 0.065273 -0.997868
vn 0.000000 -0.117690 -0.993050
vn 0.000000 -0.117690 -0.993050
vn 0.000000 -0.117690 -0.993050
vn 0.000000 -0.117690 -0.993050
vn -0.052851 -0.324784 -0.944310
vn -0.052851 -0.324784 -0.944310
vn -0.052851 -0.324784 -0.944310
vn -0.052851 -0.324784 -0.944310
vn -0.049383 -0.324188 0.944703
vn -0.049383 -0.324188 0.944703
vn -0.049383 -0.324188 0.944703
vn -0.049383 -0.324188 0.944703
vn -0.093113 -0.105002 0.990103
vn -0.093113 -0.105002 0.990103
vn -0.093113 -0.105002 0.990103
vn -0.093113 -0.105002 0.990103
vn 0.998414 -0.056300 0.000000
vn 0.998414 -0.056300 0.000000
vn 0.998414 -0.056300 0.000000
vn 0.998414 -0.056300 0.000000
vn 0.976124 0.217215 0.000000
vn 0.976124 0.217215 0.000000
vn 0.976124 0.217215 0.000000
vn 0.976124 0.217215 0.000000
vn 0.977552 -0.210696 0.000000
vn 0.977552 -0.210696 0.000000
vn 0.977552 -0.210696 0.000000
vn 0.977552 -0.210696 0.000000
vn 0.040532 -0.999178 0.000000
vn 0.040532 -0.999178 0.000000
vn 0.040532 -0.999178 0.000000
vn 0.040532 -0.999178 0.000000
vn 0.390829 0.920463 0.000000
vn 0.390829 0.920463 0.000000
vn 0.390829 0.920463 0.000000
vn 0.390829 0.920463 0.000000
vn -0.144650 0.989483 0.000000
vn -0.144650 0.989483 0.000000
vn -0.144650 0.989483 0.000000
vn -0.144650 0.989483 0.000000
vn 0.144650 0.989483 0.000000
vn 0.144650 0.989483 0.000000
vn 0.144650 0.989483 0.000000
vn 0.144650 0.989483 0.000000
vn -0.390829 0.920463 0.000000
vn -0.390829 0.920463 0.000000
vn -0.390829 0.920463 0.000000
vn -0.390829 0.920463 0.000000
vn -0.040531 -0.999178 0.000001
vn -0.040531 -0.999178 0.000001
vn -0.040531 -0.999178 0.000001
vn -0.040531 -0.999178 0.000001
vn -0.977552 -0.210696 0.000000
vn -0.977552 -0.210696 0.000000
vn -0.977552 -0.210696 0.000000
vn -0.977552 -0.210696 0.000000
vn -0.976124 0.217215 0.000000
vn -0.976124 0.217215 0.000000
vn -0.976124 0.217215 0.000000
vn -0.976124 0.217215 0.000000
vn -0.998414 -0.056300 0.000000
vn -0.998414 -0.056300 0.000000
vn -0.998414 -0.056300 0.000000
vn -0.998414 -0.056300 0.000000
vn 0.320345 -0.947301 0.000001
vn 0.320345 -0.947301 0.000001
vn 0.320345 -0.947301 0.000001
vn 0.320345 -0.947301 0.000001
vn 0.393244 -0.919434 0.000000
vn 0.393244 -0.919434 0.000000
vn 0.393244 -0.919434 0.000000
vn 0.393244 -0.919434 0.000000
vn 0.998414 -0.056300 0.000000
vn 0.998414 -0.056300 0.000000
vn 0.998414 -0.056300 0.000000
vn 0.998414 -0.056300 0.000000
vn 0.998414 -0.056300 0.000000
vn 0.976124 0.217215 0.000000
vn 0.976124 0.217215 0.000000
vn 0.976124 0.217215 0.000000
vn 0.976124 0.217215 0.000000
vn 0.977552 -0.210696 0.000000
vn 0.977552 -0.210696 0.000000
vn 0.977552 -0.210696 0.000000
vn 0.977552 -0.210696 0.000000
vn 0.040532 -0.999178 -0.000000
vn 0.040532 -0.999178 -0.000000
vn 0.040532 -0.999178 -0.000000
vn 0.040532 -0.999178 -0.000000
vn 0.390829 0.920463 0.000000
vn 0.390829 0.920463 0.000000
vn 0.390829 0.920463 0.000000
vn 0.390829 0.920463 0.000000
vn -0.144650 0.989483 0.000000
vn -0.144650 0.989483 0.000000
vn -0.144650 0.989483 0.000000
vn -0.144650 0.989483 0.000000
vn 0.144650 0.989483 0.000000
vn 0.144650 0.989483 0.000000
vn 0.144650 0.989483 0.000000
vn 0.144650 0.989483 0.000000
vn -0.390829 0.920463 0.000000
vn -0.390829 0.920463 0.000000
vn -0.390829 0.920463 0.000000
vn -0.390829 0.920463 0.000000
vn -0.040531 -0.999178 0.000000
vn -0.040531 -0.999178 0.000000
vn -0.040531 -0.999178 0.000000
vn -0.040531 -0.999178 0.000000
vn -0.977552 -0.210696 0.000000
vn -0.977552 -0.210696 0.000000
vn -0.977552 -0.210696 0.000000
vn -0.977552 -0.210696 0.000000
vn -0.976124 0.217215 0.000000
vn -0.976124 0.217215 0.000000
vn -0.976124 0.217215 0.000000
vn -0.976124 0.217215 0.000000
vn -0.998414 -0.056300 0.000000
vn -0.998414 -0.056300 0.000000
vn -0.998414 -0.056300 0.000000
vn -0.998414 -0.056300 0.000000
vn -0.998414 -0.056300 0.000000
vn 0.358430 -0.933557 0.000000
vn 0.358430 -0.933557 0.000000
vn 0.358430 -0.933557 0.000000
vn 0.358430 -0.933557 0.000000
vn 0.393244 -0.919434 0.000000
vn 0.393244 -0.919434 0.000000
vn 0.393244 -0.919434 0.000000
vn 0.393244 -0.919434 0.000000
vn 0.393244 -0.919434 0.000000
vn 0.393244 -0.919434 0.000000
vn 0.393244 -0.919434 0.000000
vn 0.393244 -0.919434 0.000000
vn 0.338388 -0.941007 0.000000
vn 0.338388 -0.941007 0.000000
vn 0.338388 -0.941007 0.000000
vn 0.338388 -0.941007 0.000000
vn 0.000000 0.000000 0.000000
vn 0.000000 0.000000 0.000000
vn 0.000000 0.000000 0.000000
vn 0.000000 0.000000 0.000000
vn 0.000000 0.000000 0.000000
vn 0.000000 0.000000 0.000000
vn 0.000000 0.000000 0.000000
vn 0.000000 0.000000 0.000000
vn 0.000000 0.000000 0.000000
vn 0.000000 0.000000 0.000000
vn 0.000000 0.000000 0.000000
vn 0.000000 0.000000 0.000000
vn 0.000000 0.000000 0.000000
vn 0.000000 0.000000 0.000000
vn 0.000000 0.000000 0.000000
vn 0.000000 0.000000 0.000000
vn 0.000000 0.000000 0.000000
vn 0.000000 0.000000 0.000000
vn 0.000000 0.000000 0.000000
vn 0.000000 0.000000 0.000000
vn 0.000000 0.000000 0.000000
vn 0.000000 0.000000 0.000000
vn 0.000000 0.000000 0.000000
vn 0.000000 0.000000 0.000000
vn 0.000000 0.000000 0.000000
vn 0.000000 0.000000 0.000000
vn 0.000000 0.000000 0.000000
vn 0.000000 0.000000 0.000000
vn 0.000000 0.000000 0.000000
vn 0.000000 0.000000 0.000000
vn 0.000000 0.000000 0.000000
vn 0.000000 0.000000 0.000000
vn 0.000000 0.000000 0.000000
vn 0.000000 0.000000 0.000000
vn 0.000000 0.000000 0.000000
vn 0.000000 0.000000 0.000000
vn 0.000000 0.000000 0.000000
vn 0.000000 0.000000 0.000000
vn 0.000000 0.000000 0.000000
vn 0.000000 0.000000 0.000000
vn 0.000000 0.000000 0.000000
vn 0.000000 0.000000 0.000000
vn 0.000000 0.000000 0.000000
vn 0.000000 0.000000 0.000000
vn 0.000000 0.000000 0.000000
vn 0.000000 0.000000 0.000000
vn 0.000000 0.000000 0.000000
vn 0.000000 0.000000 0.000000
vn 0.000000 0.000000 0.000000
vn 0.000000 0.000000 0.000000
vn 0.000000 0.000000 0.000000
vn 0.000000 0.000000 0.000000
vn 0.000000 0.000000 0.000000
vn 0.000000 0.000000 0.000000
vn 0.000000 0.000000 0.000000
vn 0.000000 0.000000 0.000000
vn 0.000000 0.000000 0.000000
vn 0.000000 0.000000 0.000000
vn 0.000000 0.000000 0.000000
vn 0.000000 0.000000 0.000000
vn 0.000000 0.000000 0.000000
vn 0.000000 0.000000 0.000000
vn 0.000000 0.000000 0.000000
vn 0.000000 0.000000 0.000000
vn 0.000000 0.000000 0.000000
vn 0.000000 0.000000 0.000000
vn 0.000000 0.000000 0.000000
vn 0.000000 0.000000 0.000000
vn 0.000000 0.000000 0.000000
vn 0.000000 0.000000 0.000000
vn 0.000000 0.000000 0.000000
vn 0.000000 0.000000 0.000000
vn 0.000000 0.000000 0.000000
vn 0.000000 0.000000 0.000000
vn 0.000000 0.000000 0.000000
vn 0.000000 0.000000 0.000000
vn 0.000000 0.000000 0.000000
vn 0.000000 0.000000 0.000000
vn 0.000000 0.000000 0.000000
vn 0.000000 0.000000 0.000000
vn 0.000000 0.000000 0.000000
vn 0.000000 0.000000 0.000000
vn 0.000000 0.000000 0.000000
vn 0.000000 0.000000 0.000000
vn 0.000000 0.000000 0.000000
vn 0.000000 0.000000 0.000000
vn 0.000000 0.000000 0.000000
vn 0.000000 0.000000 0.000000
vn 0.000000 0.000000 0.000000
vn 0.000000 0.000000 0.000000
vn 0.000000 0.000000 0.000000
vn 0.000000 0.000000 0.000000
vn 0.000000 0.000000 0.000000
vn 0.000000 0.000000 0.000000
vn 0.000000 0.000000 0.000000
vn 0.000000 0.000000 0.000000
vn 0.000000 0.000000 0.000000
vn 0.000000 0.000000 0.000000
vn 0.000000 0.000000 0.000000
vn 0.000000 0.000000 0.000000
vn 0.000000 0.000000 0.000000
vn 0.000000 0.000000 0.000000
vn 0.000000 0.000000 0.000000
vn 0.000000 0.000000 0.000000
vn 0.000000 0.000000 0.000000
vn 0.000000 0.000000 0.000000
vn 0.000000 0.000000 0.000000
vn 0.000000 0.000000 0.000000
vn 0.000000 0.000000 0.000000
vn 0.000000 0.000000 0.000000
vn 0.000000 0.000000 0.000000
vn 0.000000 0.000000 0.000000
vn 0.000000 0.000000 0.000000
vn 0.000000 0.000000 0.000000
vn 0.000000 0.000000 0.000000
vn 0.000000 0.000000 0.000000
vn 0.000000 0.000000 0.000000
vn 0.000000 0.000000 0.000000
vn 0.000000 0.000000 0.000000
vn 0.000000 0.000000 0.000000
vn 0.000000 0.000000 0.000000
vn 0.000000 0.000000 0.000000
vn 0.000000 0.000000 0.000000
vn 0.000000 0.000000 0.000000
vn 0.000000 0.000000 0.000000
vn 0.000000 1.000000 0.000000
vn 0.000000 1.000000 0.000000
vn 0.000000 1.000000 0.000000
vn 0.000000 1.000000 0.000000
vn 0.000000 0.000000 -1.000000
vn 0.000000 0.000000 -1.000000
vn 0.000000 0.000000 -1.000000
vn 0.000000 0.000000 0.000000
vn 0.000000 0.000000 0.000000
vn 0.000000 0.000000 0.000000
vn 0.000000 0.000000 0.000000
vn 0.000000 1.000000 0.000000
vn 0.000000 0.000000 0.000000
vn 0.000000 0.000000 0.000000
vn 0.000000 1.000000 0.000000
vn 0.000000 0.000000 0.000000
vn 0.000000 0.000000 0.000000
vn 0.000000 0.000000 0.000000
vn 0.000000 0.000000 0.000000
vn 0.000000 0.000000 0.000000
vn 0.000000 0.000000 0.000000
vn 0.000000 0.000000 0.000000
vn 0.000000 0.000000 0.000000
vn 0.000000 0.000000 0.000000
vn 0.000000 0.000000 0.000000
vn 0.000000 0.000000 0.000000
vn 0.000000 0.000000 0.000000
vn 0.000000 0.000000 0.000000
vn 0.000000 0.000000 0.000000
vn 0.000000 0.000000 0.000000
vn 0.000000 0.000000 0.000000
vn 0.000000 0.000000 0.000000
vn 0.000000 0.000000 0.000000
vn 0.000000 0.000000 0.000000
vn 0.000000 0.000000 0.000000
vn 0.000000 0.000000 0.000000
vn 0.000000 0.000000 0.000000
vn 0.000000 0.000000 0.000000
vn 0.000000 0.000000 0.000000
vn 0.000000 0.000000 0.000000
vn 0.000000 0.000000 0.000000
vn 0.000000 0.000000 0.000000
vn 0.000000 0.000000 0.000000
vn 0.000000 0.000000 0.000000
vn 0.000000 0.000000 0.000000
vn 0.000000 0.000000 0.000000
vn 0.000000 0.000000 0.000000
vn 0.000000 0.000000 0.000000
vn 0.000000 0.000000 0.000000
vn 0.000000 0.000000 0.000000
vn 0.000000 0.000000 0.000000
vn 0.000000 0.000000 0.000000
vn 0.000000 0.000000 0.000000
vn 0.000000 0.000000 0.000000
vn 0.000000 0.000000 0.000000
vn 0.000000 0.000000 0.000000
vn 0.000000 0.000000 0.000000
vn 0.000000 0.000000 0.000000
vn 0.000000 0.000000 0.000000
vn 0.000000 0.000000 0.000000
vn 0.000000 0.000000 0.000000
vn 0.000000 0.000000 0.000000
vn 0.000000 0.000000 0.000000
vn 0.000000 0.000000 0.000000
vn 0.000000 0.000000 0.000000
vn 0.000000 0.000000 0.000000
vn 0.000000 0.000000 0.000000
vn 0.000000 0.000000 0.000000
vn 0.000000 0.000000 0.000000
vn 0.000000 0.000000 0.000000
vn 0.000000 0.000000 0.000000
vn 0.000000 0.000000 0.000000
vn 0.000000 0.000000 0.000000
vn 0.000000 0.000000 0.000000
vn 0.000000 0.000000 0.000000
vn 0.000000 0.000000 0.000000
vn 0.000000 0.000000 0.000000
vn 0.000000 0.000000 0.000000
vn 0.000000 0.000000 0.000000
vn 0.000000 0.000000 0.000000
vn 0.000000 0.000000 0.000000
vn 0.000000 0.000000 0.000000
vn 0.000000 0.000000 0.000000
vn 0.000000 0.000000 0.000000
vn 0.000000 0.000000 0.000000
vn 0.000000 0.000000 0.000000
vn 0.000000 0.000000 0.000000
vn 0.000000 0.000000 0.000000
vn 0.000000 0.000000 0.000000
vn 0.000000 0.000000 0.000000
vn 0.000000 0.000000 0.000000
vn 0.000000 0.000000 0.000000
vn 0.000000 0.000000 0.000000
vn 0.000000 0.000000 0.000000
vn 0.000000 0.000000 0.000000
vn 0.000000 0.000000 0.000000
vn 0.000000 0.000000 0.000000
vn 0.000000 0.000000 0.000000
vn 0.000000 0.000000 0.000000
vn 0.000000 0.000000 0.000000
vn 0.000000 0.000000 0.000000
vn 0.000000 0.000000 0.000000
vn 0.000000 0.000000 0.000000
vn 0.000000 0.000000 0.000000
vn 0.000000 1.000000 -0.000001
vn 0.000000 1.000000 -0.000001
vn 0.000000 1.000000 -0.000001
vn 0.000000 1.000000 -0.000001
vn 0.000000 0.000000 1.000000
vn 0.000000 0.000000 1.000000
vn 0.000000 0.000000 1.000000
vn 0.000000 0.000000 0.000000
vn 0.000000 0.000000 0.000000
vn 0.000000 0.000000 0.000000
vn 0.000000 0.000000 0.000000
vn 0.000000 1.000000 0.000000
vn 0.000000 0.000000 0.000000
vn 0.000000 0.000000 0.000000
vn 0.000000 1.000000 0.000000
vn 0.000000 0.000000 0.000000
vn 0.000000 0.000000 0.000000
vn 0.000000 0.000000 0.000000
vn 0.000000 0.000000 0.000000
vn 0.000000 0.000000 0.000000
vn 0.000000 0.000000 0.000000
vn 0.000000 0.000000 0.000000
vn 0.000000 0.000000 0.000000
vn 0.000000 0.000000 0.000000
vn 0.000000 0.000000 0.000000
vn 0.000000 0.000000 0.000000
vn 0.000000 0.000000 0.000000
vn 0.000000 0.000000 0.000000
vn 0.000000 0.000000 0.000000
vn 0.000000 0.000000 0.000000
vn 0.000000 0.000000 0.000000
vn 0.000000 0.000000 0.000000
vn 0.000000 0.000000 0.000000
vn 0.000000 0.000000 0.000000
vn 0.000000 0.000000 0.000000
vn 0.000000 0.000000 0.000000
vn 0.000000 0.000000 0.000000
vn 0.000000 0.000000 0.000000
vn 0.000000 0.000000 0.000000
vn 0.000000 0.000000 0.000000
vn 0.000000 0.000000 0.000000
vn 0.000000 0.000000 0.000000
vn 0.000000 0.000000 0.000000
vn 0.000000 0.000000 0.000000
vn 0.000000 0.000000 0.000000
vn 0.000000 0.000000 0.000000
vn 0.000000 0.000000 0.000000
vn 0.000000 0.000000 0.000000
vn 0.000000 0.000000 0.000000
vn 0.000000 0.000000 0.000000
vn 0.000000 0.000000 0.000000
vn 0.000000 0.000000 0.000000
vn 0.000000 0.000000 0.000000
vn 0.000000 0.000000 0.000000
vn 0.000000 0.000000 0.000000
vn 0.000000 0.000000 0.000000
vn 0.000000 0.000000 0.000000
vn 0.000000 0.000000 0.000000
vn 0.000000 0.000000 0.000000
vn 0.000000 0.000000 0.000000
vn 0.000000 0.000000 0.000000
vn 0.000000 0.000000 0.000000
vn 0.000000 0.000000 0.000000
vn 0.000000 0.000000 0.000000
vn 0.000000 0.000000 0.000000
vn 0.000000 0.000000 0.000000
vn 0.000000 0.000000 0.000000
vn 0.000000 0.000000 0.000000
vn 0.000000 0.000000 0.000000
vn 0.000000 0.000000 0.000000
vn 0.000000 0.000000 0.000000
vn 0.000000 0.000000 0.000000
vn 0.000000 0.000000 0.000000
vn 0.000000 0.000000 0.000000
vn 0.000000 0.000000 0.000000
vn 0.000000 0.000000 0.000000
vn 0.000000 0.000000 0.000000
vn 0.000000 0.000000 0.000000
vn 0.000000 0.000000 0.000000
vn 0.000000 0.000000 0.000000
vn 0.000000 0.000000 0.000000
vn 0.000000 0.000000 0.000000
vn 0.000000 0.000000 0.000000
vn 0.000000 0.000000 0.000000
vn 0.000000 0.000000 0.000000
vn 0.000000 0.000000 0.000000
vn 0.000000 0.000000 0.000000
vn 0.000000 0.000000 0.000000
vn 0.000000 0.000000 0.000000
vn 0.000000 0.000000 0.000000
vn 0.000000 0.000000 0.000000
vn 0.000000 0.000000 0.000000
vn 0.000000 0.000000 0.000000
vn 0.000000 0.000000 0.000000
vn 0.000000 0.000000 0.000000
vn 0.000000 0.000000 0.000000
vn 0.000000 0.000000 0.000000
vn 0.000000 0.000000 0.000000
vn 0.000000 0.000000 0.000000
vn 0.000000 0.000000 0.000000
vn 0.000000 0.000000 0.000000
vn 0.000000 0.000000 0.000000
vn 0.000000 0.000000 0.000000
vn 0.000000 0.000000 0.000000
vn 0.000000 0.000000 0.000000
vn 0.000000 0.000000 0.000000
vn 0.000000 0.000000 0.000000
vn -0.992591 -0.120564 0.015071
vn -0.992591 -0.120564 0.015071
vn -0.992591 -0.120564 0.015071
vn -0.992591 -0.120564 0.015071
vn 0.141222 0.061800 -0.988047
vn 0.141222 0.061800 -0.988047
vn 0.141222 0.061800 -0.988047
vn 0.141222 0.061800 -0.988047
vn 0.886758 0.462235 0.000000
vn 0.886758 0.462235 0.000000
vn 0.886758 0.462235 0.000000
vn 0.886758 0.462235 0.000000
vn -0.989180 -0.146706 0.000000
vn -0.989180 -0.146706 0.000000
vn -0.989180 -0.146706 0.000000
vn -0.989180 -0.146706 0.000000
vn 0.009549 -0.001016 -0.999954
vn 0.009549 -0.001016 -0.999954
vn 0.009549 -0.001016 -0.999954
vn 0.009549 -0.001016 -0.999954
vn 0.992583 0.120563 -0.015629
vn 0.992583 0.120563 -0.015629
vn 0.992583 0.120563 -0.015629
vn 0.992583 0.120563 -0.015629
vn -0.076980 -0.015577 -0.996911
vn -0.076980 -0.015577 -0.996911
vn -0.076980 -0.015577 -0.996911
vn -0.076980 -0.015577 -0.996911
vn 0.886758 0.462235 0.000000
vn 0.886758 0.462235 0.000000
vn 0.886758 0.462235 0.000000
vn 0.886758 0.462235 0.000000
vn 0.168007 0.032606 0.985246
vn 0.168007 0.032606 0.985246
vn 0.168007 0.032606 0.985246
vn 0.168007 0.032606 0.985246
vn -0.989180 -0.146706 0.000000
vn -0.989180 -0.146706 0.000000
vn -0.989180 -0.146706 0.000000
vn -0.989180 -0.146706 0.000000
vn 0.003626 0.000000 0.999993
vn 0.003626 0.000000 0.999994
vn 0.003626 0.000000 0.999993
vn 0.003626 0.000000 0.999994
vn 0.000000 0.000000 1.000000
vn 0.000000 0.000000 1.000000
vn 0.000000 0.000000 1.000000
vn 0.000000 0.000000 1.000000
vn 0.886758 0.462235 0.000000
vn 0.886758 0.462235 0.000000
vn 0.886758 0.462235 0.000000
vn 0.886758 0.462235 0.000000
vn -0.983246 -0.182282 0.000000
vn -0.983246 -0.182282 0.000000
vn -0.983246 -0.182282 0.000000
vn -0.983246 -0.182282 0.000000
vn -0.983246 -0.182282 0.000000
vn -0.983246 -0.182282 0.000000
vn -0.983246 -0.182282 0.000000
vn -0.983246 -0.182282 0.000000
vn 0.084942 0.016485 0.996250
vn 0.084942 0.016485 0.996250
vn 0.084942 0.016485 0.996250
vn 0.084942 0.016485 0.996250
vn 0.000000 0.000000 -1.000000
vn 0.000000 0.000000 -1.000000
vn 0.000000 0.000000 -1.000000
vn 0.000000 0.000000 -1.000000
vn 0.886758 0.462235 0.000000
vn 0.886758 0.462235 0.000000
vn 0.886758 0.462235 0.000000
vn 0.886758 0.462235 0.000000
vn 0.000000 0.000000 0.000000
vn 0.000000 0.000000 0.000000
vn 0.000000 0.000000 0.000000
vn 0.000000 0.000000 0.000000
vn 0.000000 0.000000 0.000000
vn 0.000000 0.000000 0.000000
vn 0.000000 0.000000 0.000000
vn 0.000000 0.000000 0.000000
vn 0.000000 0.000000 0.000000
vn 0.000000 0.000000 0.000000
vn 0.000000 0.000000 0.000000
vn 0.000000 0.000000 0.000000
vn 0.000000 0.000000 0.000000
vn 0.000000 0.000000 0.000000
vn 0.000000 0.000000 0.000000
vn 0.000000 0.000000 0.000000
vn 0.000000 0.000000 0.000000
vn 0.000000 0.000000 0.000000
vn 0.000000 0.000000 0.000000
vn 0.000000 0.000000 0.000000
vn 0.000000 0.000000 0.000000
vn 0.000000 0.000000 0.000000
vn 0.000000 0.000000 0.000000
vn 0.000000 0.000000 0.000000
vn 0.000000 0.000000 0.000000
vn 0.000000 0.000000 0.000000
vn 0.000000 0.000000 0.000000
vn 0.000000 0.000000 0.000000
vn 0.000000 0.000000 0.000000
vn 0.000000 0.000000 0.000000
vn 0.000000 0.000000 0.000000
vn 0.000000 0.000000 0.000000
vn 0.000000 0.000000 0.000000
vn 0.000000 0.000000 0.000000
vn 0.000000 0.000000 0.000000
vn 0.000000 0.000000 0.000000
vn 0.000000 0.000000 0.000000
vn 0.000000 0.000000 0.000000
vn 0.000000 0.000000 0.000000
vn 0.000000 0.000000 0.000000
vn 0.000000 0.000000 0.000000
vn 0.000000 0.000000 0.000000
vn 0.000000 0.000000 0.000000
vn 0.000000 0.000000 0.000000
vn 0.000000 0.000000 0.000000
vn 0.000000 0.000000 0.000000
vn 0.000000 0.000000 0.000000
vn 0.000000 0.000000 0.000000
vn 0.000000 0.000000 0.000000
vn 0.000000 0.000000 0.000000
vn 0.000000 0.000000 0.000000
vn 0.000000 0.000000 0.000000
vn 0.000000 0.000000 0.000000
vn 0.000000 0.000000 0.000000
vn 0.000000 0.000000 0.000000
vn 0.000000 0.000000 0.000000
vn 0.000000 0.000000 0.000000
vn 0.000000 0.000000 0.000000
vn 0.000000 0.000000 0.000000
vn 0.000000 0.000000 0.000000
vn 0.000000 0.000000 0.000000
vn 0.000000 0.000000 0.000000
vn 0.000000 0.000000 0.000000
vn 0.000000 0.000000 0.000000
vn -0.884573 0.466402 0.000000
vn -0.884573 0.466402 0.000000
vn -0.884573 0.466402 0.000000
vn -0.884573 0.466402 0.000000
vn 0.993782 0.111342 0.000000
vn 0.993782 0.111342 0.000000
vn 0.580770 -0.489480 0.650473
vn 0.898618 -0.300671 0.319504
vn 0.103638 0.105920 0.988959
vn 0.103637 0.105920 0.988959
vn 0.035283 0.026487 0.999026
vn 0.046741 0.039791 0.998114
vn -0.884573 0.466402 0.000000
vn -0.884573 0.466402 0.000000
vn -0.884573 0.466402 0.000000
vn -0.884573 0.466402 0.000000
vn 0.103638 0.105920 -0.988959
vn 0.103638 0.105920 -0.988959
vn 0.046741 0.039791 -0.998114
vn 0.035283 0.026487 -0.999026
vn 0.993782 0.111342 -0.000000
vn 0.993782 0.111342 -0.000000
vn 0.898618 -0.300672 -0.319504
vn 0.580770 -0.489480 -0.650473
vn -0.884573 0.466402 0.000000
vn -0.884573 0.466402 0.000000
vn -0.884573 0.466402 0.000000
vn -0.884573 0.466402 0.000000
vn 0.898618 -0.300672 -0.319504
vn 0.993782 0.111342 -0.000000
vn 0.993782 0.111342 0.000000
vn 0.898618 -0.300671 0.319504
vn 0.884573 0.466402 0.000001
vn 0.884573 0.466402 0.000002
vn 0.884573 0.466402 0.000002
vn 0.884573 0.466402 0.000001
vn -0.103638 0.105920 0.988959
vn -0.103638 0.105920 0.988959
vn -0.046741 0.039791 0.998114
vn -0.035283 0.026487 0.999026
vn -0.993782 0.111343 0.000000
vn -0.993782 0.111343 0.000000
vn -0.898618 -0.300671 0.319504
vn -0.580770 -0.489479 0.650474
vn 0.884573 0.466402 0.000000
vn 0.884573 0.466402 0.000000
vn 0.884573 0.466402 0.000000
vn 0.884573 0.466402 0.000000
vn -0.993782 0.111343 0.000000
vn -0.993782 0.111343 0.000000
vn -0.580770 -0.489478 -0.650475
vn -0.898618 -0.300671 -0.319505
vn -0.103638 0.105920 -0.988959
vn -0.103638 0.105920 -0.988959
vn -0.035283 0.026487 -0.999026
vn -0.046741 0.039791 -0.998114
vn -0.898618 -0.300671 0.319504
vn -0.993782 0.111343 0.000000
vn -0.993782 0.111343 0.000000
vn -0.898618 -0.300671 -0.319505
vn 0.884573 0.466402 0.000000
vn 0.884573 0.466402 0.000000
vn 0.884573 0.466402 0.000001
vn 0.884573 0.466402 0.000001
vn -0.536885 0.843655 0.000000
vn -0.536885 0.843655 0.000000
vn -0.753528 0.657416 0.000000
vn -0.753528 0.657415 0.000000
vn 0.898618 -0.300671 0.319504
vn 0.580770 -0.489480 0.650473
vn 0.222068 -0.053259 0.973576
vn 0.600591 -0.223388 0.767716
vn 0.046741 0.039791 0.998114
vn 0.035283 0.026487 0.999026
vn 0.006123 -0.003498 0.999975
vn 0.005141 -0.006802 0.999964
vn -0.536885 0.843656 0.000000
vn -0.536885 0.843655 0.000000
vn -0.753528 0.657415 0.000000
vn -0.753528 0.657416 0.000000
vn 0.035283 0.026487 -0.999026
vn 0.046741 0.039791 -0.998114
vn 0.005141 -0.006802 -0.999964
vn 0.006123 -0.003498 -0.999975
vn 0.580770 -0.489480 -0.650473
vn 0.898618 -0.300672 -0.319504
vn 0.600591 -0.223388 -0.767716
vn 0.222068 -0.053259 -0.973575
vn -0.753528 0.657416 0.000000
vn -0.536885 0.843655 0.000000
vn -0.536885 0.843656 0.000000
vn -0.753528 0.657416 0.000000
vn 0.600591 -0.223388 -0.767716
vn 0.898618 -0.300672 -0.319504
vn 0.898618 -0.300671 0.319504
vn 0.600591 -0.223388 0.767716
vn 0.536885 0.843655 0.000000
vn 0.536885 0.843655 0.000002
vn 0.753529 0.657415 0.000001
vn 0.753529 0.657415 0.000000
vn -0.035283 0.026487 0.999026
vn -0.046741 0.039791 0.998114
vn -0.005140 -0.006802 0.999964
vn -0.006123 -0.003497 0.999975
vn -0.580770 -0.489479 0.650474
vn -0.898618 -0.300671 0.319504
vn -0.600591 -0.223387 0.767716
vn -0.222067 -0.053258 0.973576
vn 0.536885 0.843655 0.000000
vn 0.536885 0.843655 -0.000000
vn 0.753529 0.657415 -0.000000
vn 0.753529 0.657415 0.000000
vn -0.898618 -0.300671 -0.319505
vn -0.580770 -0.489478 -0.650475
vn -0.222068 -0.053258 -0.973576
vn -0.600591 -0.223387 -0.767716
vn -0.046741 0.039791 -0.998114
vn -0.035283 0.026487 -0.999026
vn -0.006123 -0.003497 -0.999975
vn -0.005141 -0.006801 -0.999964
vn -0.600591 -0.223387 0.767716
vn -0.898618 -0.300671 0.319504
vn -0.898618 -0.300671 -0.319505
vn -0.600591 -0.223387 -0.767716
vn 0.753529 0.657415 -0.000000
vn 0.536885 0.843655 -0.000000
vn 0.536885 0.843655 0.000000
vn 0.753529 0.657415 0.000000
vn -0.753528 0.657415 0.000000
vn -0.753528 0.657416 0.000000
vn -0.999178 0.040532 0.000000
vn -0.999178 0.040531 0.000001
vn 0.600591 -0.223388 0.767716
vn 0.222068 -0.053259 0.973576
vn 0.278572 -0.127406 0.951927
vn 0.627090 -0.440133 0.642683
vn 0.005141 -0.006802 0.999964
vn 0.006123 -0.003498 0.999975
vn 0.007077 -0.000288 0.999975
vn 0.007077 -0.000288 0.999975
vn -0.753528 0.657416 0.000000
vn -0.753528 0.657415 0.000000
vn -0.999178 0.040531 -0.000001
vn -0.999178 0.040532 -0.000000
vn 0.006123 -0.003498 -0.999975
vn 0.005141 -0.006802 -0.999964
vn 0.007077 -0.000288 -0.999975
vn 0.007077 -0.000288 -0.999975
vn 0.222068 -0.053259 -0.973575
vn 0.600591 -0.223388 -0.767716
vn 0.627090 -0.440133 -0.642683
vn 0.278572 -0.127406 -0.951927
vn -0.999178 0.040532 0.000000
vn -0.753528 0.657416 0.000000
vn -0.753528 0.657416 0.000000
vn -0.999178 0.040532 -0.000000
vn 0.627090 -0.440133 -0.642683
vn 0.600591 -0.223388 -0.767716
vn 0.600591 -0.223388 0.767716
vn 0.627090 -0.440133 0.642683
vn 0.753529 0.657415 0.000000
vn 0.753529 0.657415 0.000001
vn 0.999178 0.040531 0.000000
vn 0.999178 0.040531 -0.000001
vn -0.006123 -0.003497 0.999975
vn -0.005140 -0.006802 0.999964
vn -0.007077 -0.000288 0.999975
vn -0.007077 -0.000288 0.999975
vn -0.222067 -0.053258 0.973576
vn -0.600591 -0.223387 0.767716
vn -0.627090 -0.440133 0.642682
vn -0.278571 -0.127405 0.951928
vn 0.753529 0.657415 0.000000
vn 0.753529 0.657415 -0.000000
vn 0.999178 0.040531 -0.000001
vn 0.999178 0.040531 0.000000
vn -0.600591 -0.223387 -0.767716
vn -0.222068 -0.053258 -0.973576
vn -0.278572 -0.127405 -0.951927
vn -0.627091 -0.440133 -0.642682
vn -0.005141 -0.006801 -0.999964
vn -0.006123 -0.003497 -0.999975
vn -0.007077 -0.000287 -0.999975
vn -0.007077 -0.000287 -0.999975
vn -0.627090 -0.440133 0.642682
vn -0.600591 -0.223387 0.767716
vn -0.600591 -0.223387 -0.767716
vn -0.627091 -0.440133 -0.642682
vn 0.999178 0.040531 -0.000001
vn 0.753529 0.657415 -0.000000
vn 0.753529 0.657415 0.000000
vn 0.999178 0.040531 -0.000001
vn -0.999178 0.040531 0.000001
vn -0.999178 0.040532 0.000000
vn -0.999178 0.040532 0.000001
vn -0.999178 0.040531 0.000002
vn 0.627090 -0.440133 0.642683
vn 0.278572 -0.127406 0.951927
vn 0.376102 -0.313120 0.872068
vn 0.538507 -0.732650 0.416215
vn 0.007077 -0.000288 0.999975
vn 0.007077 -0.000288 0.999975
vn 0.007077 -0.000288 0.999975
vn 0.007077 -0.000288 0.999975
vn -0.999178 0.040532 -0.000000
vn -0.999178 0.040531 -0.000001
vn -0.999178 0.040531 -0.000002
vn -0.999178 0.040532 -0.000001
vn 0.007077 -0.000288 -0.999975
vn 0.007077 -0.000288 -0.999975
vn 0.007077 -0.000288 -0.999975
vn 0.007077 -0.000288 -0.999975
vn 0.278572 -0.127406 -0.951927
vn 0.627090 -0.440133 -0.642683
vn 0.538507 -0.732650 -0.416215
vn 0.376102 -0.313120 -0.872068
vn -0.999178 0.040532 0.000001
vn -0.999178 0.040532 0.000000
vn -0.999178 0.040532 -0.000000
vn -0.999178 0.040532 -0.000001
vn 0.538507 -0.732650 0.416215
vn 0.538507 -0.732650 -0.416215
vn 0.627090 -0.440133 -0.642683
vn 0.627090 -0.440133 0.642683
vn 0.999178 0.040531 -0.000001
vn 0.999178 0.040531 0.000000
vn 0.999178 0.040532 0.000000
vn 0.999178 0.040532 -0.000001
vn -0.007077 -0.000288 0.999975
vn -0.007077 -0.000288 0.999975
vn -0.007077 -0.000288 0.999975
vn -0.007077 -0.000288 0.999975
vn -0.278571 -0.127405 0.951928
vn -0.627090 -0.440133 0.642682
vn -0.538507 -0.732650 0.416215
vn -0.376101 -0.313119 0.872069
vn 0.999178 0.040531 0.000000
vn 0.999178 0.040531 -0.000001
vn 0.999178 0.040531 -0.000001
vn 0.999178 0.040531 0.000000
vn -0.627091 -0.440133 -0.642682
vn -0.278572 -0.127405 -0.951927
vn -0.376102 -0.313120 -0.872069
vn -0.538507 -0.732650 -0.416215
vn -0.007077 -0.000287 -0.999975
vn -0.007077 -0.000287 -0.999975
vn -0.007077 -0.000287 -0.999975
vn -0.007077 -0.000287 -0.999975
vn -0.538507 -0.732650 0.416215
vn -0.627090 -0.440133 0.642682
vn -0.627091 -0.440133 -0.642682
vn -0.538507 -0.732650 -0.416215
vn 0.999178 0.040532 -0.000001
vn 0.999178 0.040531 -0.000001
vn 0.999178 0.040531 -0.000001
vn 0.999178 0.040531 -0.000001
vn 0.000000 0.816388 -0.577504
vn 0.000000 0.816388 -0.577504
vn 0.000000 0.866025 -0.500001
vn 0.000000 0.866025 -0.500001
vn -0.862357 0.385210 -0.328563
vn -0.862357 0.385210 -0.328563
vn -0.866025 0.433013 -0.250000
vn -0.866025 0.433013 -0.250000
vn -0.862358 -0.477148 0.169320
vn -0.862358 -0.477148 0.169320
vn -0.866026 -0.433012 0.250000
vn -0.866026 -0.433013 0.250000
vn 0.000000 -0.908327 0.418261
vn 0.000000 -0.908327 0.418261
vn 0.000000 -0.866026 0.499999
vn 0.000000 -0.866026 0.499999
vn 0.862357 -0.477148 0.169320
vn 0.862358 -0.477148 0.169320
vn 0.866025 -0.433013 0.250000
vn 0.866025 -0.433013 0.250000
vn 0.862358 0.385209 -0.328562
vn 0.862357 0.385209 -0.328562
vn 0.866026 0.433012 -0.250000
vn 0.866026 0.433012 -0.250000
vn 0.000000 -0.500001 -0.866025
vn 0.000000 -0.500002 -0.866024
vn -0.000002 -0.500002 -0.866024
vn 0.000000 -0.500006 -0.866022
vn 0.000000 -0.500001 -0.866025
vn -0.000002 -0.500002 -0.866024
vn -0.000006 -0.500006 -0.866022
vn 0.000000 -0.500006 -0.866022
vn -0.000002 -0.500002 -0.866024
vn -0.000006 -0.499998 -0.866026
vn -0.000006 -0.500006 -0.866022
vn -0.000002 -0.500002 -0.866024
vn 0.000000 -0.499998 -0.866027
vn -0.000006 -0.499998 -0.866026
vn -0.000002 -0.500002 -0.866024
vn 0.000000 -0.500002 -0.866024
vn 0.000000 -0.499998 -0.866027
vn -0.000002 -0.500002 -0.866024
vn 0.000000 0.500000 0.866025
vn 0.000000 0.500000 0.866025
vn 0.000000 0.500000 0.866026
vn 0.000000 0.500000 0.866025
vn 0.000000 0.500000 0.866026
vn 0.000000 0.500000 0.866026
vn 0.000000 0.500000 0.866026
vn 0.000000 0.499999 0.866026
vn 0.000000 0.500000 0.866026
vn 0.000000 0.499999 0.866026
vn 0.000000 0.500000 0.866026
vn 0.000000 0.500000 0.866026
vn 0.000000 0.500000 0.866026
vn 0.000000 0.500000 0.866025
vn 0.000000 0.500000 0.866026
vn 0.000000 0.500000 0.866025
vn 0.000000 0.500000 0.866025
vn 0.000000 0.500000 0.866026
vn 0.000000 0.816388 -0.577504
vn 0.000000 0.816388 -0.577504
vn 0.000000 0.771422 -0.636324
vn 0.000000 0.771422 -0.636324
vn -0.862357 0.385210 -0.328563
vn -0.862357 0.385210 -0.328563
vn -0.860170 0.372043 -0.348842
vn -0.860306 0.372785 -0.347714
vn -0.862358 -0.477148 0.169320
vn -0.862358 -0.477148 0.169320
vn -0.865852 -0.442941 0.232603
vn -0.866005 -0.436457 0.244010
vn 0.000000 -0.908327 0.418261
vn 0.000000 -0.908327 0.418261
vn 0.000000 -0.846193 0.532876
vn 0.000000 -0.846193 0.532876
vn 0.862358 -0.477148 0.169320
vn 0.862357 -0.477148 0.169320
vn 0.866005 -0.436457 0.244010
vn 0.865852 -0.442941 0.232603
vn 0.862357 0.385209 -0.328562
vn 0.862358 0.385209 -0.328562
vn 0.860306 0.372785 -0.347714
vn 0.860170 0.372043 -0.348842
vn 0.000000 0.771422 -0.636324
vn 0.000000 0.771422 -0.636324
vn 0.000000 0.750108 -0.661315
vn 0.000000 0.750108 -0.661315
vn -0.860306 0.372785 -0.347714
vn -0.860170 0.372043 -0.348842
vn -0.857756 0.359944 -0.367009
vn -0.857168 0.357258 -0.370984
vn -0.866005 -0.436457 0.244010
vn -0.865852 -0.442941 0.232603
vn -0.865946 -0.439749 0.238239
vn -0.865637 -0.447790 0.223957
vn 0.000000 -0.846193 0.532876
vn 0.000000 -0.846193 0.532876
vn 0.000000 -0.845925 0.533302
vn 0.000000 -0.845925 0.533302
vn 0.865852 -0.442941 0.232603
vn 0.866005 -0.436457 0.244010
vn 0.865637 -0.447790 0.223957
vn 0.865946 -0.439750 0.238239
vn 0.860170 0.372043 -0.348842
vn 0.860306 0.372785 -0.347714
vn 0.857168 0.357258 -0.370984
vn 0.857755 0.359945 -0.367009
vn 0.000000 0.750108 -0.661315
vn 0.000000 0.750108 -0.661315
vn 0.000000 0.755456 -0.655199
vn 0.000000 0.755456 -0.655199
vn -0.857168 0.357258 -0.370984
vn -0.857756 0.359944 -0.367009
vn -0.857459 0.358576 -0.369036
vn -0.854719 0.346830 -0.386218
vn -0.865637 -0.447790 0.223957
vn -0.865946 -0.439749 0.238239
vn -0.846034 -0.529830 0.059223
vn -0.847805 -0.525927 0.068029
vn 0.000000 -0.845925 0.533302
vn 0.000000 -0.845925 0.533302
vn 0.000000 -0.959979 0.280074
vn 0.000000 -0.959979 0.280074
vn 0.865946 -0.439750 0.238239
vn 0.865637 -0.447790 0.223957
vn 0.847805 -0.525927 0.068030
vn 0.846034 -0.529830 0.059224
vn 0.857755 0.359945 -0.367009
vn 0.857168 0.357258 -0.370984
vn 0.854719 0.346830 -0.386218
vn 0.857459 0.358576 -0.369036
vn 0.000000 0.996129 -0.087899
vn 0.000000 0.996129 -0.087899
vn 0.000000 0.996129 -0.087899
vn 0.000000 0.996129 -0.087899
vn -0.854719 0.346830 -0.386218
vn -0.857459 0.358576 -0.369036
vn -0.851836 0.516058 -0.089776
vn -0.851836 0.516058 -0.089776
vn -0.847805 -0.525927 0.068029
vn -0.846034 -0.529830 0.059223
vn -0.809291 -0.582642 -0.074674
vn -0.809291 -0.582642 -0.074674
vn 0.000000 -0.959979 0.280074
vn 0.000000 -0.959979 0.280074
vn 0.000000 -0.998085 -0.061863
vn 0.000000 -0.998085 -0.061863
vn 0.846034 -0.529830 0.059224
vn 0.847805 -0.525927 0.068030
vn 0.809291 -0.582642 -0.074674
vn 0.809291 -0.582642 -0.074674
vn 0.857459 0.358576 -0.369036
vn 0.854719 0.346830 -0.386218
vn 0.851836 0.516058 -0.089776
vn 0.851836 0.516058 -0.089776
vn 0.991051 0.115601 -0.066742
vn 0.991051 0.115601 -0.066742
vn 0.991051 0.115601 -0.066742
vn 0.000000 0.611126 0.791533
vn 0.000000 0.611126 0.791533
vn 0.000000 0.611127 0.791533
vn 0.000000 -0.379925 -0.925017
vn 0.000000 -0.379925 -0.925017
vn 0.000000 -0.379925 -0.925017
vn -0.991051 0.115601 -0.066742
vn -0.991051 0.115601 -0.066742
vn -0.991051 0.115601 -0.066742
vn 0.991051 0.115601 -0.066742
vn 0.991051 0.115601 -0.066742
vn 0.991051 0.115601 -0.066742
vn 0.000000 0.611126 0.791533
vn 0.000000 0.611126 0.791533
vn 0.000000 0.611126 0.791533
vn 0.000000 -0.379924 -0.925018
vn 0.000000 -0.379924 -0.925018
vn 0.000000 -0.379924 -0.925018
vn -0.991051 0.115601 -0.066742
vn -0.991051 0.115601 -0.066742
vn -0.991051 0.115601 -0.066742
vn 0.000000 0.000000 1.000000
vn 0.000000 0.000000 1.000000
vn 0.000000 0.000000 1.000000
vn 0.000000 0.000000 1.000000
vn 0.000000 1.000000 0.000000
vn 0.000000 1.000000 0.000000
vn 0.000000 1.000000 0.000000
vn 0.000000 1.000000 0.000000
vn 0.000000 0.000000 -1.000000
vn 0.000000 0.000000 -1.000000
vn 0.000000 0.000000 -1.000000
vn 0.000000 0.000000 -1.000000
vn 0.000000 -1.000000 0.000000
vn 0.000000 -1.000000 0.000000
vn 0.000000 -1.000000 0.000000
vn 0.000000 -1.000000 0.000000
vn 1.000000 0.000000 0.000000
vn 1.000000 0.000000 0.000000
vn 1.000000 0.000000 0.000000
vn 1.000000 0.000000 0.000000
vn -1.000000 0.000000 0.000000
vn -1.000000 0.000000 0.000000
vn -1.000000 0.000000 0.000000
vn -1.000000 0.000000 0.000000
vn 0.010758 -0.999920 0.006597
vn 0.010758 -0.999920 0.006597
vn 0.010758 -0.999920 0.006597
vn 0.010758 -0.999920 0.006597
vn 0.075212 -0.996948 0.020944
vn 0.075212 -0.996948 0.020944
vn 0.075212 -0.996948 0.020944
vn 0.075212 -0.996948 0.020944
vn 0.015414 -0.999854 -0.007431
vn 0.015414 -0.999854 -0.007431
vn 0.015414 -0.999854 -0.007431
vn 0.015414 -0.999854 -0.007431
vn 0.059207 -0.997989 -0.022658
vn 0.065085 -0.997864 -0.005538
vn 0.063525 -0.997929 -0.010088
vn 0.059207 -0.997989 -0.022658
vn 0.011008 -0.999934 0.003400
vn 0.011008 -0.999934 0.003400
vn 0.011008 -0.999934 0.003400
vn 0.011008 -0.999934 0.003400
vn 0.074426 -0.997042 0.019186
vn 0.074439 -0.997041 0.019176
vn 0.075158 -0.996998 0.018586
vn 0.075158 -0.996998 0.018586
vn 0.063525 -0.997929 -0.010088
vn 0.065085 -0.997864 -0.005538
vn 0.074439 -0.997041 0.019176
vn 0.074426 -0.997042 0.019186
vn 0.011043 -0.999935 0.002959
vn 0.011043 -0.999935 0.002959
vn 0.011043 -0.999935 0.002959
vn 0.011043 -0.999935 0.002959
vn 0.878361 -0.464263 -0.113760
vn 0.878361 -0.464263 -0.113760
vn 0.857042 -0.514699 -0.023728
vn 0.849751 -0.527185 0.000327
vn -0.293351 0.282080 0.913442
vn -0.293351 0.282080 0.913442
vn -0.308718 -0.004538 0.951143
vn -0.304001 0.144630 0.941629
vn -0.961249 0.142297 0.236118
vn -0.961249 0.142297 0.236118
vn -0.941175 0.287663 0.177312
vn -0.948916 0.249135 0.193623
vn 0.979969 -0.169893 0.103908
vn 0.979969 -0.169893 0.103908
vn 0.822518 -0.543718 0.166839
vn 0.929996 -0.342074 0.134509
vn 0.605351 -0.233631 0.760899
vn 0.605351 -0.233631 0.760899
vn 0.333561 -0.391784 0.857463
vn 0.372853 -0.372677 0.849760
vn -0.878361 0.464263 0.113760
vn -0.878361 0.464263 0.113760
vn -0.849751 0.527185 -0.000327
vn -0.857042 0.514699 0.023728
vn -0.181994 0.129057 0.974794
vn -0.181994 0.129057 0.974794
vn -0.129455 -0.107574 0.985733
vn -0.151451 -0.013429 0.988374
vn -0.984333 0.176322 0.000000
vn -0.984333 0.176322 0.000000
vn -0.969496 0.239787 -0.050796
vn -0.971983 0.230959 -0.043672
vn 0.054398 0.060574 -0.996680
vn 0.054398 0.060574 -0.996680
vn 0.001826 0.128516 -0.991706
vn -0.036249 0.177117 -0.983522
vn 0.965687 -0.109264 -0.235605
vn 0.965687 -0.109263 -0.235605
vn 0.954785 -0.237176 -0.179257
vn 0.945036 -0.287656 -0.155435
vn 0.535930 0.096824 -0.838692
vn 0.535930 0.096824 -0.838692
vn 0.473116 -0.044087 -0.879896
vn 0.443958 -0.101388 -0.890293
vn 0.215766 -0.187177 -0.958337
vn 0.215766 -0.187177 -0.958337
vn 0.215766 -0.187176 -0.958337
vn 0.215766 -0.187177 -0.958337
vn -0.941900 0.215769 0.257428
vn -0.941900 0.215769 0.257428
vn -0.941900 0.215769 0.257428
vn -0.941900 0.215769 0.257428
vn 0.991534 -0.126766 -0.028119
vn 0.991534 -0.126766 -0.028119
vn 0.925571 -0.376665 0.037971
vn 0.910324 -0.411167 0.047465
vn 0.993701 -0.110268 -0.019973
vn 0.993701 -0.110268 -0.019973
vn 0.944800 -0.325251 0.039555
vn 0.930164 -0.363658 0.050482
vn 0.181994 -0.129057 -0.974794
vn 0.181994 -0.129057 -0.974794
vn 0.151451 0.013429 -0.988374
vn 0.129455 0.107574 -0.985733
vn -0.215766 0.187176 0.958337
vn -0.215766 0.187176 0.958337
vn -0.215766 0.187176 0.958337
vn -0.215766 0.187176 0.958337
vn -0.984333 0.176322 0.000000
vn -0.984333 0.176322 0.000000
vn -0.984333 0.176322 0.000000
vn -0.984333 0.176322 0.000000
vn -0.948916 0.249135 0.193623
vn -0.941175 0.287663 0.177312
vn -0.963131 0.267635 0.027403
vn -0.938726 0.342581 0.037830
vn -0.304001 0.144630 0.941629
vn -0.308718 -0.004538 0.951143
vn -0.296006 -0.315743 0.901492
vn -0.296006 -0.315743 0.901492
vn 0.849751 -0.527185 0.000327
vn 0.857042 -0.514699 -0.023728
vn 0.820985 -0.565377 0.079573
vn 0.820985 -0.565377 0.079573
vn -0.857042 0.514699 0.023728
vn -0.849751 0.527185 -0.000327
vn -0.820985 0.565377 -0.079573
vn -0.820985 0.565377 -0.079573
vn 0.372853 -0.372677 0.849760
vn 0.333561 -0.391784 0.857463
vn 0.180249 -0.456567 0.871239
vn 0.180249 -0.456567 0.871239
vn 0.929996 -0.342074 0.134509
vn 0.822518 -0.543718 0.166839
vn 0.879053 -0.426003 0.213979
vn 0.879887 -0.446395 0.162884
vn 0.910324 -0.411167 0.047465
vn 0.925571 -0.376665 0.037971
vn 0.879887 -0.446395 0.162884
vn 0.888533 -0.437895 0.136954
vn 0.930164 -0.363658 0.050482
vn 0.944800 -0.325251 0.039555
vn 0.888533 -0.437895 0.136954
vn 0.925067 -0.373956 0.066397
vn 0.945036 -0.287656 -0.155435
vn 0.954785 -0.237176 -0.179257
vn 0.925067 -0.373956 0.066397
vn 0.946108 -0.323809 -0.005191
vn 0.443958 -0.101388 -0.890293
vn 0.473116 -0.044087 -0.879896
vn 0.374186 -0.111367 -0.920642
vn -0.007308 0.203433 -0.979062
vn -0.036249 0.177117 -0.983522
vn 0.001826 0.128516 -0.991706
vn -0.007308 0.203433 -0.979062
vn -0.104884 0.264404 -0.958692
vn -0.971983 0.230959 -0.043672
vn -0.969496 0.239787 -0.050796
vn -0.964341 0.215479 -0.153671
vn -0.959144 0.246232 -0.139330
vn -0.151451 -0.013429 0.988374
vn -0.129455 -0.107574 0.985733
vn -0.103508 -0.271295 0.956914
vn -0.089157 -0.305199 0.948106
vn 0.129455 0.107574 -0.985733
vn 0.151451 0.013429 -0.988374
vn 0.089157 0.305199 -0.948106
vn 0.103508 0.271295 -0.956914
vn -0.926318 0.358112 -0.117013
vn -0.926318 0.358112 -0.117013
vn -0.956164 0.242893 -0.163564
vn -0.948078 0.281212 -0.148554
vn -0.124966 -0.381853 0.915735
vn -0.124966 -0.381853 0.915736
vn -0.167536 -0.273544 0.947156
vn -0.152280 -0.313539 0.937285
vn 0.124966 0.381854 -0.915735
vn 0.124966 0.381854 -0.915735
vn 0.152281 0.313539 -0.937285
vn 0.167536 0.273544 -0.947156
vn -0.941823 0.308975 0.132303
vn -0.941823 0.308975 0.132303
vn -0.979283 0.202466 0.003585
vn -0.963131 0.267635 0.027403
vn 0.973406 0.086736 0.212033
vn 0.973406 0.086736 0.212033
vn 0.973406 0.086736 0.212033
vn 0.973406 0.086736 0.212033
vn -0.938726 0.342581 0.037830
vn -0.963131 0.267635 0.027403
vn -0.965597 -0.032610 -0.257992
vn -0.965585 -0.032964 -0.257990
vn 0.879887 -0.446395 0.162884
vn 0.879053 -0.426003 0.213979
vn 0.964697 0.043688 0.259713
vn 0.964665 0.044436 0.259704
vn -0.255325 0.005469 0.966840
vn -0.255325 0.005469 0.966840
vn -0.255325 0.005469 0.966840
vn -0.255326 0.005469 0.966840
vn -0.973406 -0.086736 -0.212033
vn -0.973406 -0.086736 -0.212033
vn -0.973406 -0.086736 -0.212033
vn -0.973406 -0.086736 -0.212033
vn -0.089157 -0.305199 0.948106
vn -0.103508 -0.271295 0.956914
vn -0.208458 0.001653 0.978030
vn -0.208458 0.001653 0.978030
vn -0.959144 0.246232 -0.139330
vn -0.964341 0.215479 -0.153671
vn -0.965434 -0.031898 -0.258688
vn -0.965434 -0.031898 -0.258688
vn -0.104884 0.264404 -0.958692
vn -0.007308 0.203433 -0.979062
vn 0.183351 -0.001533 -0.983046
vn 0.106243 -0.003066 -0.994335
vn 0.946108 -0.323809 -0.005191
vn 0.925067 -0.373956 0.066397
vn 0.964906 0.045936 0.258546
vn 0.964906 0.045936 0.258547
vn -0.007308 0.203433 -0.979062
vn 0.374186 -0.111367 -0.920642
vn 0.258819 -0.000001 -0.965926
vn 0.183351 -0.001533 -0.983046
vn 0.167536 0.273544 -0.947156
vn 0.152281 0.313539 -0.937285
vn 0.258819 0.000000 -0.965926
vn 0.258819 0.000000 -0.965926
vn -0.963131 0.267635 0.027403
vn -0.979283 0.202466 0.003585
vn -0.965608 -0.032254 -0.257994
vn -0.965597 -0.032610 -0.257992
vn 0.888533 -0.437895 0.136954
vn 0.879887 -0.446395 0.162884
vn 0.964665 0.044436 0.259704
vn 0.964770 0.045561 0.259121
vn 0.925067 -0.373956 0.066397
vn 0.888533 -0.437895 0.136954
vn 0.964770 0.045561 0.259121
vn 0.964906 0.045936 0.258546
vn 0.103508 0.271295 -0.956914
vn 0.089157 0.305199 -0.948106
vn 0.208458 -0.001653 -0.978030
vn 0.208458 -0.001653 -0.978030
vn -0.152280 -0.313539 0.937285
vn -0.167536 -0.273544 0.947156
vn -0.258819 -0.000000 0.965926
vn -0.258819 -0.000000 0.965926
vn -0.948078 0.281212 -0.148554
vn -0.956164 0.242893 -0.163564
vn -0.965434 -0.031898 -0.258688
vn -0.965434 -0.031898 -0.258688
vn 0.000000 0.000000 0.000000
vn 0.000000 0.000000 0.000000
vn 0.000000 0.000000 0.000000
vn 0.000000 0.000000 0.000000
vn 0.000000 0.000000 0.000000
vn 0.000000 0.000000 0.000000
vn 0.000000 0.000000 0.000000
vn -0.338884 0.002484 0.940825
vn -0.338884 0.002484 0.940825
vn -0.338884 0.002484 0.940825
vn -0.338884 0.002484 0.940825
vn 0.000000 0.000000 0.000000
vn 0.000000 0.000000 0.000000
vn 0.000000 0.000000 0.000000
vn 0.000000 0.000000 0.000000
vn 0.000000 0.000000 0.000000
vn 0.000000 0.000000 0.000000
vn 0.000000 0.000000 0.000000
vn 0.000000 0.000000 0.000000
vn 0.000000 0.000000 0.000000
vn 0.000000 0.000000 0.000000
vn -0.093520 0.988723 0.116969
vn -0.093520 0.988723 0.116969
vn -0.093520 0.988723 0.116969
vn -0.093520 0.988723 0.116969
vn -0.994884 -0.100353 -0.011611
vn -0.994884 -0.100353 -0.011611
vn -0.994884 -0.100353 -0.011611
vn -0.994884 -0.100353 -0.011611
vn 0.029815 -0.989431 0.141906
vn 0.029815 -0.989431 0.141906
vn 0.029815 -0.989431 0.141906
vn 0.029815 -0.989431 0.141906
vn 0.982109 0.053179 0.180649
vn 0.982109 0.053179 0.180649
vn 0.982109 0.053179 0.180649
vn 0.982109 0.053179 0.180649
vn 0.000000 0.000000 0.000000
vn 0.000000 0.000000 0.000000
vn 0.000000 0.000000 0.000000
vn -0.035508 -0.990934 0.129575
vn -0.035508 -0.990934 0.129575
vn -0.035508 -0.990934 0.129575
vn -0.035508 -0.990934 0.129575
vn 0.688657 0.083046 0.720316
vn 0.688657 0.083046 0.720316
vn 0.688657 0.083046 0.720316
vn 0.688657 0.083046 0.720316
vn -0.059221 0.990846 0.121310
vn -0.059221 0.990846 0.121310
vn -0.059221 0.990847 0.121310
vn -0.059221 0.990847 0.121310
vn -0.987062 -0.032526 -0.157004
vn -0.987062 -0.032526 -0.157004
vn -0.987062 -0.032526 -0.157004
vn -0.987062 -0.032526 -0.157004
vn -0.031409 -0.937696 -0.346036
vn -0.031409 -0.937696 -0.346036
vn -0.031409 -0.937696 -0.346036
vn -0.031409 -0.937696 -0.346036
vn 0.016106 -0.933430 -0.358397
vn 0.016106 -0.933430 -0.358397
vn 0.016106 -0.933430 -0.358397
vn 0.016106 -0.933430 -0.358397
vn -0.012965 -0.871631 -0.489991
vn -0.012965 -0.871631 -0.489991
vn -0.012965 -0.871631 -0.489991
vn -0.012965 -0.871631 -0.489991
vn -0.051325 -0.857488 -0.511938
vn -0.051325 -0.857488 -0.511938
vn -0.058749 -0.862730 -0.502240
vn -0.061434 -0.864590 -0.498708
vn -0.011513 -0.877273 -0.479853
vn -0.011513 -0.877273 -0.479853
vn -0.011513 -0.877274 -0.479853
vn -0.011513 -0.877273 -0.479853
vn -0.076855 -0.874177 -0.479487
vn -0.077407 -0.873769 -0.480141
vn -0.077407 -0.873769 -0.480141
vn -0.076865 -0.874170 -0.479498
vn -0.058749 -0.862730 -0.502240
vn -0.076855 -0.874177 -0.479487
vn -0.076865 -0.874170 -0.479498
vn -0.061434 -0.864590 -0.498708
vn -0.011432 -0.877065 -0.480235
vn -0.011432 -0.877065 -0.480235
vn -0.011432 -0.877065 -0.480235
vn -0.011432 -0.877065 -0.480235
vn -0.890505 -0.393998 -0.227523
vn -0.975616 -0.182063 -0.122585
vn -0.976097 -0.180123 -0.121615
vn -0.890505 -0.393998 -0.227523
vn 0.088915 -0.066276 0.993832
vn 0.157721 -0.352571 0.922398
vn 0.170929 -0.411258 0.895349
vn 0.088915 -0.066276 0.993832
vn 0.961249 0.011412 0.275445
vn 0.969989 -0.071910 0.232270
vn 0.970350 -0.079303 0.228323
vn 0.961249 0.011412 0.275445
vn -0.980527 -0.152971 0.123153
vn -0.979185 -0.174867 0.103044
vn -0.976428 -0.200958 0.078773
vn -0.980527 -0.152971 0.123153
vn -0.654192 -0.240800 0.716972
vn -0.553330 -0.550044 0.625522
vn -0.552467 -0.551849 0.624694
vn -0.654192 -0.240800 0.716972
vn 0.890505 0.393998 0.227523
vn 0.976097 0.180123 0.121615
vn 0.975616 0.182063 0.122585
vn 0.890505 0.393998 0.227523
vn -0.076929 -0.191747 0.978425
vn -0.072185 -0.414277 0.907284
vn -0.070637 -0.459557 0.885335
vn -0.076929 -0.191747 0.978425
vn 0.984333 0.154656 0.084681
vn 0.998766 0.043568 0.023856
vn 0.999137 0.036429 0.019946
vn 0.984333 0.154656 0.084681
vn 0.197208 0.367681 -0.908801
vn 0.222941 0.482296 -0.847164
vn 0.215930 0.450144 -0.866455
vn 0.197208 0.367681 -0.908801
vn -0.940821 -0.149618 -0.304089
vn -0.972647 -0.004676 -0.232241
vn -0.972168 -0.008344 -0.234137
vn -0.940821 -0.149618 -0.304089
vn -0.475247 0.067415 -0.877266
vn -0.311808 0.484693 -0.817220
vn -0.337156 0.435142 -0.834852
vn -0.475247 0.067415 -0.877266
vn 0.025842 0.145929 -0.988957
vn 0.025842 0.145929 -0.988958
vn 0.025842 0.145929 -0.988957
vn 0.025842 0.145929 -0.988957
vn 0.941899 0.065622 0.329423
vn 0.941899 0.065622 0.329422
vn 0.941900 0.065622 0.329423
vn 0.941899 0.065622 0.329422
vn -0.990091 -0.123173 -0.067443
vn -0.992715 -0.105680 -0.057865
vn -0.992820 -0.104921 -0.057449
vn -0.990091 -0.123173 -0.067443
vn -0.990565 -0.122176 -0.062073
vn -0.992713 -0.107667 -0.054118
vn -0.992793 -0.107084 -0.053798
vn -0.990565 -0.122176 -0.062073
vn 0.076929 0.191747 -0.978425
vn 0.070637 0.459557 -0.885335
vn 0.072185 0.414277 -0.907284
vn 0.076929 0.191747 -0.978425
vn -0.025842 -0.145929 0.988958
vn -0.025842 -0.145929 0.988957
vn -0.025842 -0.145929 0.988958
vn -0.025842 -0.145929 0.988958
vn 0.984333 0.154656 0.084682
vn 0.984333 0.154656 0.084682
vn 0.984333 0.154656 0.084682
vn 0.984333 0.154656 0.084682
vn 0.969989 -0.071910 0.232270
vn 0.979048 -0.157240 0.129384
vn 0.975273 -0.192779 0.108065
vn 0.970350 -0.079303 0.228323
vn 0.157721 -0.352571 0.922398
vn 0.239989 -0.760049 0.603929
vn 0.239989 -0.760049 0.603929
vn 0.170929 -0.411258 0.895349
vn -0.975616 -0.182063 -0.122585
vn -0.999279 -0.010796 -0.036389
vn -0.999279 -0.010796 -0.036389
vn -0.976097 -0.180123 -0.121615
vn 0.976097 0.180123 0.121615
vn 0.999279 0.010796 0.036389
vn 0.999279 0.010796 0.036389
vn 0.975616 0.182063 0.122585
vn -0.553330 -0.550044 0.625522
vn -0.464621 -0.702934 0.538527
vn -0.464621 -0.702934 0.538527
vn -0.552467 -0.551849 0.624694
vn -0.979185 -0.174867 0.103044
vn -0.997100 -0.075578 -0.008937
vn -0.989358 -0.134267 0.056060
vn -0.976428 -0.200958 0.078773
vn -0.992715 -0.105680 -0.057865
vn -0.997704 -0.060433 -0.030585
vn -0.997100 -0.075578 -0.008937
vn -0.992820 -0.104921 -0.057449
vn -0.992713 -0.107667 -0.054118
vn -0.995443 0.040458 -0.086354
vn -0.997704 -0.060433 -0.030585
vn -0.992793 -0.107084 -0.053798
vn -0.972647 -0.004676 -0.232241
vn -0.988926 0.098114 -0.111347
vn -0.995443 0.040458 -0.086354
vn -0.972168 -0.008344 -0.234137
vn -0.311808 0.484693 -0.817220
vn 0.123164 0.612238 -0.781022
vn -0.170374 0.557390 -0.812582
vn -0.337156 0.435142 -0.834852
vn 0.222941 0.482296 -0.847164
vn 0.239029 0.621487 -0.746069
vn 0.123164 0.612238 -0.781022
vn 0.215930 0.450144 -0.866455
vn 0.998766 0.043568 0.023856
vn 0.994014 -0.095829 -0.052471
vn 0.994870 -0.088728 -0.048583
vn 0.999137 0.036429 0.019946
vn -0.072185 -0.414277 0.907284
vn -0.052988 -0.708712 0.703505
vn -0.052967 -0.712692 0.699474
vn -0.070637 -0.459557 0.885335
vn 0.070637 0.459557 -0.885335
vn 0.052967 0.712692 -0.699474
vn 0.052988 0.708712 -0.703505
vn 0.072185 0.414277 -0.907284
vn 0.991671 -0.112974 -0.061859
vn 0.994167 -0.094601 -0.051799
vn 0.995138 -0.086387 -0.047301
vn 0.991670 -0.112974 -0.061859
vn 0.014179 -0.792697 0.609452
vn 0.011060 -0.731392 0.681868
vn 0.011211 -0.734457 0.678563
vn 0.014179 -0.792696 0.609452
vn -0.014179 0.792696 -0.609452
vn -0.011211 0.734457 -0.678563
vn -0.011060 0.731392 -0.681868
vn -0.014179 0.792696 -0.609452
vn 0.948050 -0.286326 0.138630
vn 0.975273 -0.192779 0.108065
vn 0.974760 -0.204504 0.089563
vn 0.948050 -0.286326 0.138630
vn -0.996923 0.048104 0.061897
vn -0.996923 0.048104 0.061897
vn -0.996923 0.048104 0.061897
vn -0.996923 0.048104 0.061897
vn 0.979048 -0.157240 0.129384
vn 0.999456 -0.029255 -0.015206
vn 0.999468 -0.028945 -0.015035
vn 0.975273 -0.192779 0.108065
vn -0.997100 -0.075578 -0.008937
vn -0.999012 0.038409 0.022377
vn -0.999045 0.037753 0.022018
vn -0.989358 -0.134267 0.056060
vn -0.003612 -0.475457 0.879731
vn -0.003612 -0.475457 0.879731
vn -0.003612 -0.475457 0.879731
vn -0.003612 -0.475457 0.879731
vn 0.996923 -0.048105 -0.061897
vn 0.996923 -0.048105 -0.061897
vn 0.996923 -0.048105 -0.061897
vn 0.996923 -0.048105 -0.061897
vn -0.052988 -0.708712 0.703505
vn -0.051778 -0.478173 0.876738
vn -0.051778 -0.478173 0.876738
vn -0.052967 -0.712692 0.699474
vn 0.994014 -0.095829 -0.052471
vn 0.999491 -0.027978 -0.015320
vn 0.999491 -0.027978 -0.015320
vn 0.994870 -0.088728 -0.048583
vn 0.239029 0.621487 -0.746069
vn 0.154730 0.471791 -0.868027
vn 0.077328 0.477484 -0.875231
vn 0.123164 0.612238 -0.781022
vn -0.988926 0.098114 -0.111347
vn -0.998944 0.040291 0.022062
vn -0.998944 0.040292 0.022062
vn -0.995443 0.040458 -0.086354
vn 0.123164 0.612238 -0.781022
vn 0.077328 0.477484 -0.875231
vn -0.000000 0.480266 -0.877123
vn -0.170374 0.557390 -0.812582
vn -0.011211 0.734457 -0.678563
vn 0.000000 0.480267 -0.877122
vn 0.000000 0.480267 -0.877122
vn -0.011060 0.731392 -0.681868
vn 0.975273 -0.192779 0.108065
vn 0.999468 -0.028945 -0.015035
vn 0.999479 -0.028633 -0.014864
vn 0.974760 -0.204504 0.089563
vn -0.997704 -0.060433 -0.030585
vn -0.998961 0.039679 0.022400
vn -0.999012 0.038409 0.022377
vn -0.997100 -0.075578 -0.008937
vn -0.995443 0.040458 -0.086354
vn -0.998944 0.040292 0.022062
vn -0.998961 0.039679 0.022400
vn -0.997704 -0.060433 -0.030585
vn 0.052967 0.712692 -0.699474
vn 0.051778 0.478173 -0.876738
vn 0.051778 0.478173 -0.876738
vn 0.052988 0.708712 -0.703505
vn 0.011060 -0.731392 0.681868
vn -0.000000 -0.480267 0.877122
vn -0.000000 -0.480267 0.877122
vn 0.011211 -0.734457 0.678563
vn 0.994167 -0.094601 -0.051799
vn 0.999491 -0.027978 -0.015320
vn 0.999491 -0.027978 -0.015320
vn 0.995138 -0.086387 -0.047301
vn 0.000000 0.000000 0.000000
vn 0.000000 0.000000 0.000000
vn 0.000000 0.000000 0.000000
vn 0.000000 0.000000 0.000000
vn 0.000000 0.000000 0.000000
vn 0.000000 0.000000 0.000000
vn 0.000000 0.000000 0.000000
vn 0.083833 -0.476395 0.875226
vn 0.083833 -0.476395 0.875226
vn 0.083834 -0.476395 0.875225
vn 0.083834 -0.476395 0.875226
vn 0.000000 0.000000 0.000000
vn 0.000000 0.000000 0.000000
vn 0.000000 0.000000 0.000000
vn 0.000000 0.000000 0.000000
vn 0.000000 0.000000 0.000000
vn 0.000000 0.000000 0.000000
vn 0.000000 0.000000 0.000000
vn 0.000000 0.000000 0.000000
vn 0.000000 0.000000 0.000000
vn 0.000000 0.000000 0.000000
vn 0.429436 0.734721 0.525138
vn 0.429436 0.734721 0.525138
vn 0.429436 0.734721 0.525138
vn 0.429436 0.734721 0.525138
vn 0.956281 -0.061562 0.285897
vn 0.956281 -0.061562 0.285897
vn 0.956281 -0.061562 0.285897
vn 0.956281 -0.061562 0.285897
vn 0.068973 -0.927243 -0.368054
vn 0.068973 -0.927243 -0.368054
vn 0.068973 -0.927243 -0.368054
vn 0.068973 -0.927243 -0.368054
vn -0.995400 0.084920 -0.044362
vn -0.995400 0.084920 -0.044362
vn -0.995400 0.084920 -0.044362
vn -0.995400 0.084920 -0.044362
vn 0.000000 0.000000 0.000000
vn 0.000000 0.000000 0.000000
vn 0.000000 0.000000 0.000000
vn -0.053776 -0.925928 -0.373853
vn -0.053776 -0.925928 -0.373853
vn -0.053776 -0.925928 -0.373853
vn -0.053776 -0.925928 -0.373853
vn -0.798748 0.039218 0.600386
vn -0.798748 0.039218 0.600386
vn -0.798748 0.039218 0.600386
vn -0.798748 0.039218 0.600386
vn -0.142260 0.829002 0.540849
vn -0.142260 0.829002 0.540849
vn -0.142260 0.829002 0.540848
vn -0.142260 0.829002 0.540849
vn 0.994064 -0.078389 0.075439
vn 0.994064 -0.078389 0.075439
vn 0.994065 -0.078389 0.075439
vn 0.994065 -0.078389 0.075439
vn 0.991051 0.133485 0.000000
vn 0.991051 0.133485 0.000000
vn 0.991051 0.133485 0.000000
vn 0.000000 0.133485 0.991051
vn 0.000000 0.133485 0.991051
vn 0.000000 0.133485 0.991051
vn 0.000000 0.133485 -0.991051
vn 0.000000 0.133485 -0.991051
vn 0.000000 0.133485 -0.991051
vn -0.991051 0.133485 0.000000
vn -0.991051 0.133485 0.000000
vn -0.991051 0.133485 0.000000
s off
g pPlane11
usemtl Lambert1SG
f 4/1/1 5/2/2 2/3/3
f 1/4/4 2/3/5 5/2/6
f 3/5/7 5/2/8 4/1/9
f 1/4/10 5/2/11 3/5/12
f 9/6/13 10/7/14 7/8/15
f 6/9/16 7/8/17 10/7/18
f 8/10/19 10/7/20 9/6/21
f 6/9/22 10/7/23 8/10/24
f 14/11/25 15/12/26 12/13/27
f 11/14/28 12/13/29 15/12/30
f 13/15/31 15/12/32 14/11/33
f 11/14/34 15/12/35 13/15/36
f 19/16/37 20/17/38 17/18/39
f 16/19/40 17/18/41 20/17/42
f 18/20/43 20/17/44 19/16/45
f 16/19/46 20/17/47 18/20/48
f 24/21/49 25/22/50 22/23/51
f 21/24/52 22/23/53 25/22/54
f 23/25/55 25/22/56 24/21/57
f 21/24/58 25/22/59 23/25/60
f 29/26/61 30/27/62 27/28/63
f 26/29/64 27/28/65 30/27/66
f 28/30/67 30/27/68 29/26/69
f 26/29/70 30/27/71 28/30/72
f 34/31/73 35/32/74 32/33/75
f 31/34/76 32/33/77 35/32/78
f 33/35/79 35/32/80 34/31/81
f 31/34/82 35/32/83 33/35/84
f 39/36/85 40/37/86 37/38/87
f 36/39/88 37/38/89 40/37/90
f 38/40/91 40/37/92 39/36/93
f 36/39/94 40/37/95 38/40/96
f 44/41/97 45/42/98 42/43/99
f 41/44/100 42/43/101 45/42/102
f 43/45/103 45/42/104 44/41/105
f 41/44/106 45/42/107 43/45/108
f 49/46/109 50/47/110 47/48/111
f 46/49/112 47/48/113 50/47/114
f 48/50/115 50/47/116 49/46/117
f 46/49/118 50/47/119 48/50/120
f 54/51/121 55/52/122 52/53/123
f 51/54/124 52/53/125 55/52/126
f 53/55/127 55/52/128 54/51/129
f 51/54/130 55/52/131 53/55/132
f 59/56/133 60/57/134 57/58/135
f 56/59/136 57/58/137 60/57/138
f 58/60/139 60/57/140 59/56/141
f 56/59/142 60/57/143 58/60/144
f 155/61/145 157/62/146 105/63/147 103/64/148
f 102/65/149 104/66/150 158/67/151 156/68/152
f 156/68/153 155/61/154 103/64/155 102/65/156
f 161/69/157 141/70/158 66/71/159
f 66/71/160 140/72/161 161/69/162
f 162/73/163 161/69/164 140/72/165 142/74/166
f 143/75/167 141/70/168 161/69/169 162/73/170
f 153/76/171 150/77/172 157/62/173 155/61/174
f 163/78/175 147/79/176 143/75/177 162/73/178
f 154/80/179 151/81/180 147/79/181 163/78/182
f 156/68/183 158/67/184 151/81/185 154/80/186
f 153/76/187 155/61/188 156/68/189 154/80/190
f 163/78/191 153/76/192 154/80/193
f 162/73/194 142/74/195 146/82/196 163/78/197
f 163/78/198 146/82/199 150/77/200 153/76/201
f 98/83/202 141/70/203 143/75/204 145/84/205
f 144/85/206 142/74/207 140/72/208 99/86/209
f 145/84/210 143/75/211 147/79/212 149/87/213
f 148/88/214 146/82/215 142/74/216 144/85/217
f 149/87/218 147/79/219 151/81/220 160/89/221
f 152/90/222 150/77/223 146/82/224 148/88/225
f 160/89/226 158/67/227 104/66/228 108/91/229
f 157/62/230 150/77/231 152/90/232 159/92/233
f 109/93/234 105/63/235 157/62/236 159/92/237
f 94/94/238 98/83/239 145/84/240 164/95/241
f 152/90/242 165/96/243 159/92/244
f 94/94/245 164/95/246 166/97/247 90/98/248
f 165/96/249 95/99/250 91/100/251 167/101/252
f 164/95/253 160/89/254 108/91/255 114/102/256
f 115/103/257 109/93/258 159/92/259 165/96/260
f 164/95/261 114/102/262 116/104/263 166/97/264
f 115/103/265 165/96/266 167/101/267 117/105/268
f 88/106/269 90/98/270 166/97/271 168/107/272
f 167/101/273 91/100/274 89/108/275 169/109/276
f 168/107/277 166/97/278 116/104/279 120/110/280
f 121/111/281 117/105/282 167/101/283 169/109/284
f 88/106/285 168/107/286 198/112/287 180/113/288 84/114/289
f 169/109/290 89/108/291 85/115/292 181/116/293 199/117/294
f 168/107/295 120/110/296 202/118/297 198/112/298
f 121/111/299 169/109/300 199/117/301 203/119/302
f 202/118/303 120/110/304 126/120/305 190/121/306 206/122/307
f 191/123/308 127/124/309 121/111/310 203/119/311 207/125/312
f 84/114/313 180/113/314 170/126/315 80/127/316
f 181/116/317 85/115/318 81/128/319 171/129/320
f 180/130/321 182/131/322 172/132/323 170/133/324
f 183/134/325 181/135/326 171/136/327 173/137/328
f 182/131/329 184/138/330 174/139/331 172/132/332
f 185/140/333 183/134/334 173/137/335 175/141/336
f 184/138/337 186/142/338 176/143/339 174/139/340
f 187/144/341 185/140/342 175/141/343 177/145/344
f 186/142/345 188/146/346 178/147/347 176/143/348
f 189/148/349 187/144/350 177/145/351 179/149/352
f 188/146/353 189/148/354 179/149/355 178/147/356
f 182/131/357 180/130/358 198/150/359 200/151/360
f 181/135/361 183/134/362 201/152/363 199/153/364
f 184/138/365 182/131/366 200/151/367 210/154/368
f 201/152/369 183/134/370 185/140/371 211/155/372
f 186/142/373 184/138/374 210/154/375 212/156/376
f 185/140/377 187/144/378 213/157/379 211/155/380
f 188/146/381 186/142/382 212/156/383 214/158/384
f 187/144/385 189/148/386 215/159/387 213/157/388
f 189/148/389 188/146/390 214/158/391 215/159/392
f 200/151/393 198/150/394 202/160/395 204/161/396
f 205/162/397 203/163/398 199/153/399 201/152/400
f 204/161/401 202/160/402 206/164/403 208/165/404
f 203/163/405 205/162/406 209/166/407 207/167/408
f 210/154/409 200/151/410 204/161/411 216/168/412
f 217/169/413 205/162/414 201/152/415 211/155/416
f 212/156/417 210/154/418 216/168/419 218/170/420
f 219/171/421 217/169/422 211/155/423 213/157/424
f 214/158/425 212/156/426 218/170/427 220/172/428
f 221/173/429 219/171/430 213/157/431 215/159/432
f 221/173/433 215/159/434 214/158/435 220/172/436
f 216/168/437 204/161/438 208/165/439 222/174/440
f 205/162/441 217/169/442 223/175/443 209/166/444
f 218/170/445 216/168/446 222/174/447 224/176/448
f 217/169/449 219/171/450 225/177/451 223/175/452
f 220/172/453 218/170/454 224/176/455 226/178/456
f 219/171/457 221/173/458 227/179/459 225/177/460
f 221/173/461 220/172/462 226/178/463 227/179/464
f 190/121/465 126/120/466 131/180/467 192/181/468
f 192/181/469 131/180/470 135/182/471 195/183/472
f 197/184/473 195/183/474 135/182/475 139/185/476
f 138/186/477 134/187/478 194/188/479 196/189/480
f 197/184/481 139/185/482 138/186/483 196/189/484
f 190/121/485 228/190/486 206/122/487
f 191/123/488 207/125/489 229/191/490
f 190/121/491 192/181/492 230/192/493 228/190/494
f 192/181/495 195/183/496 232/193/497 230/192/498
f 195/183/499 197/184/500 234/194/501 232/193/502
f 196/189/503 194/188/504 233/195/505 235/196/506
f 197/184/507 196/189/508 235/196/509 234/194/510
f 229/197/511 207/167/512 209/166/513
f 208/165/514 206/164/515 228/198/516
f 208/165/517 228/198/518 230/199/519 236/200/520
f 222/174/521 208/165/522 236/200/523
f 236/200/524 230/199/525 232/201/526 238/202/527
f 224/176/528 222/174/529 236/200/530 238/202/531
f 240/203/532 238/202/533 232/201/534 234/204/535
f 239/205/536 225/177/537 227/179/538 241/206/539
f 240/203/540 226/178/541 224/176/542 238/202/543
f 241/206/544 227/179/545 226/178/546 240/203/547
f 240/203/548 234/204/549 235/207/550 241/206/551
f 235/207/552 233/208/553 239/205/554 241/206/555
f 223/175/556 225/177/557 239/205/558 237/209/559
f 237/209/560 239/205/561 233/208/562 231/210/563
f 237/209/564 209/166/565 223/175/566
f 231/211/567 233/195/568 194/188/569 193/212/570
f 231/210/571 229/197/572 209/166/573 237/209/574
f 193/212/575 130/213/576 127/124/577 191/123/578
f 194/188/579 134/187/580 130/213/581 193/212/582
f 231/211/583 193/212/584 191/123/585 229/191/586
f 242/214/587 73/215/588 67/216/589 72/217/590
f 73/215/591 242/214/592 244/218/593 77/219/594
f 242/214/595 243/220/596 244/218/597
f 242/214/598 72/217/599 76/221/600 245/222/601
f 242/214/602 245/222/603 243/220/604
f 245/222/605 76/221/606 80/127/607 247/223/608
f 77/219/609 244/218/610 246/224/611 81/128/612
f 243/220/613 245/222/614 247/223/615 338/225/616
f 244/218/617 243/220/618 337/226/619 246/224/620
f 257/227/621 178/147/622 179/149/623 258/228/624
f 247/223/625 80/127/626 170/126/627 249/229/628
f 250/230/629 171/129/630 81/128/631 246/224/632
f 342/231/633 250/230/634 246/224/635 335/232/636
f 341/233/637 336/234/638 247/223/639 249/229/640
f 249/235/641 170/133/642 172/132/643 251/236/644
f 252/237/645 173/137/646 171/136/647 250/238/648
f 346/239/649 259/240/650 248/241/651 260/242/652
f 251/236/653 172/132/654 174/139/655 253/243/656
f 254/244/657 175/141/658 173/137/659 252/237/660
f 255/245/661 257/227/662 258/228/663 256/246/664
f 345/247/665 252/237/666 250/238/667 340/248/668
f 344/249/669 339/250/670 249/235/671 251/236/672
f 253/243/673 174/139/674 176/143/675 255/245/676
f 255/245/677 176/143/678 178/147/679 257/227/680
f 262/251/681 261/252/682 251/236/683 253/243/684
f 256/246/685 177/145/686 175/141/687 254/244/688
f 258/228/689 179/149/690 177/145/691 256/246/692
f 256/246/693 254/244/694 262/251/695
f 262/251/696 255/245/697 256/246/698
f 262/251/699 254/244/700 252/237/701 343/253/702
f 262/251/703 253/243/704 255/245/705
f 115/103/706 117/105/707 119/254/708 113/255/709
f 119/254/710 117/105/711 121/111/712 123/256/713
f 123/256/714 121/111/715 127/124/716 125/257/717
f 116/104/718 114/102/719 112/258/720 118/259/721
f 122/260/722 120/110/723 116/104/724 118/259/725
f 126/120/726 120/110/727 122/260/728 124/261/729
f 292/262/730 291/263/731 297/264/732 295/265/733
f 292/262/734 295/265/735 296/266/736
f 293/267/737 294/268/738 299/269/739 300/270/740
f 294/268/741 298/271/742 299/269/743
f 112/258/744 114/102/745 108/91/746 110/272/747
f 111/273/748 109/93/749 115/103/750 113/255/751
f 128/274/752 125/257/753 127/124/754 130/213/755
f 110/272/756 108/91/757 104/66/758 106/275/759
f 131/180/760 126/120/761 124/261/762 129/276/763
f 301/277/764 302/278/765 296/266/766 295/265/767
f 301/277/768 295/265/769 297/264/770 303/279/771
f 299/269/772 298/271/773 304/280/774 305/281/775
f 306/282/776 300/270/777 299/269/778 305/281/779
f 107/283/780 105/63/781 109/93/782 111/273/783
f 132/284/784 128/274/785 130/213/786 134/187/787
f 135/182/788 131/180/789 129/276/790 133/285/791
f 307/286/792 308/287/793 302/278/794 301/277/795
f 307/286/796 301/277/797 303/279/798 309/288/799
f 305/281/800 304/280/801 310/289/802 311/290/803
f 312/291/804 306/282/805 305/281/806 311/290/807
f 100/292/808 102/65/809 103/64/810 101/293/811
f 101/293/812 103/64/813 105/63/814 107/283/815
f 136/294/816 132/284/817 134/187/818 138/186/819
f 106/275/820 104/66/821 102/65/822 100/292/823
f 139/185/824 135/182/825 133/285/826 137/295/827
f 136/294/828 138/186/829 139/185/830 137/295/831
f 313/296/832 307/286/833 309/288/834 314/297/835
f 311/290/836 310/289/837 315/298/838 316/299/839
f 313/296/840 317/300/841 308/287/842 307/286/843
f 316/299/844 315/298/845 317/300/846 313/296/847
f 313/296/848 314/297/849 318/301/850 316/299/851
f 318/301/852 312/291/853 311/290/854 316/299/855
f 62/302/856 63/303/857 67/216/858 68/304/859
f 63/303/860 61/305/861 69/306/862 67/216/863
f 319/307/864 320/308/865 321/309/866 322/310/867
f 328/311/868 327/312/869 329/313/870 330/314/871
f 319/307/872 322/310/873 324/315/874 323/316/875
f 328/311/876 330/314/877 332/317/878 331/318/879
f 323/316/880 324/315/881 325/319/882 326/320/883
f 331/318/884 332/317/885 333/321/886 334/322/887
f 263/323/888 265/324/889 264/325/890
f 79/326/891 81/128/892 85/115/893 83/327/894
f 278/328/895 277/329/896 279/330/897
f 84/114/898 80/127/899 78/331/900 82/332/901
f 263/323/902 266/333/903 265/324/904
f 278/328/905 279/330/906 280/334/907
f 279/330/908 277/329/909 281/335/910 282/336/911
f 83/327/912 85/115/913 89/108/914 87/337/915
f 267/338/916 264/325/917 265/324/918 268/339/919
f 88/106/920 84/114/921 82/332/922 86/340/923
f 265/324/924 266/333/925 269/341/926 268/339/927
f 280/334/928 279/330/929 282/336/930 283/342/931
f 87/337/932 89/108/933 91/100/934 93/343/935
f 270/344/936 267/338/937 268/339/938 272/345/939
f 92/346/940 90/98/941 88/106/942 86/340/943
f 282/336/944 281/335/945 284/347/946 285/348/947
f 268/339/948 269/341/949 271/349/950 272/345/951
f 285/348/952 286/350/953 283/342/954 282/336/955
f 93/343/956 91/100/957 95/99/958 97/351/959
f 273/352/960 270/344/961 272/345/962 275/353/963
f 94/94/964 90/98/965 92/346/966 96/354/967
f 285/348/968 284/347/969 287/355/970 288/356/971
f 272/345/972 271/349/973 276/357/974 275/353/975
f 286/350/976 285/348/977 288/356/978 290/358/979
f 63/303/980 62/302/981 64/359/982 66/71/983
f 273/352/984 275/353/985 274/360/986
f 64/359/987 97/351/988 95/99/989 99/86/990
f 61/305/991 63/303/992 66/71/993 65/361/994
f 287/355/995 289/362/996 288/356/997
f 98/83/998 94/94/999 96/354/1000 65/361/1001
f 99/86/1002 140/72/1003 66/71/1004 64/359/1005
f 275/353/1006 276/357/1007 274/360/1008
f 65/361/1009 66/71/1010 141/70/1011 98/83/1012
f 289/362/1013 290/358/1014 288/356/1015
f 263/323/1016 79/326/1017 83/327/1018 266/333/1019
f 263/323/1020 264/325/1021 75/363/1022 79/326/1023
f 266/333/1024 83/327/1025 87/337/1026 269/341/1027
f 264/325/1028 267/338/1029 71/364/1030 75/363/1031
f 68/304/1032 71/364/1033 267/338/1034 270/344/1035
f 87/337/1036 93/343/1037 271/349/1038 269/341/1039
f 271/349/1040 93/343/1041 97/351/1042 276/357/1043
f 270/344/1044 273/352/1045 62/302/1046 68/304/1047
f 273/352/1048 274/360/1049 64/359/1050 62/302/1051
f 97/351/1052 64/359/1053 274/360/1054 276/357/1055
f 278/328/1056 78/331/1057 74/365/1058 277/329/1059
f 277/329/1060 74/365/1061 70/366/1062 281/335/1063
f 278/328/1064 280/334/1065 82/332/1066 78/331/1067
f 280/334/1068 283/342/1069 86/340/1070 82/332/1071
f 70/366/1072 69/306/1073 284/347/1074 281/335/1075
f 92/346/1076 86/340/1077 283/342/1078 286/350/1079
f 284/347/1080 69/306/1081 61/305/1082 287/355/1083
f 287/355/1084 61/305/1085 65/361/1086 289/362/1087
f 65/361/1088 96/354/1089 290/358/1090 289/362/1091
f 286/350/1092 290/358/1093 96/354/1094 92/346/1095
f 119/254/1096 123/256/1097 291/263/1098 292/262/1099
f 291/263/1100 123/256/1101 125/257/1102 297/264/1103
f 122/260/1104 118/259/1105 294/268/1106 293/267/1107
f 294/268/1108 118/259/1109 112/258/1110 298/271/1111
f 292/262/1112 296/266/1113 113/255/1114 119/254/1115
f 293/267/1116 300/270/1117 124/261/1118 122/260/1119
f 111/273/1120 113/255/1121 296/266/1122 302/278/1123
f 125/257/1124 128/274/1125 303/279/1126 297/264/1127
f 112/258/1128 110/272/1129 304/280/1130 298/271/1131
f 129/276/1132 124/261/1133 300/270/1134 306/282/1135
f 107/283/1136 111/273/1137 302/278/1138 308/287/1139
f 128/274/1140 132/284/1141 309/288/1142 303/279/1143
f 110/272/1144 106/275/1145 310/289/1146 304/280/1147
f 133/285/1148 129/276/1149 306/282/1150 312/291/1151
f 132/284/1152 136/294/1153 314/297/1154 309/288/1155
f 106/275/1156 100/292/1157 315/298/1158 310/289/1159
f 101/293/1160 107/283/1161 308/287/1162 317/300/1163
f 100/292/1164 101/293/1165 317/300/1166 315/298/1167
f 136/294/1168 137/295/1169 318/301/1170 314/297/1171
f 137/295/1172 133/285/1173 312/291/1174 318/301/1175
f 71/364/1176 68/304/1177 320/308/1178 319/307/1179
f 68/304/1180 67/216/1181 321/309/1182 320/308/1183
f 67/216/1184 73/215/1185 322/310/1186 321/309/1187
f 322/310/1188 73/215/1189 77/219/1190 324/315/1191
f 319/307/1192 323/316/1193 75/363/1194 71/364/1195
f 324/315/1196 77/219/1197 81/128/1198 325/319/1199
f 81/128/1200 79/326/1201 326/320/1202 325/319/1203
f 323/316/1204 326/320/1205 79/326/1206 75/363/1207
f 72/217/1208 67/216/1209 327/312/1210 328/311/1211
f 67/216/1212 69/306/1213 329/313/1214 327/312/1215
f 69/306/1216 70/366/1217 330/314/1218 329/313/1219
f 330/314/1220 70/366/1221 74/365/1222 332/317/1223
f 328/311/1224 331/318/1225 76/221/1226 72/217/1227
f 332/317/1228 74/365/1229 78/331/1230 333/321/1231
f 78/331/1232 80/127/1233 334/322/1234 333/321/1235
f 331/318/1236 334/322/1237 80/127/1238 76/221/1239
f 148/88/1240 165/96/1241 152/90/1242
f 144/85/1243 165/96/1244 148/88/1245
f 144/85/1246 99/86/1247 95/99/1248 165/96/1249
f 164/95/1250 149/87/1251 160/89/1252
f 160/89/1253 151/81/1254 158/67/1255
f 164/95/1256 145/84/1257 149/87/1258
f 347/367/1259 377/368/1260 378/369/1261 363/370/1262
f 349/371/1263 381/372/1264 452/373/1265 401/374/1266
f 364/375/1267 385/376/1268 386/377/1269 353/378/1270
f 405/379/1271 406/380/1272 377/368/1273 347/367/1274
f 589/381/1275 588/382/1276 590/383/1277 591/384/1278
f 596/385/1279 597/386/1280 598/387/1281 599/388/1282
f 401/374/1283 402/389/1284 360/390/1285 349/371/1286
f 351/391/1287 382/392/1288 383/393/1289 359/394/1290
f 361/395/1291 412/396/1292 413/397/1293 350/398/1294
f 360/390/1295 380/399/1296 381/372/1297 349/371/1298
f 402/389/1299 403/400/1300 355/401/1301 360/390/1302
f 355/401/1303 379/402/1304 380/399/1305 360/390/1306
f 358/403/1307 411/404/1308 412/396/1309 361/395/1310
f 359/394/1311 383/393/1312 384/405/1313 356/406/1314
f 403/400/1315 404/407/1316 363/370/1317 355/401/1318
f 356/406/1319 384/405/1320 385/376/1321 364/375/1322
f 366/408/1323 410/409/1324 411/404/1325 358/403/1326
f 363/370/1327 378/369/1328 379/402/1329 355/401/1330
f 388/410/1331 389/411/1332 348/412/1333 366/408/1334
f 387/413/1335 388/410/1336 366/408/1337 358/403/1338
f 396/414/1339 387/413/1340 358/403/1341 361/395/1342
f 395/415/1343 396/414/1344 361/395/1345 350/398/1346
f 393/416/1347 394/417/1348 352/418/1349 362/419/1350
f 392/420/1351 393/416/1352 362/419/1353 357/421/1354
f 391/422/1355 392/420/1356 357/421/1357 365/423/1358
f 390/424/1359 391/422/1360 365/423/1361 354/425/1362
f 389/411/1363 408/426/1364 409/427/1365 348/412/1366
f 378/369/1367 377/368/1368 367/428/1369 368/429/1370
f 379/402/1371 378/369/1372 368/429/1373 369/430/1374
f 380/399/1375 379/402/1376 369/430/1377 370/431/1378
f 381/372/1379 380/399/1380 370/431/1381 371/432/1382
f 455/433/1383 456/434/1384 381/372/1385 371/432/1386
f 383/393/1387 382/392/1388 372/435/1389 373/436/1390
f 384/405/1391 383/393/1392 373/436/1393 374/437/1394
f 385/376/1395 384/405/1396 374/437/1397 375/438/1398
f 386/377/1399 385/376/1400 375/438/1401 376/439/1402
f 377/368/1403 406/380/1404 407/440/1405 367/428/1406
f 369/430/1407 368/429/1408 388/410/1409 387/413/1410
f 368/429/1411 367/428/1412 389/411/1413 388/410/1414
f 367/428/1415 407/440/1416 408/426/1417 389/411/1418
f 376/439/1419 375/438/1420 391/422/1421 390/424/1422
f 375/438/1423 374/437/1424 392/420/1425 391/422/1426
f 374/437/1427 373/436/1428 393/416/1429 392/420/1430
f 373/436/1431 372/435/1432 394/417/1433 393/416/1434
f 371/432/1435 370/431/1436 396/414/1437 395/415/1438
f 370/431/1439 369/430/1440 387/413/1441 396/414/1442
f 359/441/1443 419/442/1444 420/443/1445 351/391/1446
f 356/406/1447 418/444/1448 419/445/1449 359/446/1450
f 364/375/1451 417/447/1452 418/444/1453 356/406/1454
f 600/448/1455 601/449/1456 602/450/1457 603/451/1458
f 353/378/1459 386/377/1460 430/452/1461 416/453/1462
f 429/454/1463 430/452/1464 386/377/1465 376/439/1466
f 428/455/1467 429/454/1468 376/439/1469 390/424/1470
f 427/456/1471 428/455/1472 390/424/1473 354/425/1474
f 592/457/1475 593/458/1476 594/459/1477 595/460/1478
f 425/461/1479 426/462/1480 365/463/1481 357/464/1482
f 424/465/1483 425/461/1484 357/464/1485 362/466/1486
f 423/467/1487 424/468/1488 362/469/1489 352/470/1490
f 459/471/1491 458/472/1492 457/473/1493 372/435/1494
f 420/443/1495 464/474/1496 465/475/1497 351/391/1498
f 402/389/1499 401/374/1500 397/476/1501 420/477/1502 419/478/1503
f 418/479/1504 403/400/1505 402/389/1506 419/478/1507
f 404/407/1508 403/400/1509 418/479/1510 417/480/1511
f 597/386/1512 596/385/1513 602/481/1514 601/482/1515
f 406/380/1516 405/379/1517 416/483/1518 430/484/1519
f 407/440/1520 406/380/1521 430/484/1522 429/485/1523
f 428/486/1524 408/426/1525 407/440/1526 429/485/1527
f 409/427/1528 408/426/1529 428/486/1530 427/487/1531
f 590/383/1532 588/382/1533 593/488/1534 592/489/1535
f 411/404/1536 410/409/1537 426/490/1538 425/491/1539
f 424/492/1540 412/396/1541 411/404/1542 425/491/1543
f 398/493/1544 413/397/1545 412/396/1546 424/492/1547 423/494/1548
f 460/495/1549 461/496/1550 456/434/1551 455/433/1552
f 401/374/1553 452/373/1554 453/497/1555 397/476/1556
f 397/476/1557 466/498/1558 464/499/1559 420/477/1560
f 457/500/1561 458/501/1562 461/496/1563 460/495/1564
f 381/372/1565 415/502/1566 431/503/1567
f 415/502/1568 400/504/1569 432/505/1570 431/503/1571
f 400/504/1572 397/476/1573 432/505/1574
f 398/493/1575 399/506/1576 433/507/1577
f 413/397/1578 398/493/1579 433/507/1580
f 381/372/1581 431/503/1582 434/508/1583
f 431/503/1584 432/505/1585 435/509/1586 434/508/1587
f 432/505/1588 397/476/1589 435/509/1590
f 433/507/1591 399/506/1592 436/510/1593
f 413/397/1594 433/507/1595 436/510/1596
f 422/511/1597 423/467/1598 437/512/1599
f 423/467/1600 352/470/1601 438/513/1602 437/512/1603
f 352/418/1604 394/417/1605 438/514/1606
f 421/515/1607 382/392/1608 440/516/1609 439/517/1610
f 382/392/1611 351/391/1612 440/516/1613
f 397/476/1614 400/504/1615 441/518/1616
f 400/504/1617 421/519/1618 439/520/1619 441/518/1620
f 381/372/1621 434/508/1622 442/521/1623
f 434/508/1624 435/509/1625 443/522/1626 442/521/1627
f 435/509/1628 397/476/1629 443/522/1630
f 436/510/1631 399/506/1632 444/523/1633
f 413/397/1634 436/510/1635 444/523/1636
f 422/511/1637 437/512/1638 445/524/1639
f 437/512/1640 438/513/1641 446/525/1642 445/524/1643
f 438/514/1644 394/417/1645 446/526/1646
f 439/517/1647 440/516/1648 448/527/1649 447/528/1650
f 440/516/1651 351/391/1652 448/527/1653
f 397/476/1654 441/518/1655 449/529/1656
f 441/518/1657 439/520/1658 447/530/1659 449/529/1660
f 423/531/1661 422/511/1662 450/532/1663
f 399/506/1664 398/493/1665 451/533/1666
f 398/493/1667 423/494/1668 450/534/1669 451/533/1670
f 381/372/1671 442/521/1672 452/373/1673
f 442/521/1674 443/522/1675 453/497/1676 452/373/1677
f 443/522/1678 397/476/1679 453/497/1680
f 444/523/1681 399/506/1682 454/535/1683
f 413/397/1684 444/523/1685 454/535/1686
f 415/502/1687 381/372/1688 456/434/1689
f 382/392/1690 421/515/1691 458/472/1692 459/471/1693
f 372/435/1694 382/392/1695 459/471/1696
f 400/504/1697 415/502/1698 456/434/1699 461/496/1700
f 421/519/1701 400/504/1702 461/496/1703 458/501/1704
f 422/511/1705 445/524/1706 462/536/1707
f 445/524/1708 446/525/1709 463/537/1710 462/536/1711
f 446/526/1712 394/417/1713 463/538/1714
f 447/528/1715 448/527/1716 465/475/1717 464/474/1718
f 448/527/1719 351/391/1720 465/475/1721
f 397/476/1722 449/529/1723 466/498/1724
f 449/529/1725 447/530/1726 464/499/1727 466/498/1728
f 450/532/1729 422/511/1730 467/539/1731
f 399/506/1732 451/533/1733 468/540/1734
f 451/533/1735 450/534/1736 467/541/1737 468/540/1738
f 454/535/1739 399/506/1740 469/542/1741
f 413/397/1742 454/535/1743 469/542/1744
f 422/511/1745 462/536/1746 470/543/1747
f 462/536/1748 463/537/1749 471/544/1750 470/543/1751
f 463/538/1752 394/417/1753 471/545/1754
f 467/539/1755 422/511/1756 472/546/1757
f 399/506/1758 468/540/1759 473/547/1760
f 468/540/1761 467/541/1762 472/548/1763 473/547/1764
f 414/549/1765 395/415/1766 475/550/1767
f 395/415/1768 350/398/1769 476/551/1770 475/550/1771
f 350/398/1772 413/397/1773 474/552/1774 476/551/1775
f 469/542/1776 399/506/1777 477/553/1778
f 413/397/1779 469/542/1780 477/553/1781 474/552/1782
f 455/433/1783 371/432/1784 479/554/1785 478/555/1786
f 371/432/1787 395/415/1788 480/556/1789 479/554/1790
f 395/415/1791 414/549/1792 480/556/1793
f 372/435/1794 457/473/1795 481/557/1796 482/558/1797
f 394/417/1798 372/435/1799 482/558/1800
f 460/495/1801 455/433/1802 478/555/1803 483/559/1804
f 457/500/1805 460/495/1806 483/559/1807 481/560/1808
f 422/511/1809 470/543/1810 484/561/1811
f 470/543/1812 471/544/1813 485/562/1814 484/561/1815
f 471/545/1816 394/417/1817 485/563/1818
f 472/546/1819 422/511/1820 486/564/1821
f 399/506/1822 473/547/1823 487/565/1824
f 473/547/1825 472/548/1826 486/566/1827 487/565/1828
f 414/549/1829 475/550/1830 490/567/1831 489/568/1832
f 475/550/1833 476/551/1834 491/569/1835 490/567/1836
f 476/551/1837 474/552/1838 488/570/1839 491/569/1840
f 478/555/1841 479/554/1842 493/571/1843 492/572/1844
f 479/554/1845 480/556/1846 494/573/1847 493/571/1848
f 480/556/1849 414/549/1850 489/568/1851 494/573/1852
f 422/511/1853 484/561/1854 497/574/1855 496/575/1856
f 484/561/1857 485/562/1858 498/576/1859 497/574/1860
f 485/563/1861 394/417/1862 495/577/1863 498/578/1864
f 482/558/1865 481/557/1866 499/579/1867 500/580/1868
f 394/417/1869 482/558/1870 500/580/1871 495/577/1872
f 477/553/1873 399/506/1874 502/581/1875 501/582/1876
f 474/552/1877 477/553/1878 501/582/1879 488/570/1880
f 483/559/1881 478/555/1882 492/572/1883 503/583/1884
f 481/560/1885 483/559/1886 503/583/1887 499/584/1888
f 486/564/1889 422/511/1890 496/575/1891 504/585/1892
f 399/506/1893 487/565/1894 505/586/1895 502/581/1896
f 487/565/1897 486/566/1898 504/587/1899 505/586/1900
f 489/568/1901 490/567/1902 507/588/1903 506/589/1904
f 490/567/1905 491/569/1906 508/590/1907 507/588/1908
f 491/569/1909 488/570/1910 509/591/1911 508/590/1912
f 492/572/1913 493/571/1914 522/592/1915 521/593/1916
f 493/571/1917 494/573/1918 523/594/1919 522/592/1920
f 494/573/1921 489/568/1922 506/589/1923 523/594/1924
f 496/575/1925 497/574/1926 515/595/1927 514/596/1928
f 497/574/1929 498/576/1930 516/597/1931 515/595/1932
f 498/578/1933 495/577/1934 517/598/1935 516/599/1936
f 500/580/1937 499/579/1938 519/600/1939 518/601/1940
f 495/577/1941 500/580/1942 518/601/1943 517/598/1944
f 501/582/1945 502/581/1946 511/602/1947 510/603/1948
f 488/570/1949 501/582/1950 510/603/1951 509/591/1952
f 503/583/1953 492/572/1954 521/593/1955 520/604/1956
f 499/584/1957 503/583/1958 520/604/1959 519/605/1960
f 504/585/1961 496/575/1962 514/606/1963 513/607/1964
f 502/581/1965 505/586/1966 512/608/1967 511/602/1968
f 505/586/1969 504/587/1970 513/609/1971 512/608/1972
f 348/412/1973 409/427/1974 524/610/1975 525/611/1976
f 410/409/1977 366/408/1978 527/612/1979 526/613/1980
f 366/408/1981 348/412/1982 525/611/1983 527/612/1984
f 427/614/1985 354/615/1986 530/616/1987 529/617/1988
f 354/615/1989 365/463/1990 531/618/1991 530/616/1992
f 365/463/1993 426/462/1994 528/619/1995 531/618/1996
f 524/610/1997 409/427/1998 427/487/1999 529/620/2000
f 528/621/2001 426/490/2002 410/409/2003 526/613/2004
f 405/379/2005 347/367/2006 534/622/2007 533/623/2008
f 347/367/2009 363/370/2010 535/624/2011 534/622/2012
f 363/370/2013 404/407/2014 532/625/2015 535/624/2016
f 353/378/2017 416/453/2018 537/626/2019 536/627/2020
f 417/447/2021 364/375/2022 539/628/2023 538/629/2024
f 364/375/2025 353/378/2026 536/627/2027 539/628/2028
f 532/625/2029 404/407/2030 417/480/2031 538/630/2032
f 537/631/2033 416/483/2034 405/379/2035 533/623/2036
f 525/611/2037 524/610/2038 540/632/2039 541/633/2040
f 526/613/2041 527/612/2042 543/634/2043 542/635/2044
f 527/612/2045 525/611/2046 541/633/2047 543/634/2048
f 529/636/2049 530/616/2050 546/637/2051 545/638/2052
f 530/616/2053 531/618/2054 547/639/2055 546/637/2056
f 531/618/2057 528/619/2058 544/640/2059 547/639/2060
f 540/632/2061 524/610/2062 529/620/2063 545/641/2064
f 544/642/2065 528/621/2066 526/613/2067 542/635/2068
f 533/623/2069 534/622/2070 550/643/2071 549/644/2072
f 534/622/2073 535/624/2074 551/645/2075 550/643/2076
f 535/624/2077 532/625/2078 548/646/2079 551/645/2080
f 536/647/2081 537/648/2082 553/649/2083 552/650/2084
f 538/629/2085 539/628/2086 555/651/2087 554/652/2088
f 539/628/2089 536/647/2090 552/650/2091 555/651/2092
f 548/646/2093 532/625/2094 538/630/2095 554/653/2096
f 553/654/2097 537/631/2098 533/623/2099 549/644/2100
f 541/633/2101 540/632/2102 556/655/2103 557/656/2104
f 542/635/2105 543/634/2106 559/657/2107 558/658/2108
f 543/634/2109 541/633/2110 557/656/2111 559/657/2112
f 545/638/2113 546/637/2114 562/659/2115 561/660/2116
f 546/637/2117 547/639/2118 563/661/2119 562/659/2120
f 547/639/2121 544/640/2122 560/662/2123 563/661/2124
f 556/655/2125 540/632/2126 545/641/2127 561/663/2128
f 560/664/2129 544/642/2130 542/635/2131 558/658/2132
f 549/644/2133 550/643/2134 566/665/2135 565/666/2136
f 550/643/2137 551/645/2138 567/667/2139 566/665/2140
f 551/645/2141 548/646/2142 564/668/2143 567/667/2144
f 552/650/2145 553/649/2146 569/669/2147 568/670/2148
f 554/652/2149 555/651/2150 571/671/2151 570/672/2152
f 555/651/2153 552/650/2154 568/670/2155 571/671/2156
f 564/668/2157 548/646/2158 554/653/2159 570/673/2160
f 569/674/2161 553/654/2162 549/644/2163 565/666/2164
f 557/656/2165 556/655/2166 572/675/2167 573/676/2168
f 558/658/2169 559/657/2170 575/677/2171 574/678/2172
f 559/657/2173 557/656/2174 573/676/2175 575/677/2176
f 561/679/2177 562/680/2178 578/681/2179 577/682/2180
f 562/680/2181 563/683/2182 579/684/2183 578/681/2184
f 563/683/2185 560/685/2186 576/686/2187 579/684/2188
f 572/675/2189 556/655/2190 561/663/2191 577/687/2192
f 576/688/2193 560/664/2194 558/658/2195 574/678/2196
f 565/666/2197 566/665/2198 582/689/2199 581/690/2200
f 566/665/2201 567/667/2202 583/691/2203 582/689/2204
f 567/667/2205 564/668/2206 580/692/2207 583/691/2208
f 568/693/2209 569/694/2210 585/695/2211 584/696/2212
f 570/697/2213 571/698/2214 587/699/2215 586/700/2216
f 571/698/2217 568/693/2218 584/696/2219 587/699/2220
f 580/692/2221 564/668/2222 570/673/2223 586/701/2224
f 585/702/2225 569/674/2226 565/666/2227 581/690/2228
f 573/676/2229 572/675/2230 588/382/2231 589/381/2232
f 574/678/2233 575/677/2234 591/384/2235 590/383/2236
f 575/677/2237 573/676/2238 589/381/2239 591/384/2240
f 577/682/2241 578/681/2242 594/459/2243 593/458/2244
f 578/681/2245 579/684/2246 595/460/2247 594/459/2248
f 579/684/2249 576/686/2250 592/457/2251 595/460/2252
f 588/382/2253 572/675/2254 577/687/2255 593/488/2256
f 590/383/2257 592/489/2258 576/688/2259 574/678/2260
f 581/690/2261 582/689/2262 598/387/2263 597/386/2264
f 582/689/2265 583/691/2266 599/388/2267 598/387/2268
f 583/691/2269 580/692/2270 596/385/2271 599/388/2272
f 584/696/2273 585/695/2274 601/449/2275 600/448/2276
f 586/700/2277 587/699/2278 603/451/2279 602/450/2280
f 587/699/2281 584/696/2282 600/448/2283 603/451/2284
f 596/385/2285 580/692/2286 586/701/2287 602/481/2288
f 597/386/2289 601/482/2290 585/702/2291 581/690/2292
f 604/703/2293 605/704/2294 611/705/2295 610/706/2296
f 605/704/2297 606/707/2298 612/708/2299 611/705/2300
f 606/709/2301 607/710/2302 613/711/2303 612/712/2304
f 607/710/2305 608/713/2306 614/714/2307 613/711/2308
f 608/713/2309 609/715/2310 615/716/2311 614/714/2312
f 609/717/2313 604/703/2314 610/706/2315 615/718/2316
f 636/719/2317 635/720/2318 637/721/2319
f 638/722/2320 636/719/2321 637/721/2322
f 639/723/2323 638/724/2324 637/725/2325
f 640/726/2326 639/723/2327 637/725/2328
f 641/727/2329 640/726/2330 637/725/2331
f 635/720/2332 641/728/2333 637/721/2334
f 610/706/2335 611/705/2336 616/729/2337
f 611/705/2338 612/708/2339 616/729/2340
f 612/712/2341 613/711/2342 616/730/2343
f 613/711/2344 614/714/2345 616/730/2346
f 614/714/2347 615/716/2348 616/730/2349
f 615/718/2350 610/706/2351 616/729/2352
f 605/704/2353 604/703/2354 617/731/2355 618/732/2356
f 606/707/2357 605/704/2358 618/732/2359 619/733/2360
f 607/710/2361 606/709/2362 619/734/2363 620/735/2364
f 608/713/2365 607/710/2366 620/735/2367 621/736/2368
f 609/715/2369 608/713/2370 621/736/2371 622/737/2372
f 604/703/2373 609/717/2374 622/738/2375 617/731/2376
f 618/732/2377 617/731/2378 623/739/2379 624/740/2380
f 619/733/2381 618/732/2382 624/740/2383 625/741/2384
f 620/735/2385 619/734/2386 625/742/2387 626/743/2388
f 621/736/2389 620/735/2390 626/743/2391 627/744/2392
f 622/737/2393 621/736/2394 627/744/2395 628/745/2396
f 617/731/2397 622/738/2398 628/746/2399 623/739/2400
f 624/740/2401 623/739/2402 629/747/2403 630/748/2404
f 625/741/2405 624/740/2406 630/748/2407 631/749/2408
f 626/743/2409 625/742/2410 631/750/2411 632/751/2412
f 627/744/2413 626/743/2414 632/751/2415 633/752/2416
f 628/745/2417 627/744/2418 633/752/2419 634/753/2420
f 623/739/2421 628/746/2422 634/754/2423 629/747/2424
f 630/748/2425 629/747/2426 635/720/2427 636/719/2428
f 631/749/2429 630/748/2430 636/719/2431 638/722/2432
f 632/751/2433 631/750/2434 638/724/2435 639/723/2436
f 633/752/2437 632/751/2438 639/723/2439 640/726/2440
f 634/753/2441 633/752/2442 640/726/2443 641/727/2444
f 629/747/2445 634/754/2446 641/728/2447 635/720/2448
f 645/755/2449 646/756/2450 643/757/2451
f 642/758/2452 643/757/2453 646/756/2454
f 644/759/2455 646/756/2456 645/755/2457
f 642/758/2458 646/756/2459 644/759/2460
f 650/760/2461 651/761/2462 648/762/2463
f 647/763/2464 648/762/2465 651/761/2466
f 649/764/2467 651/761/2468 650/760/2469
f 647/763/2470 651/761/2471 649/764/2472
f 652/765/2473 653/766/2474 655/767/2475 654/768/2476
f 654/768/2477 655/767/2478 657/769/2479 656/770/2480
f 656/770/2481 657/769/2482 659/771/2483 658/772/2484
f 658/772/2485 659/771/2486 653/766/2487 652/765/2488
f 653/766/2489 659/771/2490 657/769/2491 655/767/2492
f 658/772/2493 652/765/2494 654/768/2495 656/770/2496
f 660/773/2497 813/774/2498 821/775/2499 661/776/2500
f 812/777/2501 662/778/2502 663/779/2503 820/780/2504
f 664/781/2505 665/782/2506 666/783/2507 667/784/2508
f 669/785/2509 668/786/2510 665/782/2511 664/781/2512
f 670/787/2513 671/788/2514 810/789/2515 660/773/2516
f 671/788/2517 672/790/2518 662/778/2519 811/791/2520
f 665/782/2521 668/786/2522 672/790/2523 671/788/2524
f 673/792/2525 665/782/2526 671/788/2527 674/793/2528
f 717/794/2529 718/795/2530 675/796/2531 676/797/2532
f 718/795/2533 719/798/2534 677/799/2535 675/796/2536
f 719/798/2537 720/800/2538 678/801/2539 677/799/2540
f 729/802/2541 730/803/2542 679/804/2543 680/805/2544
f 730/803/2545 731/806/2546 681/807/2547 679/804/2548
f 731/806/2549 717/794/2550 676/797/2551 681/807/2552
f 807/808/2553 723/809/2554 682/810/2555 683/811/2556
f 723/809/2557 724/812/2558 684/813/2559 682/810/2560
f 724/812/2561 725/814/2562 685/815/2563 684/813/2564
f 726/816/2565 727/817/2566 686/818/2567 687/819/2568
f 725/814/2569 726/816/2570 687/819/2571 685/815/2572
f 871/820/2573 872/821/2574 873/822/2575 874/823/2576
f 875/824/2577 876/825/2578 877/826/2579 878/827/2580
f 728/828/2581 729/802/2582 680/805/2583 688/829/2584
f 727/817/2585 728/828/2586 688/829/2587 686/818/2588
f 721/830/2589 808/831/2590 683/811/2591 689/832/2592
f 879/833/2593 880/834/2594 881/835/2595 882/836/2596
f 883/837/2597 884/838/2598 885/839/2599 886/840/2600
f 677/799/2601 678/801/2602 690/841/2603 691/842/2604
f 675/796/2605 677/799/2606 691/842/2607 836/843/2608
f 676/797/2609 675/796/2610 835/844/2611 839/845/2612
f 681/807/2613 676/797/2614 838/846/2615 834/847/2616
f 679/804/2617 681/807/2618 833/848/2619 692/849/2620
f 680/805/2621 679/804/2622 692/849/2623 693/850/2624
f 688/829/2625 680/805/2626 693/850/2627 694/851/2628
f 686/818/2629 688/829/2630 694/851/2631 695/852/2632
f 687/819/2633 686/818/2634 695/852/2635 696/853/2636
f 685/815/2637 687/819/2638 696/853/2639 697/854/2640
f 684/813/2641 685/815/2642 697/854/2643 698/855/2644
f 682/810/2645 684/813/2646 698/855/2647 699/856/2648
f 683/811/2649 682/810/2650 699/856/2651 700/857/2652
f 689/832/2653 683/811/2654 700/857/2655 701/858/2656
f 825/859/2657 689/832/2658 701/858/2659 702/860/2660
f 822/861/2661 824/862/2662 702/860/2663 703/863/2664
f 823/864/2665 734/865/2666 703/863/2667 704/866/2668
f 678/801/2669 735/867/2670 704/866/2671 690/841/2672
f 837/868/2673 831/869/2674 818/870/2675 809/871/2676
f 691/842/2677 690/841/2678 660/773/2679 661/776/2680
f 693/850/2681 692/849/2682 663/779/2683 662/778/2684
f 705/872/2685 706/873/2686 707/874/2687 708/875/2688
f 832/876/2689 737/877/2690 732/878/2691 819/879/2692
f 700/857/2693 699/856/2694 666/783/2695 665/782/2696
f 699/856/2697 698/855/2698 667/784/2699 666/783/2700
f 698/855/2701 697/854/2702 664/781/2703 667/784/2704
f 696/853/2705 695/852/2706 668/786/2707 669/785/2708
f 697/854/2709 696/853/2710 669/785/2711 664/781/2712
f 704/866/2713 703/863/2714 671/788/2715 670/787/2716
f 690/841/2717 704/866/2718 670/787/2719 660/773/2720
f 694/851/2721 693/850/2722 662/778/2723 672/790/2724
f 695/852/2725 694/851/2726 672/790/2727 668/786/2728
f 701/858/2729 700/857/2730 665/782/2731 673/792/2732
f 703/863/2733 702/860/2734 674/793/2735 671/788/2736
f 702/860/2737 701/858/2738 673/792/2739 674/793/2740
f 830/880/2741 691/842/2742 709/881/2743
f 691/842/2744 661/776/2745 710/882/2746 709/881/2747
f 711/883/2748 712/884/2749 713/885/2750 714/886/2751
f 692/849/2752 829/887/2753 715/888/2754
f 817/889/2755 663/779/2756 716/890/2757
f 663/779/2758 692/849/2759 715/888/2760 716/890/2761
f 715/888/2762 827/891/2763 706/873/2764 705/872/2765
f 828/892/2766 815/893/2767 707/874/2768 706/873/2769
f 816/894/2770 716/890/2771 708/875/2772 707/874/2773
f 716/890/2774 715/888/2775 705/872/2776 708/875/2777
f 710/882/2778 661/776/2779 711/883/2780
f 661/776/2781 733/895/2782 712/884/2783 711/883/2784
f 814/896/2785 736/897/2786 713/885/2787 712/884/2788
f 826/898/2789 709/881/2790 714/886/2791 713/885/2792
f 709/881/2793 710/882/2794 711/883/2795 714/886/2796
f 738/899/2797 739/900/2798 852/901/2799 844/902/2800
f 843/903/2801 851/904/2802 741/905/2803 740/906/2804
f 742/907/2805 745/908/2806 744/909/2807 743/910/2808
f 747/911/2809 742/907/2810 743/910/2811 746/912/2812
f 748/913/2813 738/899/2814 842/914/2815 749/915/2816
f 749/915/2817 841/916/2818 740/906/2819 750/917/2820
f 743/910/2821 749/915/2822 750/917/2823 746/912/2824
f 751/918/2825 752/919/2826 749/915/2827 743/910/2828
f 717/794/2829 754/920/2830 753/921/2831 718/795/2832
f 718/795/2833 753/921/2834 755/922/2835 795/923/2836
f 795/923/2837 755/922/2838 756/924/2839 796/925/2840
f 729/802/2841 758/926/2842 757/927/2843 730/803/2844
f 730/803/2845 757/927/2846 759/928/2847 731/806/2848
f 731/806/2849 759/928/2850 754/920/2851 717/794/2852
f 806/929/2853 761/930/2854 760/931/2855 798/932/2856
f 798/932/2857 760/931/2858 762/933/2859 799/934/2860
f 799/934/2861 762/933/2862 763/935/2863 725/814/2864
f 726/816/2865 765/936/2866 764/937/2867 727/817/2868
f 725/814/2869 763/935/2870 765/936/2871 726/816/2872
f 887/938/2873 888/939/2874 889/940/2875 890/941/2876
f 891/942/2877 892/943/2878 893/944/2879 894/945/2880
f 728/828/2881 766/946/2882 758/926/2883 729/802/2884
f 727/817/2885 764/937/2886 766/946/2887 728/828/2888
f 797/947/2889 767/948/2890 761/930/2891 722/949/2892
f 895/950/2893 896/951/2894 897/952/2895 898/953/2896
f 899/954/2897 900/955/2898 901/956/2899 902/957/2900
f 755/922/2901 769/958/2902 768/959/2903 756/924/2904
f 753/921/2905 867/960/2906 769/958/2907 755/922/2908
f 754/920/2909 869/961/2910 866/962/2911 753/921/2912
f 759/928/2913 865/963/2914 870/964/2915 754/920/2916
f 757/927/2917 770/965/2918 864/966/2919 759/928/2920
f 758/926/2921 771/967/2922 770/965/2923 757/927/2924
f 766/946/2925 772/968/2926 771/967/2927 758/926/2928
f 764/937/2929 773/969/2930 772/968/2931 766/946/2932
f 765/936/2933 774/970/2934 773/969/2935 764/937/2936
f 763/935/2937 775/971/2938 774/970/2939 765/936/2940
f 762/933/2941 776/972/2942 775/971/2943 763/935/2944
f 760/931/2945 777/973/2946 776/972/2947 762/933/2948
f 761/930/2949 778/974/2950 777/973/2951 760/931/2952
f 767/948/2953 779/975/2954 778/974/2955 761/930/2956
f 855/976/2957 780/977/2958 779/975/2959 767/948/2960
f 802/978/2961 781/979/2962 780/977/2963 856/980/2964
f 803/981/2965 782/982/2966 781/979/2967 853/983/2968
f 756/924/2969 768/959/2970 782/982/2971 854/984/2972
f 805/985/2973 800/986/2974 850/987/2975 863/988/2976
f 769/958/2977 739/900/2978 738/899/2979 768/959/2980
f 771/967/2981 740/906/2982 741/905/2983 770/965/2984
f 783/989/2985 786/990/2986 785/991/2987 784/992/2988
f 862/993/2989 849/994/2990 840/995/2991 868/996/2992
f 778/974/2993 743/910/2994 744/909/2995 777/973/2996
f 777/973/2997 744/909/2998 745/908/2999 776/972/3000
f 776/972/3001 745/908/3002 742/907/3003 775/971/3004
f 774/970/3005 747/911/3006 746/912/3007 773/969/3008
f 775/971/3009 742/907/3010 747/911/3011 774/970/3012
f 782/982/3013 748/913/3014 749/915/3015 781/979/3016
f 768/959/3017 738/899/3018 748/913/3019 782/982/3020
f 772/968/3021 750/917/3022 740/906/3023 771/967/3024
f 773/969/3025 746/912/3026 750/917/3027 772/968/3028
f 779/975/3029 751/918/3030 743/910/3031 778/974/3032
f 781/979/3033 749/915/3034 752/919/3035 780/977/3036
f 780/977/3037 752/919/3038 751/918/3039 779/975/3040
f 861/997/3041 787/998/3042 769/958/3043
f 769/958/3044 787/998/3045 788/999/3046 739/900/3047
f 789/1000/3048 792/1001/3049 791/1002/3050 790/1003/3051
f 770/965/3052 793/1004/3053 860/1005/3054
f 848/1006/3055 794/1007/3056 741/905/3057
f 741/905/3058 794/1007/3059 793/1004/3060 770/965/3061
f 793/1004/3062 783/989/3063 784/992/3064 859/1008/3065
f 858/1009/3066 784/992/3067 785/991/3068 847/1010/3069
f 846/1011/3070 785/991/3071 786/990/3072 794/1007/3073
f 794/1007/3074 786/990/3075 783/989/3076 793/1004/3077
f 788/999/3078 789/1000/3079 739/900/3080
f 739/900/3081 789/1000/3082 790/1003/3083 845/1012/3084
f 801/1013/3085 790/1003/3086 791/1002/3087 857/1014/3088
f 804/1015/3089 791/1002/3090 792/1001/3091 787/998/3092
f 787/998/3093 792/1001/3094 789/1000/3095 788/999/3096
f 906/1016/3097 907/1017/3098 904/1018/3099
f 903/1019/3100 904/1018/3101 907/1017/3102
f 905/1020/3103 907/1017/3104 906/1016/3105
f 903/1019/3106 907/1017/3107 905/1020/3108
