# This file uses centimeters as units for non-parametric coordinates.

mtllib pickupthingies.mtl
g default
v -0.419551 0.578344 0.434937
v -0.432870 0.578344 0.408796
v -0.453616 0.578344 0.388050
v -0.479758 0.578344 0.374730
v -0.508736 0.578344 0.370141
v -0.537714 0.578344 0.374730
v -0.563855 0.578344 0.388050
v -0.584601 0.578344 0.408796
v -0.597921 0.578344 0.434937
v -0.602511 0.578344 0.463915
v -0.597921 0.578344 0.492893
v -0.584601 0.578344 0.519035
v -0.563855 0.578344 0.539781
v -0.537714 0.578344 0.553101
v -0.508736 0.578344 0.557690
v -0.479758 0.578344 0.553101
v -0.453616 0.578344 0.539781
v -0.432870 0.578344 0.519035
v -0.419551 0.578344 0.492893
v -0.414961 0.578344 0.463915
v -0.332561 0.600303 0.406673
v -0.358873 0.600303 0.355034
v -0.399854 0.600303 0.314053
v -0.451493 0.600303 0.287741
v -0.508736 0.600303 0.278675
v -0.565978 0.600303 0.287741
v -0.617618 0.600303 0.314053
v -0.658599 0.600303 0.355034
v -0.684910 0.600303 0.406673
v -0.693976 0.600303 0.463915
v -0.684910 0.600303 0.521158
v -0.658599 0.600303 0.572797
v -0.617618 0.600303 0.613778
v -0.565978 0.600303 0.640090
v -0.508736 0.600303 0.649156
v -0.451493 0.600303 0.640090
v -0.399854 0.600303 0.613778
v -0.358873 0.600303 0.572797
v -0.332562 0.600303 0.521158
v -0.323495 0.600303 0.463915
v -0.249910 0.636300 0.379818
v -0.288566 0.636300 0.303952
v -0.348773 0.636300 0.243745
v -0.424638 0.636300 0.205090
v -0.508736 0.636300 0.191770
v -0.592833 0.636300 0.205090
v -0.668699 0.636300 0.243745
v -0.728906 0.636300 0.303952
v -0.767561 0.636300 0.379818
v -0.780881 0.636300 0.463915
v -0.767561 0.636300 0.548013
v -0.728906 0.636300 0.623878
v -0.668699 0.636300 0.684085
v -0.592833 0.636300 0.722741
v -0.508736 0.636300 0.736061
v -0.424638 0.636300 0.722741
v -0.348773 0.636300 0.684085
v -0.288566 0.636300 0.623878
v -0.249910 0.636300 0.548013
v -0.236591 0.636300 0.463915
v -0.173632 0.685449 0.355034
v -0.223680 0.685449 0.256810
v -0.301630 0.685449 0.178859
v -0.399854 0.685449 0.128812
v -0.508736 0.685449 0.111567
v -0.617618 0.685449 0.128812
v -0.715841 0.685449 0.178859
v -0.793792 0.685449 0.256810
v -0.843839 0.685449 0.355034
v -0.861084 0.685449 0.463915
v -0.843839 0.685449 0.572797
v -0.793792 0.685449 0.671021
v -0.715841 0.685449 0.748971
v -0.617618 0.685449 0.799019
v -0.508736 0.685449 0.816264
v -0.399854 0.685449 0.799019
v -0.301631 0.685449 0.748971
v -0.223680 0.685449 0.671021
v -0.173632 0.685449 0.572797
v -0.156387 0.685449 0.463915
v -0.105606 0.746539 0.332930
v -0.165813 0.746539 0.214767
v -0.259588 0.746539 0.120992
v -0.377751 0.746539 0.060785
v -0.508736 0.746539 0.040039
v -0.639721 0.746539 0.060785
v -0.757884 0.746539 0.120992
v -0.851659 0.746539 0.214767
v -0.911866 0.746539 0.332930
v -0.932612 0.746539 0.463915
v -0.911866 0.746539 0.594900
v -0.851659 0.746539 0.713063
v -0.757884 0.746539 0.806838
v -0.639721 0.746539 0.867045
v -0.508736 0.746539 0.887791
v -0.377751 0.746539 0.867045
v -0.259588 0.746539 0.806838
v -0.165813 0.746539 0.713063
v -0.105606 0.746539 0.594900
v -0.084860 0.746539 0.463915
v -0.047505 0.818066 0.314053
v -0.116390 0.818066 0.178859
v -0.223680 0.818066 0.071569
v -0.358873 0.818066 0.002685
v -0.508736 0.818066 -0.021051
v -0.658599 0.818066 0.002685
v -0.793792 0.818066 0.071569
v -0.901082 0.818066 0.178859
v -0.969966 0.818066 0.314053
v -0.993702 0.818066 0.463915
v -0.969966 0.818066 0.613778
v -0.901082 0.818066 0.748971
v -0.793792 0.818066 0.856261
v -0.658599 0.818066 0.925146
v -0.508736 0.818066 0.948882
v -0.358873 0.818066 0.925146
v -0.223680 0.818066 0.856261
v -0.116390 0.818066 0.748971
v -0.047506 0.818066 0.613778
v -0.023770 0.818066 0.463915
v -0.000762 0.898270 0.298865
v -0.076627 0.898270 0.149970
v -0.194791 0.898270 0.031807
v -0.343685 0.898270 -0.044058
v -0.508736 0.898270 -0.070200
v -0.673786 0.898270 -0.044058
v -0.822681 0.898270 0.031807
v -0.940844 0.898270 0.149970
v -1.016709 0.898270 0.298865
v -1.042851 0.898270 0.463915
v -1.016709 0.898270 0.628966
v -0.940844 0.898270 0.777860
v -0.822681 0.898270 0.896024
v -0.673786 0.898270 0.971889
v -0.508736 0.898270 0.998030
v -0.343685 0.898270 0.971889
v -0.194791 0.898270 0.896023
v -0.076628 0.898270 0.777860
v -0.000762 0.898270 0.628966
v 0.025379 0.898270 0.463915
v 0.033473 0.985174 0.287741
v -0.047505 0.985174 0.128812
v -0.173632 0.985174 0.002685
v -0.332561 0.985174 -0.078294
v -0.508736 0.985174 -0.106197
v -0.684910 0.985174 -0.078294
v -0.843839 0.985174 0.002685
v -0.969966 0.985174 0.128812
v -1.050945 0.985174 0.287741
v -1.078848 0.985174 0.463915
v -1.050945 0.985174 0.640090
v -0.969966 0.985174 0.799019
v -0.843839 0.985174 0.925146
v -0.684910 0.985174 1.006124
v -0.508736 0.985174 1.034027
v -0.332562 0.985174 1.006124
v -0.173632 0.985174 0.925146
v -0.047506 0.985174 0.799019
v 0.033473 0.985174 0.640090
v 0.061376 0.985174 0.463915
v 0.054357 1.076640 0.280955
v -0.029740 1.076640 0.115905
v -0.160725 1.076640 -0.015080
v -0.325776 1.076640 -0.099178
v -0.508736 1.076640 -0.128156
v -0.691696 1.076640 -0.099178
v -0.856747 1.076640 -0.015080
v -0.987731 1.076640 0.115905
v -1.071829 1.076640 0.280955
v -1.100807 1.076640 0.463915
v -1.071829 1.076640 0.646875
v -0.987731 1.076640 0.811926
v -0.856746 1.076640 0.942911
v -0.691696 1.076640 1.027008
v -0.508736 1.076640 1.055986
v -0.325776 1.076640 1.027008
v -0.160725 1.076640 0.942911
v -0.029740 1.076640 0.811926
v 0.054357 1.076640 0.646875
v 0.083335 1.076640 0.463915
v 0.061376 1.170415 0.278675
v -0.023769 1.170415 0.111567
v -0.156387 1.170415 -0.021051
v -0.323495 1.170415 -0.106197
v -0.508736 1.170415 -0.135536
v -0.693977 1.170415 -0.106197
v -0.861085 1.170415 -0.021051
v -0.993702 1.170415 0.111567
v -1.078848 1.170415 0.278675
v -1.108187 1.170415 0.463915
v -1.078848 1.170415 0.649156
v -0.993702 1.170415 0.816264
v -0.861084 1.170415 0.948882
v -0.693976 1.170415 1.034027
v -0.508736 1.170415 1.063367
v -0.323495 1.170415 1.034027
v -0.156387 1.170415 0.948882
v -0.023770 1.170415 0.816264
v 0.061376 1.170415 0.649156
v 0.090715 1.170415 0.463915
v 0.054357 1.264190 0.280955
v -0.029740 1.264190 0.115905
v -0.160725 1.264190 -0.015080
v -0.325776 1.264190 -0.099178
v -0.508736 1.264190 -0.128156
v -0.691696 1.264190 -0.099178
v -0.856747 1.264190 -0.015080
v -0.987731 1.264190 0.115905
v -1.071829 1.264190 0.280955
v -1.100807 1.264190 0.463915
v -1.071829 1.264190 0.646875
v -0.987731 1.264190 0.811926
v -0.856746 1.264190 0.942911
v -0.691696 1.264190 1.027008
v -0.508736 1.264190 1.055986
v -0.325776 1.264190 1.027008
v -0.160725 1.264190 0.942911
v -0.029740 1.264190 0.811926
v 0.054357 1.264190 0.646875
v 0.083335 1.264190 0.463915
v 0.033473 1.355656 0.287741
v -0.047505 1.355656 0.128812
v -0.173632 1.355656 0.002685
v -0.332561 1.355656 -0.078294
v -0.508736 1.355656 -0.106197
v -0.684910 1.355656 -0.078294
v -0.843839 1.355656 0.002685
v -0.969966 1.355656 0.128812
v -1.050945 1.355656 0.287741
v -1.078848 1.355656 0.463915
v -1.050945 1.355656 0.640090
v -0.969966 1.355656 0.799019
v -0.843839 1.355656 0.925146
v -0.684910 1.355656 1.006124
v -0.508736 1.355656 1.034027
v -0.332562 1.355656 1.006124
v -0.173632 1.355656 0.925146
v -0.047506 1.355656 0.799019
v 0.033473 1.355656 0.640090
v 0.061376 1.355656 0.463915
v -0.000762 1.442560 0.298865
v -0.076627 1.442560 0.149970
v -0.194791 1.442560 0.031807
v -0.343685 1.442560 -0.044058
v -0.508736 1.442560 -0.070200
v -0.673786 1.442560 -0.044058
v -0.822681 1.442560 0.031807
v -0.940844 1.442560 0.149970
v -1.016709 1.442560 0.298865
v -1.042851 1.442560 0.463915
v -1.016709 1.442560 0.628966
v -0.940844 1.442560 0.777860
v -0.822681 1.442560 0.896024
v -0.673786 1.442560 0.971889
v -0.508736 1.442560 0.998030
v -0.343685 1.442560 0.971889
v -0.194791 1.442560 0.896023
v -0.076628 1.442560 0.777860
v -0.000762 1.442560 0.628966
v 0.025379 1.442560 0.463915
v -0.047505 1.522764 0.314053
v -0.116390 1.522764 0.178859
v -0.223680 1.522764 0.071569
v -0.358873 1.522764 0.002685
v -0.508736 1.522764 -0.021051
v -0.658599 1.522764 0.002685
v -0.793792 1.522764 0.071569
v -0.901082 1.522764 0.178859
v -0.969966 1.522764 0.314053
v -0.993702 1.522764 0.463915
v -0.969966 1.522764 0.613778
v -0.901082 1.522764 0.748971
v -0.793792 1.522764 0.856261
v -0.658599 1.522764 0.925146
v -0.508736 1.522764 0.948882
v -0.358873 1.522764 0.925146
v -0.223680 1.522764 0.856261
v -0.116390 1.522764 0.748971
v -0.047506 1.522764 0.613778
v -0.023770 1.522764 0.463915
v -0.105606 1.594291 0.332930
v -0.165813 1.594291 0.214767
v -0.259588 1.594291 0.120992
v -0.377751 1.594291 0.060785
v -0.508736 1.594291 0.040039
v -0.639721 1.594291 0.060785
v -0.757884 1.594291 0.120992
v -0.851659 1.594291 0.214767
v -0.911866 1.594291 0.332930
v -0.932612 1.594291 0.463915
v -0.911866 1.594291 0.594900
v -0.851659 1.594291 0.713063
v -0.757884 1.594291 0.806838
v -0.639721 1.594291 0.867045
v -0.508736 1.594291 0.887791
v -0.377751 1.594291 0.867045
v -0.259588 1.594291 0.806838
v -0.165813 1.594291 0.713063
v -0.105606 1.594291 0.594900
v -0.084860 1.594291 0.463915
v -0.173632 1.655381 0.355034
v -0.223680 1.655381 0.256810
v -0.301630 1.655381 0.178859
v -0.399854 1.655381 0.128812
v -0.508736 1.655381 0.111567
v -0.617618 1.655381 0.128812
v -0.715841 1.655381 0.178859
v -0.793792 1.655381 0.256810
v -0.843839 1.655381 0.355034
v -0.861084 1.655381 0.463915
v -0.843839 1.655381 0.572797
v -0.793792 1.655381 0.671021
v -0.715841 1.655381 0.748971
v -0.617618 1.655381 0.799019
v -0.508736 1.655381 0.816264
v -0.399854 1.655381 0.799019
v -0.301631 1.655381 0.748971
v -0.223680 1.655381 0.671021
v -0.173632 1.655381 0.572797
v -0.156387 1.655381 0.463915
v -0.249910 1.704530 0.379818
v -0.288566 1.704530 0.303952
v -0.348773 1.704530 0.243745
v -0.424638 1.704530 0.205090
v -0.508736 1.704530 0.191770
v -0.592833 1.704530 0.205090
v -0.668699 1.704530 0.243745
v -0.728906 1.704530 0.303952
v -0.767561 1.704530 0.379818
v -0.780881 1.704530 0.463915
v -0.767561 1.704530 0.548013
v -0.728906 1.704530 0.623878
v -0.668699 1.704530 0.684085
v -0.592833 1.704530 0.722741
v -0.508736 1.704530 0.736061
v -0.424638 1.704530 0.722741
v -0.348773 1.704530 0.684085
v -0.288566 1.704530 0.623878
v -0.249910 1.704530 0.548013
v -0.236591 1.704530 0.463915
v -0.332561 1.740527 0.406673
v -0.358873 1.740527 0.355034
v -0.399854 1.740527 0.314053
v -0.451493 1.740527 0.287741
v -0.508736 1.740527 0.278675
v -0.565978 1.740527 0.287741
v -0.617618 1.740527 0.314053
v -0.658599 1.740527 0.355034
v -0.684910 1.740527 0.406673
v -0.693976 1.740527 0.463915
v -0.684910 1.740527 0.521158
v -0.658599 1.740527 0.572797
v -0.617618 1.740527 0.613778
v -0.565978 1.740527 0.640090
v -0.508736 1.740527 0.649156
v -0.451493 1.740527 0.640090
v -0.399854 1.740527 0.613778
v -0.358873 1.740527 0.572797
v -0.332562 1.740527 0.521158
v -0.323495 1.740527 0.463915
v -0.419551 1.762486 0.434937
v -0.432870 1.762486 0.408796
v -0.453616 1.762486 0.388050
v -0.479758 1.762486 0.374730
v -0.508736 1.762486 0.370141
v -0.537714 1.762486 0.374730
v -0.563855 1.762486 0.388050
v -0.584601 1.762486 0.408796
v -0.597921 1.762486 0.434937
v -0.602511 1.762486 0.463915
v -0.597921 1.762486 0.492893
v -0.584601 1.762486 0.519035
v -0.563855 1.762486 0.539781
v -0.537714 1.762486 0.553101
v -0.508736 1.762486 0.557690
v -0.479758 1.762486 0.553101
v -0.453616 1.762486 0.539781
v -0.432870 1.762486 0.519035
v -0.419551 1.762486 0.492893
v -0.414961 1.762486 0.463915
v -0.508736 0.570964 0.463915
v -0.508736 1.769866 0.463915
vt 0.000000 0.353153
vt 0.015039 0.353153
vt 0.030078 0.353153
vt 0.045116 0.353153
vt 0.060155 0.353153
vt 0.075194 0.353153
vt 0.090233 0.353153
vt 0.105272 0.353153
vt 0.120311 0.353153
vt 0.135349 0.353153
vt 0.150388 0.353153
vt 0.165427 0.353153
vt 0.180466 0.353153
vt 0.195505 0.353153
vt 0.210543 0.353153
vt 0.225582 0.353153
vt 0.240621 0.353153
vt 0.255660 0.353153
vt 0.270699 0.353153
vt 0.285738 0.353153
vt 0.300776 0.353153
vt 0.000000 0.368192
vt 0.015039 0.368192
vt 0.030078 0.368192
vt 0.045116 0.368192
vt 0.060155 0.368192
vt 0.075194 0.368192
vt 0.090233 0.368192
vt 0.105272 0.368192
vt 0.120311 0.368192
vt 0.135349 0.368192
vt 0.150388 0.368192
vt 0.165427 0.368192
vt 0.180466 0.368192
vt 0.195505 0.368192
vt 0.210543 0.368192
vt 0.225582 0.368192
vt 0.240621 0.368192
vt 0.255660 0.368192
vt 0.270699 0.368192
vt 0.285738 0.368192
vt 0.300776 0.368192
vt 0.000000 0.383231
vt 0.015039 0.383231
vt 0.030078 0.383231
vt 0.045116 0.383231
vt 0.060155 0.383231
vt 0.075194 0.383231
vt 0.090233 0.383231
vt 0.105272 0.383231
vt 0.120311 0.383231
vt 0.135349 0.383231
vt 0.150388 0.383231
vt 0.165427 0.383231
vt 0.180466 0.383231
vt 0.195505 0.383231
vt 0.210543 0.383231
vt 0.225582 0.383231
vt 0.240621 0.383231
vt 0.255660 0.383231
vt 0.270699 0.383231
vt 0.285738 0.383231
vt 0.300776 0.383231
vt 0.000000 0.398270
vt 0.015039 0.398270
vt 0.030078 0.398270
vt 0.045116 0.398270
vt 0.060155 0.398270
vt 0.075194 0.398270
vt 0.090233 0.398270
vt 0.105272 0.398270
vt 0.120311 0.398270
vt 0.135349 0.398270
vt 0.150388 0.398270
vt 0.165427 0.398270
vt 0.180466 0.398270
vt 0.195505 0.398270
vt 0.210543 0.398270
vt 0.225582 0.398270
vt 0.240621 0.398270
vt 0.255660 0.398270
vt 0.270699 0.398270
vt 0.285738 0.398270
vt 0.300776 0.398270
vt 0.000000 0.413309
vt 0.015039 0.413309
vt 0.030078 0.413309
vt 0.045116 0.413309
vt 0.060155 0.413309
vt 0.075194 0.413309
vt 0.090233 0.413309
vt 0.105272 0.413309
vt 0.120311 0.413309
vt 0.135349 0.413309
vt 0.150388 0.413309
vt 0.165427 0.413309
vt 0.180466 0.413309
vt 0.195505 0.413309
vt 0.210543 0.413309
vt 0.225582 0.413309
vt 0.240621 0.413309
vt 0.255660 0.413309
vt 0.270699 0.413309
vt 0.285738 0.413309
vt 0.300776 0.413309
vt 0.000000 0.428347
vt 0.015039 0.428347
vt 0.030078 0.428347
vt 0.045116 0.428347
vt 0.060155 0.428347
vt 0.075194 0.428347
vt 0.090233 0.428347
vt 0.105272 0.428347
vt 0.120311 0.428347
vt 0.135349 0.428347
vt 0.150388 0.428347
vt 0.165427 0.428347
vt 0.180466 0.428347
vt 0.195505 0.428347
vt 0.210543 0.428347
vt 0.225582 0.428347
vt 0.240621 0.428347
vt 0.255660 0.428347
vt 0.270699 0.428347
vt 0.285738 0.428347
vt 0.300776 0.428347
vt 0.000000 0.443386
vt 0.015039 0.443386
vt 0.030078 0.443386
vt 0.045116 0.443386
vt 0.060155 0.443386
vt 0.075194 0.443386
vt 0.090233 0.443386
vt 0.105272 0.443386
vt 0.120311 0.443386
vt 0.135349 0.443386
vt 0.150388 0.443386
vt 0.165427 0.443386
vt 0.180466 0.443386
vt 0.195505 0.443386
vt 0.210543 0.443386
vt 0.225582 0.443386
vt 0.240621 0.443386
vt 0.255660 0.443386
vt 0.270699 0.443386
vt 0.285738 0.443386
vt 0.300776 0.443386
vt 0.000000 0.458425
vt 0.015039 0.458425
vt 0.030078 0.458425
vt 0.045116 0.458425
vt 0.060155 0.458425
vt 0.075194 0.458425
vt 0.090233 0.458425
vt 0.105272 0.458425
vt 0.120311 0.458425
vt 0.135349 0.458425
vt 0.150388 0.458425
vt 0.165427 0.458425
vt 0.180466 0.458425
vt 0.195505 0.458425
vt 0.210543 0.458425
vt 0.225582 0.458425
vt 0.240621 0.458425
vt 0.255660 0.458425
vt 0.270699 0.458425
vt 0.285738 0.458425
vt 0.300776 0.458425
vt 0.000000 0.473464
vt 0.015039 0.473464
vt 0.030078 0.473464
vt 0.045116 0.473464
vt 0.060155 0.473464
vt 0.075194 0.473464
vt 0.090233 0.473464
vt 0.105272 0.473464
vt 0.120311 0.473464
vt 0.135349 0.473464
vt 0.150388 0.473464
vt 0.165427 0.473464
vt 0.180466 0.473464
vt 0.195505 0.473464
vt 0.210543 0.473464
vt 0.225582 0.473464
vt 0.240621 0.473464
vt 0.255660 0.473464
vt 0.270699 0.473464
vt 0.285738 0.473464
vt 0.300776 0.473464
vt 0.000000 0.488503
vt 0.015039 0.488503
vt 0.030078 0.488503
vt 0.045116 0.488503
vt 0.060155 0.488503
vt 0.075194 0.488503
vt 0.090233 0.488503
vt 0.105272 0.488503
vt 0.120311 0.488503
vt 0.135349 0.488503
vt 0.150388 0.488503
vt 0.165427 0.488503
vt 0.180466 0.488503
vt 0.195505 0.488503
vt 0.210543 0.488503
vt 0.225582 0.488503
vt 0.240621 0.488503
vt 0.255660 0.488503
vt 0.270699 0.488503
vt 0.285738 0.488503
vt 0.300776 0.488503
vt 0.000000 0.503541
vt 0.015039 0.503541
vt 0.030078 0.503541
vt 0.045116 0.503541
vt 0.060155 0.503541
vt 0.075194 0.503541
vt 0.090233 0.503541
vt 0.105272 0.503541
vt 0.120311 0.503541
vt 0.135349 0.503541
vt 0.150388 0.503541
vt 0.165427 0.503541
vt 0.180466 0.503541
vt 0.195505 0.503541
vt 0.210543 0.503541
vt 0.225582 0.503541
vt 0.240621 0.503541
vt 0.255660 0.503541
vt 0.270699 0.503541
vt 0.285738 0.503541
vt 0.300776 0.503541
vt 0.000000 0.518580
vt 0.015039 0.518580
vt 0.030078 0.518580
vt 0.045116 0.518580
vt 0.060155 0.518580
vt 0.075194 0.518580
vt 0.090233 0.518580
vt 0.105272 0.518580
vt 0.120311 0.518580
vt 0.135349 0.518580
vt 0.150388 0.518580
vt 0.165427 0.518580
vt 0.180466 0.518580
vt 0.195505 0.518580
vt 0.210543 0.518580
vt 0.225582 0.518580
vt 0.240621 0.518580
vt 0.255660 0.518580
vt 0.270699 0.518580
vt 0.285738 0.518580
vt 0.300776 0.518580
vt 0.000000 0.533619
vt 0.015039 0.533619
vt 0.030078 0.533619
vt 0.045116 0.533619
vt 0.060155 0.533619
vt 0.075194 0.533619
vt 0.090233 0.533619
vt 0.105272 0.533619
vt 0.120311 0.533619
vt 0.135349 0.533619
vt 0.150388 0.533619
vt 0.165427 0.533619
vt 0.180466 0.533619
vt 0.195505 0.533619
vt 0.210543 0.533619
vt 0.225582 0.533619
vt 0.240621 0.533619
vt 0.255660 0.533619
vt 0.270699 0.533619
vt 0.285738 0.533619
vt 0.300776 0.533619
vt 0.000000 0.548658
vt 0.015039 0.548658
vt 0.030078 0.548658
vt 0.045116 0.548658
vt 0.060155 0.548658
vt 0.075194 0.548658
vt 0.090233 0.548658
vt 0.105272 0.548658
vt 0.120311 0.548658
vt 0.135349 0.548658
vt 0.150388 0.548658
vt 0.165427 0.548658
vt 0.180466 0.548658
vt 0.195505 0.548658
vt 0.210543 0.548658
vt 0.225582 0.548658
vt 0.240621 0.548658
vt 0.255660 0.548658
vt 0.270699 0.548658
vt 0.285738 0.548658
vt 0.300776 0.548658
vt 0.000000 0.563697
vt 0.015039 0.563697
vt 0.030078 0.563697
vt 0.045116 0.563697
vt 0.060155 0.563697
vt 0.075194 0.563697
vt 0.090233 0.563697
vt 0.105272 0.563697
vt 0.120311 0.563697
vt 0.135349 0.563697
vt 0.150388 0.563697
vt 0.165427 0.563697
vt 0.180466 0.563697
vt 0.195505 0.563697
vt 0.210543 0.563697
vt 0.225582 0.563697
vt 0.240621 0.563697
vt 0.255660 0.563697
vt 0.270699 0.563697
vt 0.285738 0.563697
vt 0.300776 0.563697
vt 0.000000 0.578736
vt 0.015039 0.578736
vt 0.030078 0.578736
vt 0.045116 0.578736
vt 0.060155 0.578736
vt 0.075194 0.578736
vt 0.090233 0.578736
vt 0.105272 0.578736
vt 0.120311 0.578736
vt 0.135349 0.578736
vt 0.150388 0.578736
vt 0.165427 0.578736
vt 0.180466 0.578736
vt 0.195505 0.578736
vt 0.210543 0.578736
vt 0.225582 0.578736
vt 0.240621 0.578736
vt 0.255660 0.578736
vt 0.270699 0.578736
vt 0.285738 0.578736
vt 0.300776 0.578736
vt 0.000000 0.593774
vt 0.015039 0.593774
vt 0.030078 0.593774
vt 0.045116 0.593774
vt 0.060155 0.593774
vt 0.075194 0.593774
vt 0.090233 0.593774
vt 0.105272 0.593774
vt 0.120311 0.593774
vt 0.135349 0.593774
vt 0.150388 0.593774
vt 0.165427 0.593774
vt 0.180466 0.593774
vt 0.195505 0.593774
vt 0.210543 0.593774
vt 0.225582 0.593774
vt 0.240621 0.593774
vt 0.255660 0.593774
vt 0.270699 0.593774
vt 0.285738 0.593774
vt 0.300776 0.593774
vt 0.000000 0.608813
vt 0.015039 0.608813
vt 0.030078 0.608813
vt 0.045116 0.608813
vt 0.060155 0.608813
vt 0.075194 0.608813
vt 0.090233 0.608813
vt 0.105272 0.608813
vt 0.120311 0.608813
vt 0.135349 0.608813
vt 0.150388 0.608813
vt 0.165427 0.608813
vt 0.180466 0.608813
vt 0.195505 0.608813
vt 0.210543 0.608813
vt 0.225582 0.608813
vt 0.240621 0.608813
vt 0.255660 0.608813
vt 0.270699 0.608813
vt 0.285738 0.608813
vt 0.300776 0.608813
vt 0.000000 0.623852
vt 0.015039 0.623852
vt 0.030078 0.623852
vt 0.045116 0.623852
vt 0.060155 0.623852
vt 0.075194 0.623852
vt 0.090233 0.623852
vt 0.105272 0.623852
vt 0.120311 0.623852
vt 0.135349 0.623852
vt 0.150388 0.623852
vt 0.165427 0.623852
vt 0.180466 0.623852
vt 0.195505 0.623852
vt 0.210543 0.623852
vt 0.225582 0.623852
vt 0.240621 0.623852
vt 0.255660 0.623852
vt 0.270699 0.623852
vt 0.285738 0.623852
vt 0.300776 0.623852
vt 0.007519 0.338115
vt 0.022558 0.338115
vt 0.037597 0.338115
vt 0.052636 0.338115
vt 0.067675 0.338115
vt 0.082713 0.338115
vt 0.097752 0.338115
vt 0.112791 0.338115
vt 0.127830 0.338115
vt 0.142869 0.338115
vt 0.157908 0.338115
vt 0.172946 0.338115
vt 0.187985 0.338115
vt 0.203024 0.338115
vt 0.218063 0.338115
vt 0.233102 0.338115
vt 0.248140 0.338115
vt 0.263179 0.338115
vt 0.278218 0.338115
vt 0.293257 0.338115
vt 0.007519 0.638891
vt 0.022558 0.638891
vt 0.037597 0.638891
vt 0.052636 0.638891
vt 0.067675 0.638891
vt 0.082713 0.638891
vt 0.097752 0.638891
vt 0.112791 0.638891
vt 0.127830 0.638891
vt 0.142869 0.638891
vt 0.157908 0.638891
vt 0.172946 0.638891
vt 0.187985 0.638891
vt 0.203024 0.638891
vt 0.218063 0.638891
vt 0.233102 0.638891
vt 0.248140 0.638891
vt 0.263179 0.638891
vt 0.278218 0.638891
vt 0.293257 0.638891
vn 0.190555 -0.979722 -0.061915
vn 0.162096 -0.979722 -0.117769
vn 0.269870 -0.942722 -0.196072
vn 0.317252 -0.942722 -0.103081
vn 0.117769 -0.979722 -0.162095
vn 0.196072 -0.942723 -0.269870
vn 0.061915 -0.979722 -0.190555
vn 0.103081 -0.942723 -0.317251
vn -0.000000 -0.979722 -0.200361
vn -0.000000 -0.942723 -0.333578
vn -0.061915 -0.979722 -0.190555
vn -0.103081 -0.942722 -0.317252
vn -0.117769 -0.979722 -0.162096
vn -0.196072 -0.942722 -0.269871
vn -0.162096 -0.979722 -0.117770
vn -0.269870 -0.942722 -0.196072
vn -0.190555 -0.979722 -0.061915
vn -0.317252 -0.942722 -0.103081
vn -0.200361 -0.979722 0.000000
vn -0.333578 -0.942722 -0.000000
vn -0.190555 -0.979722 0.061915
vn -0.317252 -0.942722 0.103081
vn -0.162096 -0.979722 0.117769
vn -0.269870 -0.942722 0.196072
vn -0.117769 -0.979722 0.162095
vn -0.196072 -0.942722 0.269870
vn -0.061915 -0.979722 0.190555
vn -0.103081 -0.942722 0.317252
vn 0.000000 -0.979722 0.200361
vn 0.000000 -0.942722 0.333578
vn 0.061915 -0.979722 0.190555
vn 0.103081 -0.942722 0.317252
vn 0.117769 -0.979722 0.162096
vn 0.196072 -0.942722 0.269870
vn 0.162096 -0.979722 0.117769
vn 0.269870 -0.942722 0.196073
vn 0.190555 -0.979722 0.061915
vn 0.317252 -0.942722 0.103081
vn 0.200361 -0.979722 0.000001
vn 0.333578 -0.942722 0.000000
vn 0.380846 -0.882266 -0.276701
vn 0.447712 -0.882266 -0.145470
vn 0.276701 -0.882266 -0.380846
vn 0.145470 -0.882266 -0.447711
vn -0.000000 -0.882266 -0.470752
vn -0.145470 -0.882266 -0.447711
vn -0.276701 -0.882266 -0.380846
vn -0.380846 -0.882266 -0.276701
vn -0.447712 -0.882266 -0.145470
vn -0.470752 -0.882266 0.000000
vn -0.447712 -0.882266 0.145470
vn -0.380846 -0.882266 0.276701
vn -0.276701 -0.882266 0.380846
vn -0.145470 -0.882266 0.447712
vn 0.000000 -0.882266 0.470752
vn 0.145470 -0.882266 0.447712
vn 0.276701 -0.882266 0.380846
vn 0.380846 -0.882266 0.276701
vn 0.447712 -0.882266 0.145470
vn 0.470752 -0.882266 0.000000
vn 0.485138 -0.800252 -0.352474
vn 0.570314 -0.800252 -0.185306
vn 0.352473 -0.800252 -0.485138
vn 0.185306 -0.800252 -0.570314
vn -0.000000 -0.800252 -0.599664
vn -0.185307 -0.800252 -0.570314
vn -0.352474 -0.800252 -0.485138
vn -0.485138 -0.800252 -0.352474
vn -0.570314 -0.800252 -0.185306
vn -0.599664 -0.800252 0.000000
vn -0.570314 -0.800252 0.185306
vn -0.485138 -0.800252 0.352474
vn -0.352474 -0.800252 0.485139
vn -0.185306 -0.800252 0.570314
vn 0.000000 -0.800252 0.599664
vn 0.185306 -0.800252 0.570314
vn 0.352474 -0.800252 0.485139
vn 0.485138 -0.800252 0.352474
vn 0.570314 -0.800252 0.185306
vn 0.599664 -0.800252 0.000001
vn 0.578713 -0.698789 -0.420459
vn 0.680318 -0.698789 -0.221048
vn 0.420459 -0.698789 -0.578713
vn 0.221049 -0.698789 -0.680318
vn -0.000000 -0.698789 -0.715328
vn -0.221049 -0.698789 -0.680318
vn -0.420460 -0.698789 -0.578713
vn -0.578713 -0.698789 -0.420459
vn -0.680318 -0.698789 -0.221049
vn -0.715328 -0.698788 -0.000000
vn -0.680318 -0.698789 0.221049
vn -0.578713 -0.698789 0.420460
vn -0.420459 -0.698788 0.578713
vn -0.221049 -0.698788 0.680318
vn -0.000000 -0.698789 0.715328
vn 0.221049 -0.698789 0.680318
vn 0.420460 -0.698788 0.578713
vn 0.578713 -0.698788 0.420459
vn 0.680318 -0.698788 0.221049
vn 0.715328 -0.698788 0.000001
vn 0.658808 -0.580401 -0.478652
vn 0.774475 -0.580401 -0.251641
vn 0.478652 -0.580401 -0.658808
vn 0.251642 -0.580401 -0.774475
vn -0.000000 -0.580401 -0.814331
vn -0.251642 -0.580401 -0.774475
vn -0.478652 -0.580401 -0.658808
vn -0.658808 -0.580401 -0.478652
vn -0.774475 -0.580401 -0.251642
vn -0.814331 -0.580401 -0.000000
vn -0.774475 -0.580401 0.251642
vn -0.658808 -0.580401 0.478652
vn -0.478652 -0.580401 0.658808
vn -0.251642 -0.580401 0.774475
vn 0.000000 -0.580401 0.814331
vn 0.251642 -0.580401 0.774475
vn 0.478652 -0.580401 0.658808
vn 0.658808 -0.580401 0.478652
vn 0.774475 -0.580401 0.251642
vn 0.814331 -0.580401 0.000001
vn 0.723291 -0.447994 -0.525502
vn 0.850280 -0.447994 -0.276272
vn 0.525501 -0.447994 -0.723291
vn 0.276272 -0.447994 -0.850279
vn -0.000000 -0.447994 -0.894037
vn -0.276273 -0.447994 -0.850279
vn -0.525502 -0.447994 -0.723291
vn -0.723291 -0.447994 -0.525501
vn -0.850279 -0.447994 -0.276272
vn -0.894037 -0.447994 -0.000000
vn -0.850279 -0.447994 0.276273
vn -0.723291 -0.447994 0.525502
vn -0.525502 -0.447994 0.723291
vn -0.276273 -0.447994 0.850279
vn 0.000000 -0.447994 0.894037
vn 0.276273 -0.447994 0.850279
vn 0.525502 -0.447994 0.723291
vn 0.723291 -0.447994 0.525502
vn 0.850280 -0.447994 0.276273
vn 0.894037 -0.447994 0.000001
vn 0.770524 -0.304789 -0.559819
vn 0.905806 -0.304789 -0.294313
vn 0.559818 -0.304789 -0.770524
vn 0.294314 -0.304789 -0.905805
vn -0.000000 -0.304789 -0.952420
vn -0.294314 -0.304789 -0.905805
vn -0.559819 -0.304789 -0.770524
vn -0.770524 -0.304789 -0.559818
vn -0.905805 -0.304789 -0.294314
vn -0.952420 -0.304789 -0.000000
vn -0.905805 -0.304789 0.294314
vn -0.770524 -0.304788 0.559819
vn -0.559818 -0.304788 0.770524
vn -0.294314 -0.304789 0.905805
vn 0.000000 -0.304789 0.952420
vn 0.294314 -0.304789 0.905805
vn 0.559818 -0.304789 0.770524
vn 0.770524 -0.304789 0.559818
vn 0.905805 -0.304789 0.294314
vn 0.952420 -0.304788 0.000001
vn 0.799335 -0.154249 -0.580751
vn 0.939675 -0.154249 -0.305318
vn 0.580751 -0.154249 -0.799335
vn 0.305319 -0.154249 -0.939674
vn 0.000000 -0.154249 -0.988032
vn -0.305319 -0.154249 -0.939674
vn -0.580751 -0.154249 -0.799335
vn -0.799335 -0.154249 -0.580751
vn -0.939674 -0.154248 -0.305319
vn -0.988032 -0.154248 0.000000
vn -0.939674 -0.154248 0.305319
vn -0.799335 -0.154248 0.580751
vn -0.580751 -0.154249 0.799335
vn -0.305319 -0.154249 0.939674
vn 0.000000 -0.154249 0.988032
vn 0.305319 -0.154249 0.939674
vn 0.580751 -0.154249 0.799335
vn 0.799335 -0.154249 0.580751
vn 0.939674 -0.154249 0.305319
vn 0.988032 -0.154249 0.000001
vn 0.809017 0.000000 -0.587785
vn 0.951057 -0.000000 -0.309016
vn 0.587785 -0.000000 -0.809017
vn 0.309017 -0.000000 -0.951057
vn 0.000000 0.000000 -1.000000
vn -0.309017 -0.000000 -0.951056
vn -0.587785 -0.000000 -0.809017
vn -0.809017 0.000000 -0.587785
vn -0.951057 0.000000 -0.309017
vn -1.000000 -0.000000 0.000000
vn -0.951056 -0.000000 0.309017
vn -0.809017 0.000000 0.587785
vn -0.587785 -0.000000 0.809017
vn -0.309017 -0.000000 0.951057
vn 0.000000 0.000000 1.000000
vn 0.309017 -0.000000 0.951057
vn 0.587785 -0.000000 0.809017
vn 0.809017 -0.000000 0.587785
vn 0.951057 0.000000 0.309017
vn 1.000000 0.000000 0.000001
vn 0.799335 0.154249 -0.580751
vn 0.939675 0.154249 -0.305318
vn 0.580751 0.154249 -0.799335
vn 0.305319 0.154249 -0.939674
vn 0.000000 0.154249 -0.988032
vn -0.305319 0.154249 -0.939674
vn -0.580751 0.154249 -0.799335
vn -0.799335 0.154249 -0.580751
vn -0.939674 0.154248 -0.305319
vn -0.988032 0.154248 0.000000
vn -0.939674 0.154248 0.305319
vn -0.799335 0.154248 0.580751
vn -0.580751 0.154249 0.799335
vn -0.305319 0.154249 0.939674
vn 0.000000 0.154249 0.988032
vn 0.305319 0.154249 0.939674
vn 0.580751 0.154249 0.799335
vn 0.799335 0.154249 0.580751
vn 0.939674 0.154249 0.305319
vn 0.988032 0.154249 0.000001
vn 0.770524 0.304789 -0.559819
vn 0.905806 0.304789 -0.294313
vn 0.559818 0.304789 -0.770524
vn 0.294314 0.304789 -0.905805
vn -0.000000 0.304789 -0.952420
vn -0.294314 0.304789 -0.905805
vn -0.559819 0.304789 -0.770524
vn -0.770524 0.304789 -0.559818
vn -0.905805 0.304789 -0.294314
vn -0.952420 0.304789 -0.000000
vn -0.905805 0.304789 0.294314
vn -0.770524 0.304788 0.559819
vn -0.559818 0.304788 0.770524
vn -0.294314 0.304789 0.905805
vn 0.000000 0.304789 0.952420
vn 0.294314 0.304789 0.905805
vn 0.559818 0.304789 0.770524
vn 0.770524 0.304789 0.559818
vn 0.905805 0.304788 0.294314
vn 0.952420 0.304788 0.000001
vn 0.723291 0.447994 -0.525502
vn 0.850280 0.447994 -0.276272
vn 0.525501 0.447994 -0.723291
vn 0.276272 0.447994 -0.850280
vn -0.000000 0.447994 -0.894037
vn -0.276273 0.447994 -0.850279
vn -0.525502 0.447994 -0.723291
vn -0.723291 0.447994 -0.525501
vn -0.850279 0.447994 -0.276272
vn -0.894037 0.447994 -0.000000
vn -0.850279 0.447994 0.276273
vn -0.723291 0.447994 0.525502
vn -0.525502 0.447994 0.723291
vn -0.276273 0.447994 0.850279
vn 0.000000 0.447994 0.894037
vn 0.276273 0.447994 0.850279
vn 0.525502 0.447994 0.723291
vn 0.723291 0.447994 0.525502
vn 0.850280 0.447994 0.276273
vn 0.894037 0.447994 0.000001
vn 0.658808 0.580401 -0.478652
vn 0.774475 0.580401 -0.251641
vn 0.478652 0.580401 -0.658808
vn 0.251642 0.580401 -0.774475
vn -0.000000 0.580401 -0.814331
vn -0.251642 0.580401 -0.774475
vn -0.478652 0.580401 -0.658808
vn -0.658808 0.580401 -0.478652
vn -0.774475 0.580401 -0.251642
vn -0.814331 0.580401 -0.000000
vn -0.774475 0.580401 0.251642
vn -0.658808 0.580401 0.478652
vn -0.478652 0.580401 0.658808
vn -0.251642 0.580401 0.774475
vn 0.000000 0.580401 0.814331
vn 0.251642 0.580401 0.774475
vn 0.478652 0.580401 0.658808
vn 0.658808 0.580401 0.478652
vn 0.774475 0.580401 0.251642
vn 0.814331 0.580401 0.000001
vn 0.578712 0.698789 -0.420459
vn 0.680318 0.698789 -0.221048
vn 0.420459 0.698789 -0.578713
vn 0.221049 0.698789 -0.680318
vn -0.000000 0.698789 -0.715328
vn -0.221049 0.698789 -0.680318
vn -0.420460 0.698789 -0.578713
vn -0.578713 0.698789 -0.420459
vn -0.680318 0.698789 -0.221049
vn -0.715328 0.698789 0.000000
vn -0.680318 0.698789 0.221049
vn -0.578713 0.698789 0.420460
vn -0.420459 0.698788 0.578713
vn -0.221049 0.698788 0.680318
vn -0.000000 0.698788 0.715328
vn 0.221049 0.698789 0.680318
vn 0.420459 0.698788 0.578713
vn 0.578713 0.698788 0.420460
vn 0.680318 0.698788 0.221049
vn 0.715328 0.698788 0.000001
vn 0.485138 0.800252 -0.352474
vn 0.570314 0.800252 -0.185306
vn 0.352473 0.800252 -0.485139
vn 0.185306 0.800252 -0.570314
vn -0.000000 0.800252 -0.599664
vn -0.185307 0.800252 -0.570314
vn -0.352474 0.800252 -0.485138
vn -0.485138 0.800252 -0.352474
vn -0.570314 0.800252 -0.185306
vn -0.599664 0.800252 0.000000
vn -0.570314 0.800252 0.185306
vn -0.485138 0.800252 0.352474
vn -0.352474 0.800252 0.485138
vn -0.185306 0.800252 0.570314
vn 0.000000 0.800252 0.599664
vn 0.185306 0.800252 0.570315
vn 0.352474 0.800252 0.485139
vn 0.485139 0.800252 0.352474
vn 0.570314 0.800252 0.185306
vn 0.599664 0.800252 0.000001
vn 0.380846 0.882266 -0.276701
vn 0.447712 0.882266 -0.145470
vn 0.276701 0.882266 -0.380846
vn 0.145470 0.882266 -0.447711
vn -0.000000 0.882266 -0.470752
vn -0.145470 0.882266 -0.447711
vn -0.276701 0.882266 -0.380846
vn -0.380846 0.882266 -0.276701
vn -0.447712 0.882266 -0.145470
vn -0.470752 0.882266 0.000000
vn -0.447712 0.882266 0.145471
vn -0.380846 0.882266 0.276701
vn -0.276701 0.882266 0.380846
vn -0.145470 0.882266 0.447712
vn 0.000000 0.882266 0.470752
vn 0.145470 0.882266 0.447712
vn 0.276701 0.882266 0.380846
vn 0.380846 0.882266 0.276701
vn 0.447712 0.882266 0.145470
vn 0.470752 0.882266 0.000000
vn 0.269870 0.942722 -0.196073
vn 0.317252 0.942722 -0.103081
vn 0.196072 0.942722 -0.269871
vn 0.103081 0.942722 -0.317251
vn -0.000000 0.942723 -0.333578
vn -0.103081 0.942723 -0.317251
vn -0.196072 0.942722 -0.269870
vn -0.269870 0.942722 -0.196072
vn -0.317252 0.942722 -0.103081
vn -0.333578 0.942722 0.000000
vn -0.317252 0.942722 0.103082
vn -0.269870 0.942722 0.196072
vn -0.196072 0.942722 0.269870
vn -0.103081 0.942722 0.317252
vn 0.000000 0.942722 0.333578
vn 0.103081 0.942722 0.317252
vn 0.196072 0.942722 0.269870
vn 0.269870 0.942722 0.196072
vn 0.317252 0.942722 0.103081
vn 0.333578 0.942722 0.000000
vn 0.162096 0.979722 -0.117769
vn 0.190555 0.979722 -0.061915
vn 0.117769 0.979722 -0.162096
vn 0.061915 0.979722 -0.190555
vn -0.000000 0.979722 -0.200361
vn -0.061915 0.979722 -0.190555
vn -0.117769 0.979722 -0.162095
vn -0.162096 0.979722 -0.117769
vn -0.190555 0.979722 -0.061915
vn -0.200361 0.979722 0.000000
vn -0.190555 0.979722 0.061915
vn -0.162096 0.979722 0.117769
vn -0.117769 0.979722 0.162096
vn -0.061915 0.979722 0.190555
vn 0.000000 0.979722 0.200361
vn 0.061915 0.979722 0.190555
vn 0.117769 0.979722 0.162096
vn 0.162096 0.979722 0.117769
vn 0.190555 0.979722 0.061915
vn 0.200361 0.979722 0.000001
vn -0.000000 -1.000000 -0.000000
vn -0.000000 1.000000 0.000000
s 1
g pSphere3
usemtl initialShadingGroup
f 1/1/1 2/2/2 22/23/3 21/22/4
f 2/2/2 3/3/5 23/24/6 22/23/3
f 3/3/5 4/4/7 24/25/8 23/24/6
f 4/4/7 5/5/9 25/26/10 24/25/8
f 5/5/9 6/6/11 26/27/12 25/26/10
f 6/6/11 7/7/13 27/28/14 26/27/12
f 7/7/13 8/8/15 28/29/16 27/28/14
f 8/8/15 9/9/17 29/30/18 28/29/16
f 9/9/17 10/10/19 30/31/20 29/30/18
f 10/10/19 11/11/21 31/32/22 30/31/20
f 11/11/21 12/12/23 32/33/24 31/32/22
f 12/12/23 13/13/25 33/34/26 32/33/24
f 13/13/25 14/14/27 34/35/28 33/34/26
f 14/14/27 15/15/29 35/36/30 34/35/28
f 15/15/29 16/16/31 36/37/32 35/36/30
f 16/16/31 17/17/33 37/38/34 36/37/32
f 17/17/33 18/18/35 38/39/36 37/38/34
f 18/18/35 19/19/37 39/40/38 38/39/36
f 19/19/37 20/20/39 40/41/40 39/40/38
f 20/20/39 1/21/1 21/42/4 40/41/40
f 21/22/4 22/23/3 42/44/41 41/43/42
f 22/23/3 23/24/6 43/45/43 42/44/41
f 23/24/6 24/25/8 44/46/44 43/45/43
f 24/25/8 25/26/10 45/47/45 44/46/44
f 25/26/10 26/27/12 46/48/46 45/47/45
f 26/27/12 27/28/14 47/49/47 46/48/46
f 27/28/14 28/29/16 48/50/48 47/49/47
f 28/29/16 29/30/18 49/51/49 48/50/48
f 29/30/18 30/31/20 50/52/50 49/51/49
f 30/31/20 31/32/22 51/53/51 50/52/50
f 31/32/22 32/33/24 52/54/52 51/53/51
f 32/33/24 33/34/26 53/55/53 52/54/52
f 33/34/26 34/35/28 54/56/54 53/55/53
f 34/35/28 35/36/30 55/57/55 54/56/54
f 35/36/30 36/37/32 56/58/56 55/57/55
f 36/37/32 37/38/34 57/59/57 56/58/56
f 37/38/34 38/39/36 58/60/58 57/59/57
f 38/39/36 39/40/38 59/61/59 58/60/58
f 39/40/38 40/41/40 60/62/60 59/61/59
f 40/41/40 21/42/4 41/63/42 60/62/60
f 41/43/42 42/44/41 62/65/61 61/64/62
f 42/44/41 43/45/43 63/66/63 62/65/61
f 43/45/43 44/46/44 64/67/64 63/66/63
f 44/46/44 45/47/45 65/68/65 64/67/64
f 45/47/45 46/48/46 66/69/66 65/68/65
f 46/48/46 47/49/47 67/70/67 66/69/66
f 47/49/47 48/50/48 68/71/68 67/70/67
f 48/50/48 49/51/49 69/72/69 68/71/68
f 49/51/49 50/52/50 70/73/70 69/72/69
f 50/52/50 51/53/51 71/74/71 70/73/70
f 51/53/51 52/54/52 72/75/72 71/74/71
f 52/54/52 53/55/53 73/76/73 72/75/72
f 53/55/53 54/56/54 74/77/74 73/76/73
f 54/56/54 55/57/55 75/78/75 74/77/74
f 55/57/55 56/58/56 76/79/76 75/78/75
f 56/58/56 57/59/57 77/80/77 76/79/76
f 57/59/57 58/60/58 78/81/78 77/80/77
f 58/60/58 59/61/59 79/82/79 78/81/78
f 59/61/59 60/62/60 80/83/80 79/82/79
f 60/62/60 41/63/42 61/84/62 80/83/80
f 61/64/62 62/65/61 82/86/81 81/85/82
f 62/65/61 63/66/63 83/87/83 82/86/81
f 63/66/63 64/67/64 84/88/84 83/87/83
f 64/67/64 65/68/65 85/89/85 84/88/84
f 65/68/65 66/69/66 86/90/86 85/89/85
f 66/69/66 67/70/67 87/91/87 86/90/86
f 67/70/67 68/71/68 88/92/88 87/91/87
f 68/71/68 69/72/69 89/93/89 88/92/88
f 69/72/69 70/73/70 90/94/90 89/93/89
f 70/73/70 71/74/71 91/95/91 90/94/90
f 71/74/71 72/75/72 92/96/92 91/95/91
f 72/75/72 73/76/73 93/97/93 92/96/92
f 73/76/73 74/77/74 94/98/94 93/97/93
f 74/77/74 75/78/75 95/99/95 94/98/94
f 75/78/75 76/79/76 96/100/96 95/99/95
f 76/79/76 77/80/77 97/101/97 96/100/96
f 77/80/77 78/81/78 98/102/98 97/101/97
f 78/81/78 79/82/79 99/103/99 98/102/98
f 79/82/79 80/83/80 100/104/100 99/103/99
f 80/83/80 61/84/62 81/105/82 100/104/100
f 81/85/82 82/86/81 102/107/101 101/106/102
f 82/86/81 83/87/83 103/108/103 102/107/101
f 83/87/83 84/88/84 104/109/104 103/108/103
f 84/88/84 85/89/85 105/110/105 104/109/104
f 85/89/85 86/90/86 106/111/106 105/110/105
f 86/90/86 87/91/87 107/112/107 106/111/106
f 87/91/87 88/92/88 108/113/108 107/112/107
f 88/92/88 89/93/89 109/114/109 108/113/108
f 89/93/89 90/94/90 110/115/110 109/114/109
f 90/94/90 91/95/91 111/116/111 110/115/110
f 91/95/91 92/96/92 112/117/112 111/116/111
f 92/96/92 93/97/93 113/118/113 112/117/112
f 93/97/93 94/98/94 114/119/114 113/118/113
f 94/98/94 95/99/95 115/120/115 114/119/114
f 95/99/95 96/100/96 116/121/116 115/120/115
f 96/100/96 97/101/97 117/122/117 116/121/116
f 97/101/97 98/102/98 118/123/118 117/122/117
f 98/102/98 99/103/99 119/124/119 118/123/118
f 99/103/99 100/104/100 120/125/120 119/124/119
f 100/104/100 81/105/82 101/126/102 120/125/120
f 101/106/102 102/107/101 122/128/121 121/127/122
f 102/107/101 103/108/103 123/129/123 122/128/121
f 103/108/103 104/109/104 124/130/124 123/129/123
f 104/109/104 105/110/105 125/131/125 124/130/124
f 105/110/105 106/111/106 126/132/126 125/131/125
f 106/111/106 107/112/107 127/133/127 126/132/126
f 107/112/107 108/113/108 128/134/128 127/133/127
f 108/113/108 109/114/109 129/135/129 128/134/128
f 109/114/109 110/115/110 130/136/130 129/135/129
f 110/115/110 111/116/111 131/137/131 130/136/130
f 111/116/111 112/117/112 132/138/132 131/137/131
f 112/117/112 113/118/113 133/139/133 132/138/132
f 113/118/113 114/119/114 134/140/134 133/139/133
f 114/119/114 115/120/115 135/141/135 134/140/134
f 115/120/115 116/121/116 136/142/136 135/141/135
f 116/121/116 117/122/117 137/143/137 136/142/136
f 117/122/117 118/123/118 138/144/138 137/143/137
f 118/123/118 119/124/119 139/145/139 138/144/138
f 119/124/119 120/125/120 140/146/140 139/145/139
f 120/125/120 101/126/102 121/147/122 140/146/140
f 121/127/122 122/128/121 142/149/141 141/148/142
f 122/128/121 123/129/123 143/150/143 142/149/141
f 123/129/123 124/130/124 144/151/144 143/150/143
f 124/130/124 125/131/125 145/152/145 144/151/144
f 125/131/125 126/132/126 146/153/146 145/152/145
f 126/132/126 127/133/127 147/154/147 146/153/146
f 127/133/127 128/134/128 148/155/148 147/154/147
f 128/134/128 129/135/129 149/156/149 148/155/148
f 129/135/129 130/136/130 150/157/150 149/156/149
f 130/136/130 131/137/131 151/158/151 150/157/150
f 131/137/131 132/138/132 152/159/152 151/158/151
f 132/138/132 133/139/133 153/160/153 152/159/152
f 133/139/133 134/140/134 154/161/154 153/160/153
f 134/140/134 135/141/135 155/162/155 154/161/154
f 135/141/135 136/142/136 156/163/156 155/162/155
f 136/142/136 137/143/137 157/164/157 156/163/156
f 137/143/137 138/144/138 158/165/158 157/164/157
f 138/144/138 139/145/139 159/166/159 158/165/158
f 139/145/139 140/146/140 160/167/160 159/166/159
f 140/146/140 121/147/122 141/168/142 160/167/160
f 141/148/142 142/149/141 162/170/161 161/169/162
f 142/149/141 143/150/143 163/171/163 162/170/161
f 143/150/143 144/151/144 164/172/164 163/171/163
f 144/151/144 145/152/145 165/173/165 164/172/164
f 145/152/145 146/153/146 166/174/166 165/173/165
f 146/153/146 147/154/147 167/175/167 166/174/166
f 147/154/147 148/155/148 168/176/168 167/175/167
f 148/155/148 149/156/149 169/177/169 168/176/168
f 149/156/149 150/157/150 170/178/170 169/177/169
f 150/157/150 151/158/151 171/179/171 170/178/170
f 151/158/151 152/159/152 172/180/172 171/179/171
f 152/159/152 153/160/153 173/181/173 172/180/172
f 153/160/153 154/161/154 174/182/174 173/181/173
f 154/161/154 155/162/155 175/183/175 174/182/174
f 155/162/155 156/163/156 176/184/176 175/183/175
f 156/163/156 157/164/157 177/185/177 176/184/176
f 157/164/157 158/165/158 178/186/178 177/185/177
f 158/165/158 159/166/159 179/187/179 178/186/178
f 159/166/159 160/167/160 180/188/180 179/187/179
f 160/167/160 141/168/142 161/189/162 180/188/180
f 161/169/162 162/170/161 182/191/181 181/190/182
f 162/170/161 163/171/163 183/192/183 182/191/181
f 163/171/163 164/172/164 184/193/184 183/192/183
f 164/172/164 165/173/165 185/194/185 184/193/184
f 165/173/165 166/174/166 186/195/186 185/194/185
f 166/174/166 167/175/167 187/196/187 186/195/186
f 167/175/167 168/176/168 188/197/188 187/196/187
f 168/176/168 169/177/169 189/198/189 188/197/188
f 169/177/169 170/178/170 190/199/190 189/198/189
f 170/178/170 171/179/171 191/200/191 190/199/190
f 171/179/171 172/180/172 192/201/192 191/200/191
f 172/180/172 173/181/173 193/202/193 192/201/192
f 173/181/173 174/182/174 194/203/194 193/202/193
f 174/182/174 175/183/175 195/204/195 194/203/194
f 175/183/175 176/184/176 196/205/196 195/204/195
f 176/184/176 177/185/177 197/206/197 196/205/196
f 177/185/177 178/186/178 198/207/198 197/206/197
f 178/186/178 179/187/179 199/208/199 198/207/198
f 179/187/179 180/188/180 200/209/200 199/208/199
f 180/188/180 161/189/162 181/210/182 200/209/200
f 181/190/182 182/191/181 202/212/201 201/211/202
f 182/191/181 183/192/183 203/213/203 202/212/201
f 183/192/183 184/193/184 204/214/204 203/213/203
f 184/193/184 185/194/185 205/215/205 204/214/204
f 185/194/185 186/195/186 206/216/206 205/215/205
f 186/195/186 187/196/187 207/217/207 206/216/206
f 187/196/187 188/197/188 208/218/208 207/217/207
f 188/197/188 189/198/189 209/219/209 208/218/208
f 189/198/189 190/199/190 210/220/210 209/219/209
f 190/199/190 191/200/191 211/221/211 210/220/210
f 191/200/191 192/201/192 212/222/212 211/221/211
f 192/201/192 193/202/193 213/223/213 212/222/212
f 193/202/193 194/203/194 214/224/214 213/223/213
f 194/203/194 195/204/195 215/225/215 214/224/214
f 195/204/195 196/205/196 216/226/216 215/225/215
f 196/205/196 197/206/197 217/227/217 216/226/216
f 197/206/197 198/207/198 218/228/218 217/227/217
f 198/207/198 199/208/199 219/229/219 218/228/218
f 199/208/199 200/209/200 220/230/220 219/229/219
f 200/209/200 181/210/182 201/231/202 220/230/220
f 201/211/202 202/212/201 222/233/221 221/232/222
f 202/212/201 203/213/203 223/234/223 222/233/221
f 203/213/203 204/214/204 224/235/224 223/234/223
f 204/214/204 205/215/205 225/236/225 224/235/224
f 205/215/205 206/216/206 226/237/226 225/236/225
f 206/216/206 207/217/207 227/238/227 226/237/226
f 207/217/207 208/218/208 228/239/228 227/238/227
f 208/218/208 209/219/209 229/240/229 228/239/228
f 209/219/209 210/220/210 230/241/230 229/240/229
f 210/220/210 211/221/211 231/242/231 230/241/230
f 211/221/211 212/222/212 232/243/232 231/242/231
f 212/222/212 213/223/213 233/244/233 232/243/232
f 213/223/213 214/224/214 234/245/234 233/244/233
f 214/224/214 215/225/215 235/246/235 234/245/234
f 215/225/215 216/226/216 236/247/236 235/246/235
f 216/226/216 217/227/217 237/248/237 236/247/236
f 217/227/217 218/228/218 238/249/238 237/248/237
f 218/228/218 219/229/219 239/250/239 238/249/238
f 219/229/219 220/230/220 240/251/240 239/250/239
f 220/230/220 201/231/202 221/252/222 240/251/240
f 221/232/222 222/233/221 242/254/241 241/253/242
f 222/233/221 223/234/223 243/255/243 242/254/241
f 223/234/223 224/235/224 244/256/244 243/255/243
f 224/235/224 225/236/225 245/257/245 244/256/244
f 225/236/225 226/237/226 246/258/246 245/257/245
f 226/237/226 227/238/227 247/259/247 246/258/246
f 227/238/227 228/239/228 248/260/248 247/259/247
f 228/239/228 229/240/229 249/261/249 248/260/248
f 229/240/229 230/241/230 250/262/250 249/261/249
f 230/241/230 231/242/231 251/263/251 250/262/250
f 231/242/231 232/243/232 252/264/252 251/263/251
f 232/243/232 233/244/233 253/265/253 252/264/252
f 233/244/233 234/245/234 254/266/254 253/265/253
f 234/245/234 235/246/235 255/267/255 254/266/254
f 235/246/235 236/247/236 256/268/256 255/267/255
f 236/247/236 237/248/237 257/269/257 256/268/256
f 237/248/237 238/249/238 258/270/258 257/269/257
f 238/249/238 239/250/239 259/271/259 258/270/258
f 239/250/239 240/251/240 260/272/260 259/271/259
f 240/251/240 221/252/222 241/273/242 260/272/260
f 241/253/242 242/254/241 262/275/261 261/274/262
f 242/254/241 243/255/243 263/276/263 262/275/261
f 243/255/243 244/256/244 264/277/264 263/276/263
f 244/256/244 245/257/245 265/278/265 264/277/264
f 245/257/245 246/258/246 266/279/266 265/278/265
f 246/258/246 247/259/247 267/280/267 266/279/266
f 247/259/247 248/260/248 268/281/268 267/280/267
f 248/260/248 249/261/249 269/282/269 268/281/268
f 249/261/249 250/262/250 270/283/270 269/282/269
f 250/262/250 251/263/251 271/284/271 270/283/270
f 251/263/251 252/264/252 272/285/272 271/284/271
f 252/264/252 253/265/253 273/286/273 272/285/272
f 253/265/253 254/266/254 274/287/274 273/286/273
f 254/266/254 255/267/255 275/288/275 274/287/274
f 255/267/255 256/268/256 276/289/276 275/288/275
f 256/268/256 257/269/257 277/290/277 276/289/276
f 257/269/257 258/270/258 278/291/278 277/290/277
f 258/270/258 259/271/259 279/292/279 278/291/278
f 259/271/259 260/272/260 280/293/280 279/292/279
f 260/272/260 241/273/242 261/294/262 280/293/280
f 261/274/262 262/275/261 282/296/281 281/295/282
f 262/275/261 263/276/263 283/297/283 282/296/281
f 263/276/263 264/277/264 284/298/284 283/297/283
f 264/277/264 265/278/265 285/299/285 284/298/284
f 265/278/265 266/279/266 286/300/286 285/299/285
f 266/279/266 267/280/267 287/301/287 286/300/286
f 267/280/267 268/281/268 288/302/288 287/301/287
f 268/281/268 269/282/269 289/303/289 288/302/288
f 269/282/269 270/283/270 290/304/290 289/303/289
f 270/283/270 271/284/271 291/305/291 290/304/290
f 271/284/271 272/285/272 292/306/292 291/305/291
f 272/285/272 273/286/273 293/307/293 292/306/292
f 273/286/273 274/287/274 294/308/294 293/307/293
f 274/287/274 275/288/275 295/309/295 294/308/294
f 275/288/275 276/289/276 296/310/296 295/309/295
f 276/289/276 277/290/277 297/311/297 296/310/296
f 277/290/277 278/291/278 298/312/298 297/311/297
f 278/291/278 279/292/279 299/313/299 298/312/298
f 279/292/279 280/293/280 300/314/300 299/313/299
f 280/293/280 261/294/262 281/315/282 300/314/300
f 281/295/282 282/296/281 302/317/301 301/316/302
f 282/296/281 283/297/283 303/318/303 302/317/301
f 283/297/283 284/298/284 304/319/304 303/318/303
f 284/298/284 285/299/285 305/320/305 304/319/304
f 285/299/285 286/300/286 306/321/306 305/320/305
f 286/300/286 287/301/287 307/322/307 306/321/306
f 287/301/287 288/302/288 308/323/308 307/322/307
f 288/302/288 289/303/289 309/324/309 308/323/308
f 289/303/289 290/304/290 310/325/310 309/324/309
f 290/304/290 291/305/291 311/326/311 310/325/310
f 291/305/291 292/306/292 312/327/312 311/326/311
f 292/306/292 293/307/293 313/328/313 312/327/312
f 293/307/293 294/308/294 314/329/314 313/328/313
f 294/308/294 295/309/295 315/330/315 314/329/314
f 295/309/295 296/310/296 316/331/316 315/330/315
f 296/310/296 297/311/297 317/332/317 316/331/316
f 297/311/297 298/312/298 318/333/318 317/332/317
f 298/312/298 299/313/299 319/334/319 318/333/318
f 299/313/299 300/314/300 320/335/320 319/334/319
f 300/314/300 281/315/282 301/336/302 320/335/320
f 301/316/302 302/317/301 322/338/321 321/337/322
f 302/317/301 303/318/303 323/339/323 322/338/321
f 303/318/303 304/319/304 324/340/324 323/339/323
f 304/319/304 305/320/305 325/341/325 324/340/324
f 305/320/305 306/321/306 326/342/326 325/341/325
f 306/321/306 307/322/307 327/343/327 326/342/326
f 307/322/307 308/323/308 328/344/328 327/343/327
f 308/323/308 309/324/309 329/345/329 328/344/328
f 309/324/309 310/325/310 330/346/330 329/345/329
f 310/325/310 311/326/311 331/347/331 330/346/330
f 311/326/311 312/327/312 332/348/332 331/347/331
f 312/327/312 313/328/313 333/349/333 332/348/332
f 313/328/313 314/329/314 334/350/334 333/349/333
f 314/329/314 315/330/315 335/351/335 334/350/334
f 315/330/315 316/331/316 336/352/336 335/351/335
f 316/331/316 317/332/317 337/353/337 336/352/336
f 317/332/317 318/333/318 338/354/338 337/353/337
f 318/333/318 319/334/319 339/355/339 338/354/338
f 319/334/319 320/335/320 340/356/340 339/355/339
f 320/335/320 301/336/302 321/357/322 340/356/340
f 321/337/322 322/338/321 342/359/341 341/358/342
f 322/338/321 323/339/323 343/360/343 342/359/341
f 323/339/323 324/340/324 344/361/344 343/360/343
f 324/340/324 325/341/325 345/362/345 344/361/344
f 325/341/325 326/342/326 346/363/346 345/362/345
f 326/342/326 327/343/327 347/364/347 346/363/346
f 327/343/327 328/344/328 348/365/348 347/364/347
f 328/344/328 329/345/329 349/366/349 348/365/348
f 329/345/329 330/346/330 350/367/350 349/366/349
f 330/346/330 331/347/331 351/368/351 350/367/350
f 331/347/331 332/348/332 352/369/352 351/368/351
f 332/348/332 333/349/333 353/370/353 352/369/352
f 333/349/333 334/350/334 354/371/354 353/370/353
f 334/350/334 335/351/335 355/372/355 354/371/354
f 335/351/335 336/352/336 356/373/356 355/372/355
f 336/352/336 337/353/337 357/374/357 356/373/356
f 337/353/337 338/354/338 358/375/358 357/374/357
f 338/354/338 339/355/339 359/376/359 358/375/358
f 339/355/339 340/356/340 360/377/360 359/376/359
f 340/356/340 321/357/322 341/378/342 360/377/360
f 341/358/342 342/359/341 362/380/361 361/379/362
f 342/359/341 343/360/343 363/381/363 362/380/361
f 343/360/343 344/361/344 364/382/364 363/381/363
f 344/361/344 345/362/345 365/383/365 364/382/364
f 345/362/345 346/363/346 366/384/366 365/383/365
f 346/363/346 347/364/347 367/385/367 366/384/366
f 347/364/347 348/365/348 368/386/368 367/385/367
f 348/365/348 349/366/349 369/387/369 368/386/368
f 349/366/349 350/367/350 370/388/370 369/387/369
f 350/367/350 351/368/351 371/389/371 370/388/370
f 351/368/351 352/369/352 372/390/372 371/389/371
f 352/369/352 353/370/353 373/391/373 372/390/372
f 353/370/353 354/371/354 374/392/374 373/391/373
f 354/371/354 355/372/355 375/393/375 374/392/374
f 355/372/355 356/373/356 376/394/376 375/393/375
f 356/373/356 357/374/357 377/395/377 376/394/376
f 357/374/357 358/375/358 378/396/378 377/395/377
f 358/375/358 359/376/359 379/397/379 378/396/378
f 359/376/359 360/377/360 380/398/380 379/397/379
f 360/377/360 341/378/342 361/399/362 380/398/380
f 2/2/2 1/1/1 381/400/381
f 3/3/5 2/2/2 381/401/381
f 4/4/7 3/3/5 381/402/381
f 5/5/9 4/4/7 381/403/381
f 6/6/11 5/5/9 381/404/381
f 7/7/13 6/6/11 381/405/381
f 8/8/15 7/7/13 381/406/381
f 9/9/17 8/8/15 381/407/381
f 10/10/19 9/9/17 381/408/381
f 11/11/21 10/10/19 381/409/381
f 12/12/23 11/11/21 381/410/381
f 13/13/25 12/12/23 381/411/381
f 14/14/27 13/13/25 381/412/381
f 15/15/29 14/14/27 381/413/381
f 16/16/31 15/15/29 381/414/381
f 17/17/33 16/16/31 381/415/381
f 18/18/35 17/17/33 381/416/381
f 19/19/37 18/18/35 381/417/381
f 20/20/39 19/19/37 381/418/381
f 1/21/1 20/20/39 381/419/381
f 361/379/362 362/380/361 382/420/382
f 362/380/361 363/381/363 382/421/382
f 363/381/363 364/382/364 382/422/382
f 364/382/364 365/383/365 382/423/382
f 365/383/365 366/384/366 382/424/382
f 366/384/366 367/385/367 382/425/382
f 367/385/367 368/386/368 382/426/382
f 368/386/368 369/387/369 382/427/382
f 369/387/369 370/388/370 382/428/382
f 370/388/370 371/389/371 382/429/382
f 371/389/371 372/390/372 382/430/382
f 372/390/372 373/391/373 382/431/382
f 373/391/373 374/392/374 382/432/382
f 374/392/374 375/393/375 382/433/382
f 375/393/375 376/394/376 382/434/382
f 376/394/376 377/395/377 382/435/382
f 377/395/377 378/396/378 382/436/382
f 378/396/378 379/397/379 382/437/382
f 379/397/379 380/398/380 382/438/382
f 380/398/380 361/399/362 382/439/382
g default
v -1.146630 0.000000 1.146134
v 1.186698 0.000000 1.145343
v -1.146630 0.366397 1.146134
v 1.186698 0.366397 1.145343
v -1.139616 0.366397 -1.161594
v 1.203586 0.366397 -1.129219
v -1.139616 0.000000 -1.161594
v 1.203586 0.000000 -1.129219
v -1.017302 0.000000 1.271627
v -1.017302 0.366397 1.271627
v -1.017302 0.366397 -1.271627
v -1.017302 0.000000 -1.271627
v -1.271627 0.366397 1.017302
v -1.271627 0.000000 1.017302
v -1.017302 0.000000 1.017302
v 1.271627 0.000000 1.017302
v 1.271627 0.366397 1.017302
v 1.042735 0.000000 1.271627
v 1.042735 0.366397 1.271627
v 1.042735 0.366397 -1.271627
v 1.042735 0.000000 -1.271627
v 1.042735 0.000000 1.017302
v -1.271627 0.000000 -1.042735
v -1.271627 0.366397 -1.042735
v 1.271627 0.366397 -1.042735
v 1.271627 0.000000 -1.042735
v 1.042735 0.000000 -1.042735
v -1.017302 0.000000 -1.042735
v -1.035652 0.366397 1.035204
v -0.918841 0.366397 1.148551
v -1.148551 0.366397 0.918841
v 0.941812 0.366397 1.148551
v -0.918841 0.366397 -1.148551
v 0.941812 0.366397 -1.148551
v -1.148551 0.366397 -0.941812
v -1.029316 0.366397 -1.049167
v 1.148551 0.366397 0.918841
v 1.071842 0.366397 1.034489
v 1.148551 0.366397 -0.941812
v 1.087095 0.366397 -1.019926
v -1.035652 0.548062 1.035204
v -0.918841 0.548062 1.148551
v -0.918841 0.548062 0.918841
v -1.148551 0.548062 0.918841
v 0.941812 0.548062 1.148551
v 0.941812 0.548062 0.918841
v -0.918841 0.548062 -0.941812
v -0.918841 0.548062 -1.148551
v 0.941812 0.548062 -0.941812
v 0.941812 0.548062 -1.148551
v -1.148551 0.548062 -0.941812
v -1.029316 0.548062 -1.049167
v 1.148551 0.548062 0.918841
v 1.071842 0.548062 1.034489
v 1.148551 0.548062 -0.941812
v 1.087095 0.548062 -1.019926
v -1.146630 0.256478 1.146134
v -1.271627 0.256478 1.017302
v -1.271627 0.256478 -1.042735
v -1.139615 0.256478 -1.161594
v -1.017302 0.256478 -1.271627
v 1.042735 0.256478 -1.271627
v 1.203586 0.256478 -1.129219
v 1.271627 0.256478 -1.042735
v 1.271627 0.256478 1.017302
v 1.186698 0.256478 1.145342
v 1.042735 0.256478 1.271627
v -1.017302 0.256478 1.271627
v -1.146630 0.076943 1.146134
v -1.271627 0.076943 1.017302
v -1.271627 0.076943 -1.042735
v -1.139615 0.076943 -1.161594
v -1.017302 0.076943 -1.271627
v 1.042735 0.076943 -1.271627
v 1.203586 0.076943 -1.129219
v 1.271627 0.076943 -1.042735
v 1.271627 0.076943 1.017302
v 1.186698 0.076943 1.145342
v 1.042735 0.076943 1.271627
v -1.017302 0.076943 1.271627
v 0.424724 0.000000 1.271627
v 0.424724 0.076943 1.271627
v 0.424724 0.256478 1.271627
v 0.424724 0.366397 1.271627
v 0.383616 0.366397 1.148551
v 0.383616 0.548062 1.148551
v 0.383616 0.548062 0.918841
v 0.383616 0.548062 -0.941812
v 0.383616 0.548062 -1.148551
v 0.383616 0.366397 -1.148551
v 0.424724 0.366397 -1.271627
v 0.424724 0.256478 -1.271627
v 0.424724 0.076943 -1.271627
v 0.424724 0.000000 -1.271627
v 0.424724 0.000000 -1.042735
v 0.424724 0.000000 1.017302
v -0.584694 0.000000 1.271627
v -0.584694 0.076943 1.271627
v -0.584694 0.256478 1.271627
v -0.584694 0.366397 1.271627
v -0.528104 0.366397 1.148551
v -0.528104 0.548062 1.148551
v -0.528104 0.548062 0.918841
v -0.528104 0.548062 -0.941812
v -0.528104 0.548062 -1.148551
v -0.528104 0.366397 -1.148551
v -0.584694 0.366397 -1.271627
v -0.584694 0.256478 -1.271627
v -0.584694 0.076943 -1.271627
v -0.584694 0.000000 -1.271627
v -0.584694 0.000000 -1.042735
v -0.584694 0.000000 1.017302
v -1.271627 0.366397 -0.424724
v -1.271627 0.256478 -0.424724
v -1.271627 0.076943 -0.424724
v -1.271627 0.000000 -0.424724
v -1.017302 0.000000 -0.424724
v -0.584694 0.000000 -0.424724
v 0.424724 0.000000 -0.424724
v 1.042735 0.000000 -0.424724
v 1.271627 0.000000 -0.424724
v 1.271627 0.076943 -0.424724
v 1.271627 0.256478 -0.424724
v 1.271627 0.366397 -0.424724
v 1.148551 0.366397 -0.383616
v 1.148551 0.548062 -0.383616
v 0.941812 0.548062 -0.383616
v 0.383616 0.548062 -0.383616
v -0.528104 0.548062 -0.383616
v -0.918841 0.548062 -0.383616
v -1.148551 0.548062 -0.383616
v -1.148551 0.366397 -0.383616
v -1.271627 0.366397 0.584694
v -1.271627 0.256478 0.584694
v -1.271627 0.076943 0.584694
v -1.271627 0.000000 0.584694
v -1.017302 0.000000 0.584694
v -0.584694 0.000000 0.584694
v 0.424724 0.000000 0.584694
v 1.042735 0.000000 0.584694
v 1.271627 0.000000 0.584694
v 1.271627 0.076943 0.584694
v 1.271627 0.256478 0.584694
v 1.271627 0.366397 0.584694
v 1.148551 0.366397 0.528104
v 1.148551 0.548062 0.528104
v 0.941812 0.548062 0.528104
v 0.383616 0.548062 0.528104
v -0.528104 0.548062 0.528104
v -0.918841 0.548062 0.528104
v -1.148551 0.548062 0.528104
v -1.148551 0.366397 0.528104
vt 0.325198 0.017353
vt 0.687857 0.022788
vt 0.337680 0.069374
vt 0.674921 0.074902
vt 0.337309 0.429041
vt 0.663418 0.434042
vt 0.339317 0.494501
vt 0.658935 0.500012
vt 0.330539 0.827309
vt 0.664517 0.825069
vt 1.000000 0.112583
vt 0.986015 0.161686
vt 0.000000 0.109012
vt 0.013723 0.158188
vt 0.351373 0.009292
vt 0.348725 0.845171
vt 0.360326 0.058063
vt 0.358493 0.438778
vt 0.358692 0.488504
vt 0.314013 0.074658
vt 0.316633 0.089326
vt 0.300485 0.024864
vt 0.313024 0.808852
vt 0.348785 0.809652
vt 0.675976 0.806708
vt 0.709033 0.029373
vt 0.690993 0.095392
vt 0.695213 0.079229
vt 0.379063 0.123655
vt 0.660037 0.014439
vt 0.644694 0.843415
vt 0.651247 0.063335
vt 0.629233 0.128203
vt 0.635009 0.443778
vt 0.633732 0.491784
vt 0.643909 0.807919
vt 0.023842 0.102359
vt 0.319293 0.509973
vt 0.037565 0.151535
vt 0.314560 0.410074
vt 0.376926 0.375065
vt 0.620500 0.380363
vt 0.677187 0.420401
vt 0.971267 0.157485
vt 0.670202 0.512295
vt 0.985253 0.108383
vt 0.638804 0.521044
vt 0.353205 0.517302
vt 0.350044 0.088132
vt 0.372165 0.073884
vt 0.330521 0.107664
vt 0.638041 0.078496
vt 0.624412 0.427575
vt 0.369608 0.422102
vt 0.348998 0.409599
vt 0.328448 0.391116
vt 0.662143 0.095108
vt 0.676957 0.114170
vt 0.664697 0.399654
vt 0.652350 0.412017
vt 0.364646 0.106541
vt 0.380708 0.095051
vt 0.349806 0.119778
vt 0.629822 0.098964
vt 0.617930 0.405843
vt 0.376927 0.401221
vt 0.362555 0.390639
vt 0.348085 0.377862
vt 0.646014 0.112115
vt 0.655998 0.125751
vt 0.646219 0.385949
vt 0.637837 0.394030
vt 0.333523 0.053032
vt 0.309817 0.059760
vt 0.033448 0.136782
vt 0.009606 0.143435
vt 0.334731 0.449015
vt 0.357304 0.453429
vt 0.635651 0.458125
vt 0.665133 0.453991
vt 0.990210 0.146955
vt 0.975463 0.142754
vt 0.699475 0.064320
vt 0.679159 0.058582
vt 0.654136 0.049149
vt 0.357457 0.043954
vt 0.327726 0.027846
vt 0.303294 0.035249
vt 0.026724 0.112686
vt 0.002882 0.119339
vt 0.335820 0.480308
vt 0.357796 0.478193
vt 0.634937 0.481910
vt 0.662086 0.485831
vt 0.997063 0.122894
vt 0.982316 0.118694
vt 0.706183 0.039772
vt 0.685335 0.033319
vt 0.658327 0.024972
vt 0.353117 0.019846
vt 0.567605 0.001019
vt 0.556400 0.846023
vt 0.567009 0.011672
vt 0.565523 0.036307
vt 0.564657 0.051494
vt 0.557801 0.068062
vt 0.556215 0.093183
vt 0.555273 0.124876
vt 0.547719 0.377434
vt 0.547116 0.405892
vt 0.547053 0.430880
vt 0.552423 0.447500
vt 0.552225 0.462517
vt 0.552033 0.487098
vt 0.552055 0.497690
vt 0.552647 0.528801
vt 0.555909 0.810638
vt 0.417369 0.000000
vt 0.410457 0.846245
vt 0.417836 0.010683
vt 0.419215 0.035453
vt 0.419996 0.050563
vt 0.428954 0.066967
vt 0.430448 0.092008
vt 0.430885 0.123593
vt 0.427351 0.375244
vt 0.426667 0.403338
vt 0.425121 0.427982
vt 0.416705 0.444104
vt 0.416241 0.459107
vt 0.415447 0.483597
vt 0.415077 0.494142
vt 0.413400 0.525507
vt 0.410388 0.810855
vt 0.120512 0.128389
vt 0.296814 0.312243
vt 0.116395 0.113636
vt 0.109671 0.089539
vt 0.106789 0.079211
vt 0.313375 0.602355
vt 0.348996 0.605669
vt 0.410402 0.610515
vt 0.554358 0.612455
vt 0.642547 0.606259
vt 0.674416 0.603196
vt 0.902430 0.084793
vt 0.899493 0.095104
vt 0.892640 0.119165
vt 0.700578 0.321281
vt 0.888445 0.133897
vt 0.684115 0.312823
vt 0.658749 0.309217
vt 0.629699 0.306073
vt 0.551996 0.302152
vt 0.426670 0.299776
vt 0.371906 0.300611
vt 0.339443 0.302586
vt 0.313662 0.304806
vt 0.255993 0.090598
vt 0.301383 0.158350
vt 0.251870 0.075841
vt 0.245155 0.051714
vt 0.242277 0.041383
vt 0.312986 0.747580
vt 0.348654 0.748877
vt 0.410103 0.750924
vt 0.555412 0.750677
vt 0.643071 0.747342
vt 0.675047 0.745899
vt 0.767145 0.046237
vt 0.764213 0.056554
vt 0.757369 0.080650
vt 0.703889 0.166195
vt 0.753167 0.095391
vt 0.687237 0.175989
vt 0.661645 0.178188
vt 0.632545 0.179694
vt 0.554730 0.178527
vt 0.428923 0.176544
vt 0.374574 0.174659
vt 0.342596 0.172146
vt 0.317504 0.168840
vn -0.696385 -0.000001 0.717668
vn -0.217954 -0.000000 0.975959
vn -0.217954 -0.000000 0.975959
vn -0.696385 -0.000000 0.717668
vn 0.000000 1.000000 -0.000000
vn 0.000000 1.000000 -0.000000
vn 0.000000 1.000000 -0.000000
vn 0.000000 1.000000 -0.000000
vn -0.668802 0.000000 -0.743440
vn -0.194500 0.000000 -0.980902
vn -0.194500 0.000000 -0.980902
vn -0.668802 0.000000 -0.743441
vn 0.000000 -1.000000 0.000000
vn 0.000000 -1.000000 0.000000
vn 0.000000 -1.000000 0.000000
vn 0.000000 -1.000000 0.000000
vn 0.833343 -0.000000 0.552756
vn 0.988720 -0.000000 0.149775
vn 0.988720 -0.000000 0.149775
vn 0.833343 -0.000000 0.552756
vn -0.717709 -0.000000 0.696343
vn -0.976101 -0.000000 0.217316
vn -0.976101 -0.000000 0.217316
vn -0.717709 -0.000001 0.696343
vn 0.000000 0.000000 1.000000
vn 0.000000 0.000000 1.000000
vn 0.000000 1.000000 0.000000
vn 0.000000 1.000000 0.000000
vn 0.000000 0.000000 -1.000000
vn 0.000000 0.000000 -1.000000
vn 0.000000 -1.000000 0.000000
vn 0.000000 -1.000000 0.000000
vn -0.669115 0.000000 -0.743159
vn -0.984328 0.000000 -0.176345
vn -0.984328 0.000000 -0.176345
vn -0.669115 0.000000 -0.743159
vn 0.000000 -1.000000 0.000000
vn 0.000000 -1.000000 0.000000
vn 0.000000 -1.000000 0.000000
vn 0.000000 -1.000000 0.000000
vn 0.000000 -1.000000 0.000000
vn 0.000000 -1.000000 0.000000
vn 0.785921 0.000000 -0.618327
vn 0.995368 0.000000 -0.096135
vn 0.995368 0.000000 -0.096135
vn 0.785921 0.000000 -0.618327
vn 0.000000 1.000000 0.000000
vn 0.000000 1.000000 0.000000
vn 0.000000 1.000000 0.000000
vn 0.000000 1.000000 0.000000
vn 0.000000 1.000000 0.000000
vn 0.000000 1.000000 0.000000
vn 0.659440 0.000000 0.751757
vn 0.163503 0.000000 0.986543
vn 0.163503 0.000000 0.986543
vn 0.659440 0.000000 0.751757
vn 0.000000 1.000000 -0.000000
vn 0.000000 1.000000 -0.000000
vn 0.000000 1.000000 -0.000000
vn 0.000000 1.000000 -0.000000
vn 0.000000 1.000000 0.000000
vn 0.000000 1.000000 0.000000
vn 0.000000 1.000000 0.000000
vn 0.000000 1.000000 0.000000
vn 0.179860 0.000000 -0.983692
vn 0.179860 0.000000 -0.983692
vn 0.662880 0.000000 -0.748726
vn 0.662880 0.000000 -0.748726
vn 0.000000 -1.000000 0.000000
vn 0.000000 -1.000000 0.000000
vn 0.000000 -1.000000 0.000000
vn 0.000000 -1.000000 0.000000
vn 0.000000 -1.000000 0.000000
vn 0.000000 -1.000000 0.000000
vn 0.000000 -1.000000 0.000000
vn 0.000000 -1.000000 0.000000
vn -1.000000 0.000000 0.000000
vn -1.000000 0.000001 0.000000
vn 0.000000 1.000000 0.000000
vn 0.000000 1.000000 0.000000
vn 0.000000 1.000000 0.000000
vn 0.000000 1.000000 0.000000
vn 0.000000 1.000000 0.000000
vn 1.000000 0.000001 0.000000
vn 1.000000 0.000000 0.000000
vn 0.000000 -1.000000 0.000000
vn 0.000000 -1.000000 0.000000
vn 0.000000 -1.000000 0.000000
vn 0.000000 -1.000000 0.000000
vn 0.000000 -1.000000 0.000000
vn 0.000000 1.000000 0.000000
vn 0.000000 1.000000 0.000000
vn 0.000000 1.000000 0.000000
vn 0.000000 1.000000 0.000000
vn 0.000000 1.000000 0.000000
vn 0.000000 1.000000 0.000000
vn 0.000000 1.000000 0.000000
vn 0.000000 1.000000 0.000000
vn 0.000000 1.000000 0.000000
vn 0.000000 1.000000 0.000000
vn 0.000000 1.000000 0.000000
vn 0.000000 1.000000 0.000000
vn 0.000000 1.000000 -0.000000
vn 0.000000 1.000000 -0.000000
vn 0.000000 1.000000 0.000000
vn 0.000000 1.000000 0.000000
vn 0.000000 1.000000 0.000000
vn 0.000000 1.000000 0.000000
vn 0.000000 1.000000 0.000000
vn 0.000000 1.000000 0.000000
vn 0.000000 1.000000 0.000000
vn 0.000000 1.000000 0.000000
vn 0.000000 1.000000 0.000000
vn 0.000000 1.000000 0.000000
vn 0.000000 1.000000 0.000000
vn 0.000000 1.000000 0.000000
vn 0.000000 1.000000 0.000000
vn 0.000000 1.000000 0.000000
vn 0.000000 1.000000 0.000000
vn 0.000000 1.000000 0.000000
vn 0.000000 1.000000 0.000000
vn 0.000000 1.000000 0.000000
vn 0.000000 1.000000 0.000000
vn 0.000000 1.000000 0.000000
vn 0.000000 1.000000 0.000000
vn 0.000000 1.000000 0.000000
vn 0.000000 1.000000 0.000000
vn 0.000000 1.000000 0.000000
vn 0.000000 1.000000 0.000000
vn 0.000000 1.000000 0.000000
vn 0.000000 1.000000 0.000000
vn 0.000000 1.000000 0.000000
vn 0.000000 1.000000 0.000000
vn 0.000000 1.000000 0.000000
vn 0.000000 1.000000 0.000000
vn 0.000000 1.000000 0.000000
vn 0.000000 1.000000 0.000000
vn 0.000000 1.000000 0.000000
vn -0.707107 0.000000 0.707107
vn -0.696386 0.000000 0.717667
vn -0.696386 0.000000 0.717667
vn -0.707107 0.000000 0.707107
vn -0.717708 0.000000 0.696344
vn -0.717708 0.000000 0.696344
vn 0.000000 0.000000 1.000000
vn 0.000000 0.000000 1.000000
vn 0.000000 0.000000 1.000000
vn 0.000000 0.000000 1.000000
vn 0.000000 0.000000 -1.000000
vn 0.000000 0.000000 -1.000000
vn 0.000000 0.000000 -1.000000
vn 0.000000 0.000000 -1.000000
vn -0.668802 0.000000 -0.743441
vn -0.668965 0.000000 -0.743294
vn -0.668965 0.000000 -0.743294
vn -0.668802 0.000000 -0.743441
vn -0.669115 0.000000 -0.743159
vn -0.669115 0.000000 -0.743159
vn 0.659441 0.000000 0.751756
vn 0.743294 0.000000 0.668965
vn 0.743294 0.000000 0.668965
vn 0.659441 0.000000 0.751756
vn 0.833343 0.000000 0.552756
vn 0.833343 0.000000 0.552756
vn 0.785920 0.000000 -0.618328
vn 0.707107 0.000000 -0.707107
vn 0.707107 0.000000 -0.707107
vn 0.785920 0.000000 -0.618328
vn 0.662881 0.000000 -0.748725
vn 0.662881 0.000000 -0.748725
vn -1.000000 0.000000 0.000000
vn -1.000000 0.000000 0.000000
vn -1.000000 0.000000 0.000000
vn -1.000000 0.000000 0.000000
vn 1.000000 0.000000 0.000000
vn 1.000000 0.000000 0.000000
vn 1.000000 0.000000 0.000000
vn 1.000000 0.000000 0.000000
vn -0.976101 0.000000 0.217316
vn -0.976101 0.000000 0.217316
vn -0.717709 0.000000 0.696343
vn -0.717709 0.000001 0.696343
vn -1.000000 0.000000 0.000000
vn -1.000000 0.000000 0.000000
vn -0.669115 0.000000 -0.743159
vn -0.984328 0.000000 -0.176345
vn -0.984328 0.000000 -0.176345
vn -0.669115 0.000000 -0.743159
vn -0.668802 0.000000 -0.743440
vn -0.194500 0.000000 -0.980902
vn -0.194500 0.000000 -0.980902
vn -0.668802 0.000000 -0.743440
vn 0.000000 0.000000 -1.000000
vn 0.000000 0.000000 -1.000000
vn 0.662880 0.000000 -0.748726
vn 0.179860 0.000000 -0.983692
vn 0.179860 0.000000 -0.983692
vn 0.662880 0.000000 -0.748726
vn 0.995368 0.000000 -0.096135
vn 0.995368 0.000000 -0.096135
vn 0.785921 0.000000 -0.618327
vn 0.785921 0.000000 -0.618327
vn 0.988720 0.000000 0.149775
vn 0.988720 0.000000 0.149775
vn 1.000000 0.000000 0.000000
vn 1.000000 0.000000 0.000000
vn 0.833343 0.000000 0.552756
vn 0.833343 0.000000 0.552756
vn 0.163503 0.000000 0.986543
vn 0.163503 0.000000 0.986543
vn 0.659440 0.000000 0.751757
vn 0.659440 0.000000 0.751757
vn -0.217954 0.000000 0.975959
vn -0.217954 0.000000 0.975959
vn 0.000000 0.000000 1.000000
vn 0.000000 0.000000 1.000000
vn -0.696385 0.000000 0.717668
vn -0.696386 0.000001 0.717668
vn 0.000000 0.000000 1.000000
vn 0.000000 0.000000 1.000000
vn 0.000000 0.000000 1.000000
vn 0.000000 0.000000 1.000000
vn 0.000000 1.000000 0.000000
vn 0.000000 1.000000 0.000000
vn 0.000000 1.000000 0.000000
vn 0.000000 1.000000 0.000000
vn 0.000000 0.000000 1.000000
vn 0.000000 0.000000 1.000000
vn 0.000000 0.000000 1.000000
vn 0.000000 0.000000 1.000000
vn 0.000000 1.000000 0.000000
vn 0.000000 1.000000 0.000000
vn 0.000000 1.000000 0.000000
vn 0.000000 1.000000 0.000000
vn 0.000000 1.000000 0.000000
vn 0.000000 0.000000 -1.000000
vn 0.000000 0.000000 -1.000000
vn 0.000000 0.000000 -1.000000
vn 0.000000 0.000000 -1.000000
vn 0.000000 1.000000 0.000000
vn 0.000000 1.000000 -0.000000
vn 0.000000 1.000000 -0.000000
vn 0.000000 1.000000 0.000000
vn 0.000000 0.000000 -1.000000
vn 0.000000 0.000000 -1.000000
vn 0.000000 0.000000 -1.000000
vn 0.000000 0.000000 -1.000000
vn 0.000000 -1.000000 0.000000
vn 0.000000 -1.000000 0.000000
vn 0.000000 -1.000000 0.000000
vn 0.000000 -1.000000 0.000000
vn 0.000000 -1.000000 0.000000
vn -1.000000 0.000000 0.000000
vn -1.000000 0.000000 0.000000
vn -1.000000 0.000000 0.000000
vn -1.000000 0.000001 0.000000
vn 0.000000 -1.000000 0.000000
vn 0.000000 -1.000000 0.000000
vn 0.000000 -1.000000 0.000000
vn 0.000000 -1.000000 0.000000
vn 0.000000 -1.000000 0.000000
vn 0.000000 -1.000000 0.000000
vn 1.000000 0.000000 0.000000
vn 1.000000 0.000001 0.000000
vn 1.000000 0.000000 0.000000
vn 1.000000 0.000000 0.000000
vn 0.000000 1.000000 0.000000
vn 0.000000 1.000000 0.000000
vn 0.000000 1.000000 0.000000
vn 0.000000 1.000000 0.000000
vn 1.000000 0.000000 0.000000
vn 1.000000 0.000000 0.000000
vn 1.000000 0.000000 0.000000
vn 1.000000 0.000000 0.000000
vn 0.000000 1.000000 0.000000
vn 0.000000 1.000000 0.000000
vn 0.000000 1.000000 0.000000
vn 0.000000 1.000000 0.000000
vn 0.000000 1.000000 0.000000
vn 0.000000 1.000000 0.000000
vn -1.000000 0.000000 0.000000
vn -1.000000 0.000000 0.000000
vn -1.000000 0.000000 0.000000
vn -1.000000 0.000000 0.000000
vn 0.000000 1.000000 0.000000
vn 0.000000 1.000000 0.000000
vn 0.000000 1.000000 0.000000
vn 0.000000 1.000000 0.000000
s 1
g pCube1
usemtl initialShadingGroup
f 383/440/383 391/454/384 462/539/385 451/526/386
s 2
f 423/500/387 424/501/388 425/468/389 426/502/390
s 3
f 454/530/391 455/531/392 394/458/393 389/446/394
s 4
f 396/462/395 397/463/396 391/455/397 383/448/398
s 5
f 384/441/399 398/465/400 459/536/401 460/537/402
s 6
f 451/526/403 452/527/404 396/461/405 383/440/406
s 1
f 479/557/407 480/559/408 462/539/385 391/454/384
s 2
f 484/563/409 485/564/410 425/468/389 424/501/388
s 3
f 394/458/393 455/531/392 491/570/411 492/571/412
s 4
f 391/455/397 397/463/396 494/573/413 479/558/414
s 6
f 389/452/415 405/476/416 453/528/417 454/529/418
s 4
f 389/446/419 394/458/420 410/487/421 405/477/422
f 492/571/423 493/572/424 410/487/421 394/458/420
s 5
f 457/534/425 458/535/426 408/485/427 390/450/428
s 2
f 430/505/429 429/480/430 486/565/431 487/566/432
f 433/507/433 429/480/430 430/505/429 434/506/434
s 1
f 460/537/435 461/538/436 400/469/437 384/441/438
s 2
f 435/509/439 428/472/440 427/503/441 436/508/442
f 432/504/443 431/481/444 437/510/445 438/511/446
s 3
f 403/474/447 456/532/448 457/533/449 390/447/450
s 4
f 408/484/451 409/486/452 403/474/453 390/447/454
f 400/470/455 404/475/456 398/464/457 384/449/458
s 6
f 452/527/404 517/601/459 518/602/460 396/461/405
s 2
f 426/502/390 425/468/389 532/619/461 533/620/462
f 485/564/410 531/618/463 532/619/461 425/468/389
f 528/615/464 529/616/465 428/472/440 435/509/439
s 5
f 523/609/466 524/610/467 459/536/401 398/465/400
s 4
f 398/464/457 404/475/456 522/607/468 523/608/469
f 519/604/470 520/605/471 494/573/413 397/463/396
f 518/603/472 519/604/470 397/463/396 396/462/395
s off
f 385/442/473 392/456/474 412/489/475 411/488/476
f 395/460/477 385/442/478 411/488/479 413/490/480
s 17
f 392/456/481 482/561/482 483/562/483 412/489/484
s 18
f 488/567/485 489/568/486 393/457/487 415/493/488
s off
f 393/457/489 387/444/490 418/494/491 415/493/492
f 387/444/493 406/479/494 417/495/495 418/494/496
f 401/471/497 386/443/498 420/496/499 414/491/500
f 386/443/501 399/466/502 419/497/503 420/496/504
f 407/482/505 388/445/506 422/499/507 421/498/508
f 388/445/509 402/473/510 416/492/511 422/499/512
s 19
f 534/621/513 515/599/514 395/460/515 413/490/516
s 20
f 399/466/517 526/612/518 527/614/519 419/497/520
s 21
f 411/488/521 412/489/522 424/501/523 423/500/524
f 413/490/525 411/488/521 423/500/524 426/502/526
s 22
f 412/489/527 483/562/528 484/563/529 424/501/530
s 23
f 487/566/531 488/567/532 415/493/533 430/505/534
s 24
f 415/493/535 418/494/536 434/506/537 430/505/538
f 418/494/536 417/495/539 433/507/540 434/506/537
s 25
f 414/491/541 420/496/542 436/508/543 427/503/544
f 420/496/542 419/497/545 435/509/546 436/508/543
s 26
f 421/498/547 422/499/548 438/511/549 437/510/550
f 422/499/548 416/492/551 432/504/552 438/511/549
s 27
f 533/620/553 534/621/554 413/490/555 426/502/556
s 28
f 419/497/557 527/614/558 528/615/559 435/509/560
s 6
f 395/459/561 440/513/562 439/512/563 385/442/564
f 515/598/565 516/600/566 440/513/562 395/459/561
f 442/515/567 441/514/568 406/478/569 387/453/570
s 3
f 387/444/571 393/457/572 443/517/573 442/516/574
f 489/568/575 490/569/576 443/517/573 393/457/572
f 445/519/577 444/518/578 402/473/579 388/445/580
s 5
f 407/483/581 446/521/582 445/520/583 388/451/584
f 399/467/585 447/522/586 525/611/587 526/613/588
f 448/523/589 447/522/586 399/467/585 386/443/590
s 1
f 401/471/591 449/524/592 448/523/593 386/443/594
f 392/456/595 450/525/596 481/560/597 482/561/598
f 439/512/599 450/525/596 392/456/595 385/442/600
s 6
f 439/512/563 440/513/562 452/527/404 451/526/403
f 440/513/562 516/600/566 517/601/459 452/527/404
f 454/529/418 453/528/417 441/514/568 442/515/567
s 3
f 442/516/574 443/517/573 455/531/392 454/530/391
f 490/569/576 491/570/411 455/531/392 443/517/573
f 457/533/449 456/532/448 444/518/578 445/519/577
s 5
f 445/520/583 446/521/582 458/535/426 457/534/425
f 524/610/467 525/611/587 447/522/586 459/536/401
f 460/537/402 459/536/401 447/522/586 448/523/589
s 1
f 448/523/593 449/524/592 461/538/436 460/537/435
f 480/559/408 481/560/597 450/525/596 462/539/385
f 451/526/386 462/539/385 450/525/596 439/512/599
f 461/538/436 464/542/601 463/540/602 400/469/437
f 449/524/592 465/543/603 464/542/601 461/538/436
f 466/544/604 465/543/603 449/524/592 401/471/591
s 17
f 467/545/605 466/544/606 401/471/607 414/491/608
s 22
f 468/546/609 467/545/610 414/491/611 427/503/612
s 2
f 427/503/441 428/472/440 469/547/613 468/546/614
f 529/616/465 530/617/615 469/547/613 428/472/440
f 471/549/616 470/548/617 431/481/444 432/504/443
s 23
f 416/492/618 472/550/619 471/549/620 432/504/621
s 18
f 402/473/622 473/551/623 472/550/624 416/492/625
s 3
f 444/518/578 474/552/626 473/551/627 402/473/579
f 456/532/448 475/553/628 474/552/626 444/518/578
f 476/554/629 475/553/628 456/532/448 403/474/447
s 4
f 403/474/453 409/486/452 477/555/630 476/554/631
f 478/556/632 521/606/633 522/607/468 404/475/456
f 463/541/634 478/556/632 404/475/456 400/470/455
s 1
f 463/540/602 464/542/601 480/559/408 479/557/407
f 464/542/601 465/543/603 481/560/597 480/559/408
f 482/561/598 481/560/597 465/543/603 466/544/604
s 17
f 483/562/483 482/561/482 466/544/606 467/545/605
s 22
f 484/563/529 483/562/528 467/545/610 468/546/609
s 2
f 468/546/614 469/547/613 485/564/410 484/563/409
f 469/547/613 530/617/615 531/618/463 485/564/410
f 487/566/432 486/565/431 470/548/617 471/549/616
s 23
f 471/549/620 472/550/619 488/567/532 487/566/531
s 18
f 472/550/624 473/551/623 489/568/486 488/567/485
s 3
f 473/551/627 474/552/626 490/569/576 489/568/575
f 474/552/626 475/553/628 491/570/411 490/569/576
f 492/571/412 491/570/411 475/553/628 476/554/629
s 4
f 476/554/631 477/555/630 493/572/424 492/571/423
f 494/573/413 520/605/471 521/606/633 478/556/632
f 479/558/414 494/573/413 478/556/632 463/541/634
s 6
f 406/478/569 441/514/568 496/576/635 495/574/636
f 497/577/637 496/576/635 441/514/568 453/528/417
f 498/578/638 497/577/637 453/528/417 405/476/416
s 4
f 405/477/422 410/487/421 499/580/639 498/579/640
f 410/487/421 493/572/424 500/581/641 499/580/639
f 501/582/642 500/581/641 493/572/424 477/555/630
f 502/583/643 501/582/642 477/555/630 409/486/452
f 503/584/644 502/583/643 409/486/452 408/484/451
s 5
f 458/535/426 504/586/645 503/585/646 408/485/427
f 446/521/582 505/587/647 504/586/645 458/535/426
f 506/589/648 505/587/647 446/521/582 407/483/581
s 20
f 507/590/649 506/588/650 407/482/651 421/498/652
s 28
f 508/591/653 507/590/654 421/498/655 437/510/656
s 2
f 437/510/445 431/481/444 509/592/657 508/591/658
f 431/481/444 470/548/617 510/593/659 509/592/657
f 511/594/660 510/593/659 470/548/617 486/565/431
f 512/595/661 511/594/660 486/565/431 429/480/430
f 513/596/662 512/595/661 429/480/430 433/507/433
s 27
f 417/495/663 514/597/664 513/596/665 433/507/666
s 19
f 406/479/667 495/575/668 514/597/669 417/495/670
s 6
f 495/574/636 496/576/635 516/600/566 515/598/565
f 517/601/459 516/600/566 496/576/635 497/577/637
f 518/602/460 517/601/459 497/577/637 498/578/638
s 4
f 498/579/640 499/580/639 519/604/470 518/603/472
f 499/580/639 500/581/641 520/605/471 519/604/470
f 521/606/633 520/605/471 500/581/641 501/582/642
f 522/607/468 521/606/633 501/582/642 502/583/643
f 523/608/469 522/607/468 502/583/643 503/584/644
s 5
f 503/585/646 504/586/645 524/610/467 523/609/466
f 504/586/645 505/587/647 525/611/587 524/610/467
f 526/613/588 525/611/587 505/587/647 506/589/648
s 20
f 527/614/519 526/612/518 506/588/650 507/590/649
s 28
f 528/615/559 527/614/558 507/590/654 508/591/653
s 2
f 508/591/658 509/592/657 529/616/465 528/615/464
f 509/592/657 510/593/659 530/617/615 529/616/465
f 531/618/463 530/617/615 510/593/659 511/594/660
f 532/619/461 531/618/463 511/594/660 512/595/661
f 533/620/462 532/619/461 512/595/661 513/596/662
s 27
f 513/596/665 514/597/664 534/621/554 533/620/553
s 19
f 514/597/669 495/575/668 515/599/514 534/621/513
g default
v -0.318476 0.891623 -0.834112
v -0.327602 0.891623 -0.852022
v -0.341815 0.891623 -0.866235
v -0.359725 0.891623 -0.875360
v -0.379578 0.891623 -0.878505
v -0.399431 0.891623 -0.875360
v -0.417341 0.891623 -0.866235
v -0.431554 0.891623 -0.852022
v -0.440679 0.891623 -0.834112
v -0.443824 0.891623 -0.814259
v -0.440679 0.891623 -0.794406
v -0.431554 0.891623 -0.776496
v -0.417341 0.891623 -0.762283
v -0.399431 0.891623 -0.753157
v -0.379578 0.891623 -0.750013
v -0.359725 0.891623 -0.753157
v -0.341815 0.891623 -0.762283
v -0.327602 0.891623 -0.776496
v -0.318476 0.891623 -0.794406
v -0.315332 0.891623 -0.814259
v -0.258879 0.906667 -0.853476
v -0.276906 0.906667 -0.888855
v -0.304982 0.906667 -0.916931
v -0.340361 0.906667 -0.934957
v -0.379578 0.906667 -0.941169
v -0.418795 0.906667 -0.934957
v -0.454173 0.906667 -0.916931
v -0.482250 0.906667 -0.888855
v -0.500276 0.906667 -0.853476
v -0.506487 0.906667 -0.814259
v -0.500276 0.906667 -0.775042
v -0.482250 0.906667 -0.739663
v -0.454173 0.906667 -0.711587
v -0.418795 0.906667 -0.693561
v -0.379578 0.906667 -0.687349
v -0.340361 0.906667 -0.693561
v -0.304982 0.906667 -0.711587
v -0.276906 0.906667 -0.739663
v -0.258880 0.906667 -0.775042
v -0.252668 0.906667 -0.814259
v -0.202255 0.931329 -0.871875
v -0.228738 0.931329 -0.923851
v -0.269986 0.931329 -0.965099
v -0.321962 0.931329 -0.991582
v -0.379578 0.931329 -1.000708
v -0.437194 0.931329 -0.991582
v -0.489170 0.931329 -0.965099
v -0.530418 0.931329 -0.923851
v -0.556901 0.931329 -0.871875
v -0.566026 0.931329 -0.814259
v -0.556901 0.931329 -0.756643
v -0.530418 0.931329 -0.704667
v -0.489170 0.931329 -0.663419
v -0.437194 0.931329 -0.636936
v -0.379578 0.931329 -0.627810
v -0.321962 0.931329 -0.636936
v -0.269986 0.931329 -0.663419
v -0.228738 0.931329 -0.704667
v -0.202255 0.931329 -0.756643
v -0.193129 0.931329 -0.814259
v -0.149996 0.965001 -0.888855
v -0.184284 0.965001 -0.956148
v -0.237688 0.965001 -1.009553
v -0.304982 0.965001 -1.043841
v -0.379578 0.965001 -1.055656
v -0.454173 0.965001 -1.043841
v -0.521467 0.965001 -1.009553
v -0.574872 0.965001 -0.956148
v -0.609160 0.965001 -0.888855
v -0.620974 0.965001 -0.814259
v -0.609160 0.965001 -0.739663
v -0.574872 0.965001 -0.672370
v -0.521467 0.965001 -0.618965
v -0.454173 0.965001 -0.584677
v -0.379578 0.965001 -0.572862
v -0.304982 0.965001 -0.584677
v -0.237688 0.965001 -0.618965
v -0.184284 0.965001 -0.672370
v -0.149996 0.965001 -0.739663
v -0.138181 0.965001 -0.814259
v -0.103390 1.006855 -0.903998
v -0.144639 1.006855 -0.984952
v -0.208885 1.006855 -1.049198
v -0.289839 1.006855 -1.090446
v -0.379578 1.006855 -1.104659
v -0.469317 1.006855 -1.090446
v -0.550271 1.006855 -1.049198
v -0.614517 1.006855 -0.984952
v -0.655765 1.006855 -0.903998
v -0.669978 1.006855 -0.814259
v -0.655765 1.006855 -0.724520
v -0.614517 1.006855 -0.643566
v -0.550271 1.006855 -0.579320
v -0.469316 1.006855 -0.538072
v -0.379578 1.006855 -0.523858
v -0.289839 1.006855 -0.538072
v -0.208885 1.006855 -0.579320
v -0.144639 1.006855 -0.643566
v -0.103391 1.006855 -0.724520
v -0.089177 1.006855 -0.814259
v -0.063585 1.055859 -0.916931
v -0.110779 1.055859 -1.009553
v -0.184284 1.055859 -1.083058
v -0.276906 1.055859 -1.130251
v -0.379578 1.055859 -1.146513
v -0.482250 1.055859 -1.130251
v -0.574872 1.055859 -1.083058
v -0.648377 1.055859 -1.009553
v -0.695570 1.055859 -0.916931
v -0.711832 1.055859 -0.814259
v -0.695570 1.055859 -0.711587
v -0.648377 1.055859 -0.618965
v -0.574872 1.055859 -0.545460
v -0.482250 1.055859 -0.498267
v -0.379578 1.055859 -0.482005
v -0.276906 1.055859 -0.498267
v -0.184284 1.055859 -0.545460
v -0.110779 1.055859 -0.618965
v -0.063586 1.055859 -0.711587
v -0.047324 1.055859 -0.814259
v -0.031561 1.110807 -0.927336
v -0.083537 1.110807 -1.029345
v -0.164492 1.110807 -1.110299
v -0.266500 1.110807 -1.162275
v -0.379578 1.110807 -1.180185
v -0.492655 1.110807 -1.162275
v -0.594664 1.110807 -1.110299
v -0.675618 1.110807 -1.029345
v -0.727594 1.110807 -0.927336
v -0.745504 1.110807 -0.814259
v -0.727594 1.110807 -0.701182
v -0.675618 1.110807 -0.599173
v -0.594664 1.110807 -0.518219
v -0.492655 1.110807 -0.466243
v -0.379578 1.110807 -0.448333
v -0.266500 1.110807 -0.466243
v -0.164492 1.110807 -0.518219
v -0.083537 1.110807 -0.599173
v -0.031562 1.110807 -0.701182
v -0.013652 1.110807 -0.814259
v -0.008106 1.170346 -0.934957
v -0.063585 1.170346 -1.043841
v -0.149996 1.170346 -1.130251
v -0.258879 1.170346 -1.185730
v -0.379578 1.170346 -1.204847
v -0.500276 1.170346 -1.185730
v -0.609160 1.170346 -1.130251
v -0.695570 1.170346 -1.043841
v -0.751049 1.170346 -0.934957
v -0.770166 1.170346 -0.814259
v -0.751049 1.170346 -0.693561
v -0.695570 1.170346 -0.584677
v -0.609160 1.170346 -0.498267
v -0.500276 1.170346 -0.442788
v -0.379578 1.170346 -0.423671
v -0.258880 1.170346 -0.442788
v -0.149996 1.170346 -0.498267
v -0.063586 1.170346 -0.584677
v -0.008107 1.170346 -0.693561
v 0.011010 1.170346 -0.814259
v 0.006201 1.233009 -0.939606
v -0.051414 1.233009 -1.052684
v -0.141153 1.233009 -1.142422
v -0.254231 1.233009 -1.200038
v -0.379578 1.233009 -1.219891
v -0.504925 1.233009 -1.200038
v -0.618002 1.233009 -1.142422
v -0.707741 1.233009 -1.052683
v -0.765357 1.233009 -0.939606
v -0.785210 1.233009 -0.814259
v -0.765357 1.233009 -0.688912
v -0.707741 1.233009 -0.575834
v -0.618002 1.233009 -0.486096
v -0.504925 1.233009 -0.428480
v -0.379578 1.233009 -0.408627
v -0.254231 1.233009 -0.428480
v -0.141153 1.233009 -0.486096
v -0.051415 1.233009 -0.575834
v 0.006201 1.233009 -0.688912
v 0.026054 1.233009 -0.814259
v 0.011010 1.297255 -0.941169
v -0.047324 1.297255 -1.055656
v -0.138181 1.297255 -1.146513
v -0.252668 1.297255 -1.204847
v -0.379578 1.297255 -1.224947
v -0.506487 1.297255 -1.204847
v -0.620974 1.297255 -1.146513
v -0.711832 1.297255 -1.055655
v -0.770166 1.297255 -0.941169
v -0.790266 1.297255 -0.814259
v -0.770166 1.297255 -0.687349
v -0.711832 1.297255 -0.572862
v -0.620974 1.297255 -0.482005
v -0.506487 1.297255 -0.423671
v -0.379578 1.297255 -0.403571
v -0.252668 1.297255 -0.423671
v -0.138181 1.297255 -0.482005
v -0.047324 1.297255 -0.572862
v 0.011010 1.297255 -0.687349
v 0.031110 1.297255 -0.814259
v 0.006201 1.361501 -0.939606
v -0.051414 1.361501 -1.052684
v -0.141153 1.361501 -1.142422
v -0.254231 1.361501 -1.200038
v -0.379578 1.361501 -1.219891
v -0.504925 1.361501 -1.200038
v -0.618002 1.361501 -1.142422
v -0.707741 1.361501 -1.052683
v -0.765357 1.361501 -0.939606
v -0.785210 1.361501 -0.814259
v -0.765357 1.361501 -0.688912
v -0.707741 1.361501 -0.575834
v -0.618002 1.361501 -0.486096
v -0.504925 1.361501 -0.428480
v -0.379578 1.361501 -0.408627
v -0.254231 1.361501 -0.428480
v -0.141153 1.361501 -0.486096
v -0.051415 1.361501 -0.575834
v 0.006201 1.361501 -0.688912
v 0.026054 1.361501 -0.814259
v -0.008106 1.424165 -0.934957
v -0.063585 1.424165 -1.043841
v -0.149996 1.424165 -1.130251
v -0.258879 1.424165 -1.185730
v -0.379578 1.424165 -1.204847
v -0.500276 1.424165 -1.185730
v -0.609160 1.424165 -1.130251
v -0.695570 1.424165 -1.043841
v -0.751049 1.424165 -0.934957
v -0.770166 1.424165 -0.814259
v -0.751049 1.424165 -0.693561
v -0.695570 1.424165 -0.584677
v -0.609160 1.424165 -0.498267
v -0.500276 1.424165 -0.442788
v -0.379578 1.424165 -0.423671
v -0.258880 1.424165 -0.442788
v -0.149996 1.424165 -0.498267
v -0.063586 1.424165 -0.584677
v -0.008107 1.424165 -0.693561
v 0.011010 1.424165 -0.814259
v -0.031561 1.483704 -0.927336
v -0.083537 1.483704 -1.029345
v -0.164492 1.483704 -1.110299
v -0.266500 1.483704 -1.162275
v -0.379578 1.483704 -1.180185
v -0.492655 1.483704 -1.162275
v -0.594664 1.483704 -1.110299
v -0.675618 1.483704 -1.029345
v -0.727594 1.483704 -0.927336
v -0.745504 1.483704 -0.814259
v -0.727594 1.483704 -0.701182
v -0.675618 1.483704 -0.599173
v -0.594664 1.483704 -0.518219
v -0.492655 1.483704 -0.466243
v -0.379578 1.483704 -0.448333
v -0.266500 1.483704 -0.466243
v -0.164492 1.483704 -0.518219
v -0.083537 1.483704 -0.599173
v -0.031562 1.483704 -0.701182
v -0.013652 1.483704 -0.814259
v -0.063585 1.538652 -0.916931
v -0.110779 1.538652 -1.009553
v -0.184284 1.538652 -1.083058
v -0.276906 1.538652 -1.130251
v -0.379578 1.538652 -1.146513
v -0.482250 1.538652 -1.130251
v -0.574872 1.538652 -1.083058
v -0.648377 1.538652 -1.009553
v -0.695570 1.538652 -0.916931
v -0.711832 1.538652 -0.814259
v -0.695570 1.538652 -0.711587
v -0.648377 1.538652 -0.618965
v -0.574872 1.538652 -0.545460
v -0.482250 1.538652 -0.498267
v -0.379578 1.538652 -0.482005
v -0.276906 1.538652 -0.498267
v -0.184284 1.538652 -0.545460
v -0.110779 1.538652 -0.618965
v -0.063586 1.538652 -0.711587
v -0.047324 1.538652 -0.814259
v -0.103390 1.587656 -0.903998
v -0.144639 1.587656 -0.984952
v -0.208885 1.587656 -1.049198
v -0.289839 1.587656 -1.090446
v -0.379578 1.587656 -1.104659
v -0.469317 1.587656 -1.090446
v -0.550271 1.587656 -1.049198
v -0.614517 1.587656 -0.984952
v -0.655765 1.587656 -0.903998
v -0.669978 1.587656 -0.814259
v -0.655765 1.587656 -0.724520
v -0.614517 1.587656 -0.643566
v -0.550271 1.587656 -0.579320
v -0.469316 1.587656 -0.538072
v -0.379578 1.587656 -0.523858
v -0.289839 1.587656 -0.538072
v -0.208885 1.587656 -0.579320
v -0.144639 1.587656 -0.643566
v -0.103391 1.587656 -0.724520
v -0.089177 1.587656 -0.814259
v -0.149996 1.629509 -0.888855
v -0.184284 1.629509 -0.956148
v -0.237688 1.629509 -1.009553
v -0.304982 1.629509 -1.043841
v -0.379578 1.629509 -1.055656
v -0.454173 1.629509 -1.043841
v -0.521467 1.629509 -1.009553
v -0.574872 1.629509 -0.956148
v -0.609160 1.629509 -0.888855
v -0.620974 1.629509 -0.814259
v -0.609160 1.629509 -0.739663
v -0.574872 1.629509 -0.672370
v -0.521467 1.629509 -0.618965
v -0.454173 1.629509 -0.584677
v -0.379578 1.629509 -0.572862
v -0.304982 1.629509 -0.584677
v -0.237688 1.629509 -0.618965
v -0.184284 1.629509 -0.672370
v -0.149996 1.629509 -0.739663
v -0.138181 1.629509 -0.814259
v -0.202255 1.663181 -0.871875
v -0.228738 1.663181 -0.923851
v -0.269986 1.663181 -0.965099
v -0.321962 1.663181 -0.991582
v -0.379578 1.663181 -1.000708
v -0.437194 1.663181 -0.991582
v -0.489170 1.663181 -0.965099
v -0.530418 1.663181 -0.923851
v -0.556901 1.663181 -0.871875
v -0.566026 1.663181 -0.814259
v -0.556901 1.663181 -0.756643
v -0.530418 1.663181 -0.704667
v -0.489170 1.663181 -0.663419
v -0.437194 1.663181 -0.636936
v -0.379578 1.663181 -0.627810
v -0.321962 1.663181 -0.636936
v -0.269986 1.663181 -0.663419
v -0.228738 1.663181 -0.704667
v -0.202255 1.663181 -0.756643
v -0.193129 1.663181 -0.814259
v -0.258879 1.687843 -0.853476
v -0.276906 1.687843 -0.888855
v -0.304982 1.687843 -0.916931
v -0.340361 1.687843 -0.934957
v -0.379578 1.687843 -0.941169
v -0.418795 1.687843 -0.934957
v -0.454173 1.687843 -0.916931
v -0.482250 1.687843 -0.888855
v -0.500276 1.687843 -0.853476
v -0.506487 1.687843 -0.814259
v -0.500276 1.687843 -0.775042
v -0.482250 1.687843 -0.739663
v -0.454173 1.687843 -0.711587
v -0.418795 1.687843 -0.693561
v -0.379578 1.687843 -0.687349
v -0.340361 1.687843 -0.693561
v -0.304982 1.687843 -0.711587
v -0.276906 1.687843 -0.739663
v -0.258880 1.687843 -0.775042
v -0.252668 1.687843 -0.814259
v -0.318476 1.702887 -0.834112
v -0.327602 1.702887 -0.852022
v -0.341815 1.702887 -0.866235
v -0.359725 1.702887 -0.875360
v -0.379578 1.702887 -0.878505
v -0.399431 1.702887 -0.875360
v -0.417341 1.702887 -0.866235
v -0.431554 1.702887 -0.852022
v -0.440679 1.702887 -0.834112
v -0.443824 1.702887 -0.814259
v -0.440679 1.702887 -0.794406
v -0.431554 1.702887 -0.776496
v -0.417341 1.702887 -0.762283
v -0.399431 1.702887 -0.753157
v -0.379578 1.702887 -0.750013
v -0.359725 1.702887 -0.753157
v -0.341815 1.702887 -0.762283
v -0.327602 1.702887 -0.776496
v -0.318476 1.702887 -0.794406
v -0.315332 1.702887 -0.814259
v -0.379578 0.886567 -0.814259
v -0.379578 1.707943 -0.814259
vt 0.758450 0.410298
vt 0.768753 0.410298
vt 0.779056 0.410298
vt 0.789359 0.410298
vt 0.799662 0.410298
vt 0.809966 0.410298
vt 0.820269 0.410298
vt 0.830572 0.410298
vt 0.840875 0.410298
vt 0.851178 0.410298
vt 0.861482 0.410298
vt 0.871785 0.410298
vt 0.882088 0.410298
vt 0.892391 0.410298
vt 0.902694 0.410298
vt 0.912998 0.410298
vt 0.923301 0.410298
vt 0.933604 0.410298
vt 0.943907 0.410298
vt 0.954210 0.410298
vt 0.964514 0.410298
vt 0.758450 0.420601
vt 0.768753 0.420601
vt 0.779056 0.420601
vt 0.789359 0.420601
vt 0.799662 0.420601
vt 0.809966 0.420601
vt 0.820269 0.420601
vt 0.830572 0.420601
vt 0.840875 0.420601
vt 0.851178 0.420601
vt 0.861482 0.420601
vt 0.871785 0.420601
vt 0.882088 0.420601
vt 0.892391 0.420601
vt 0.902694 0.420601
vt 0.912998 0.420601
vt 0.923301 0.420601
vt 0.933604 0.420601
vt 0.943907 0.420601
vt 0.954210 0.420601
vt 0.964514 0.420601
vt 0.758450 0.430904
vt 0.768753 0.430904
vt 0.779056 0.430904
vt 0.789359 0.430904
vt 0.799662 0.430904
vt 0.809966 0.430904
vt 0.820269 0.430904
vt 0.830572 0.430904
vt 0.840875 0.430904
vt 0.851178 0.430904
vt 0.861482 0.430904
vt 0.871785 0.430904
vt 0.882088 0.430904
vt 0.892391 0.430904
vt 0.902694 0.430904
vt 0.912998 0.430904
vt 0.923301 0.430904
vt 0.933604 0.430904
vt 0.943907 0.430904
vt 0.954210 0.430904
vt 0.964514 0.430904
vt 0.758450 0.441207
vt 0.768753 0.441207
vt 0.779056 0.441207
vt 0.789359 0.441207
vt 0.799662 0.441207
vt 0.809966 0.441207
vt 0.820269 0.441207
vt 0.830572 0.441207
vt 0.840875 0.441207
vt 0.851178 0.441207
vt 0.861482 0.441207
vt 0.871785 0.441207
vt 0.882088 0.441207
vt 0.892391 0.441207
vt 0.902694 0.441207
vt 0.912998 0.441207
vt 0.923301 0.441207
vt 0.933604 0.441207
vt 0.943907 0.441207
vt 0.954210 0.441207
vt 0.964514 0.441207
vt 0.758450 0.451511
vt 0.768753 0.451511
vt 0.779056 0.451511
vt 0.789359 0.451511
vt 0.799662 0.451511
vt 0.809966 0.451511
vt 0.820269 0.451511
vt 0.830572 0.451511
vt 0.840875 0.451511
vt 0.851178 0.451511
vt 0.861482 0.451511
vt 0.871785 0.451511
vt 0.882088 0.451511
vt 0.892391 0.451511
vt 0.902694 0.451511
vt 0.912998 0.451511
vt 0.923301 0.451511
vt 0.933604 0.451511
vt 0.943907 0.451511
vt 0.954210 0.451511
vt 0.964514 0.451511
vt 0.758450 0.461814
vt 0.768753 0.461814
vt 0.779056 0.461814
vt 0.789359 0.461814
vt 0.799662 0.461814
vt 0.809966 0.461814
vt 0.820269 0.461814
vt 0.830572 0.461814
vt 0.840875 0.461814
vt 0.851178 0.461814
vt 0.861482 0.461814
vt 0.871785 0.461814
vt 0.882088 0.461814
vt 0.892391 0.461814
vt 0.902694 0.461814
vt 0.912998 0.461814
vt 0.923301 0.461814
vt 0.933604 0.461814
vt 0.943907 0.461814
vt 0.954210 0.461814
vt 0.964514 0.461814
vt 0.758450 0.472117
vt 0.768753 0.472117
vt 0.779056 0.472117
vt 0.789359 0.472117
vt 0.799662 0.472117
vt 0.809966 0.472117
vt 0.820269 0.472117
vt 0.830572 0.472117
vt 0.840875 0.472117
vt 0.851178 0.472117
vt 0.861482 0.472117
vt 0.871785 0.472117
vt 0.882088 0.472117
vt 0.892391 0.472117
vt 0.902694 0.472117
vt 0.912998 0.472117
vt 0.923301 0.472117
vt 0.933604 0.472117
vt 0.943907 0.472117
vt 0.954210 0.472117
vt 0.964514 0.472117
vt 0.758450 0.482420
vt 0.768753 0.482420
vt 0.779056 0.482420
vt 0.789359 0.482420
vt 0.799662 0.482420
vt 0.809966 0.482420
vt 0.820269 0.482420
vt 0.830572 0.482420
vt 0.840875 0.482420
vt 0.851178 0.482420
vt 0.861482 0.482420
vt 0.871785 0.482420
vt 0.882088 0.482420
vt 0.892391 0.482420
vt 0.902694 0.482420
vt 0.912998 0.482420
vt 0.923301 0.482420
vt 0.933604 0.482420
vt 0.943907 0.482420
vt 0.954210 0.482420
vt 0.964514 0.482420
vt 0.758450 0.492723
vt 0.768753 0.492723
vt 0.779056 0.492723
vt 0.789359 0.492723
vt 0.799662 0.492723
vt 0.809966 0.492723
vt 0.820269 0.492723
vt 0.830572 0.492723
vt 0.840875 0.492723
vt 0.851178 0.492723
vt 0.861482 0.492723
vt 0.871785 0.492723
vt 0.882088 0.492723
vt 0.892391 0.492723
vt 0.902694 0.492723
vt 0.912998 0.492723
vt 0.923301 0.492723
vt 0.933604 0.492723
vt 0.943907 0.492723
vt 0.954210 0.492723
vt 0.964514 0.492723
vt 0.758450 0.503027
vt 0.768753 0.503027
vt 0.779056 0.503027
vt 0.789359 0.503027
vt 0.799662 0.503027
vt 0.809966 0.503027
vt 0.820269 0.503027
vt 0.830572 0.503027
vt 0.840875 0.503027
vt 0.851178 0.503027
vt 0.861482 0.503027
vt 0.871785 0.503027
vt 0.882088 0.503027
vt 0.892391 0.503027
vt 0.902694 0.503027
vt 0.912998 0.503027
vt 0.923301 0.503027
vt 0.933604 0.503027
vt 0.943907 0.503027
vt 0.954210 0.503027
vt 0.964514 0.503027
vt 0.758450 0.513330
vt 0.768753 0.513330
vt 0.779056 0.513330
vt 0.789359 0.513330
vt 0.799662 0.513330
vt 0.809966 0.513330
vt 0.820269 0.513330
vt 0.830572 0.513330
vt 0.840875 0.513330
vt 0.851178 0.513330
vt 0.861482 0.513330
vt 0.871785 0.513330
vt 0.882088 0.513330
vt 0.892391 0.513330
vt 0.902694 0.513330
vt 0.912998 0.513330
vt 0.923301 0.513330
vt 0.933604 0.513330
vt 0.943907 0.513330
vt 0.954210 0.513330
vt 0.964514 0.513330
vt 0.758450 0.523633
vt 0.768753 0.523633
vt 0.779056 0.523633
vt 0.789359 0.523633
vt 0.799662 0.523633
vt 0.809966 0.523633
vt 0.820269 0.523633
vt 0.830572 0.523633
vt 0.840875 0.523633
vt 0.851178 0.523633
vt 0.861482 0.523633
vt 0.871785 0.523633
vt 0.882088 0.523633
vt 0.892391 0.523633
vt 0.902694 0.523633
vt 0.912998 0.523633
vt 0.923301 0.523633
vt 0.933604 0.523633
vt 0.943907 0.523633
vt 0.954210 0.523633
vt 0.964514 0.523633
vt 0.758450 0.533936
vt 0.768753 0.533936
vt 0.779056 0.533936
vt 0.789359 0.533936
vt 0.799662 0.533936
vt 0.809966 0.533936
vt 0.820269 0.533936
vt 0.830572 0.533936
vt 0.840875 0.533936
vt 0.851178 0.533936
vt 0.861482 0.533936
vt 0.871785 0.533936
vt 0.882088 0.533936
vt 0.892391 0.533936
vt 0.902694 0.533936
vt 0.912998 0.533936
vt 0.923301 0.533936
vt 0.933604 0.533936
vt 0.943907 0.533936
vt 0.954210 0.533936
vt 0.964514 0.533936
vt 0.758450 0.544239
vt 0.768753 0.544239
vt 0.779056 0.544239
vt 0.789359 0.544239
vt 0.799662 0.544239
vt 0.809966 0.544239
vt 0.820269 0.544239
vt 0.830572 0.544239
vt 0.840875 0.544239
vt 0.851178 0.544239
vt 0.861482 0.544239
vt 0.871785 0.544239
vt 0.882088 0.544239
vt 0.892391 0.544239
vt 0.902694 0.544239
vt 0.912998 0.544239
vt 0.923301 0.544239
vt 0.933604 0.544239
vt 0.943907 0.544239
vt 0.954210 0.544239
vt 0.964514 0.544239
vt 0.758450 0.554543
vt 0.768753 0.554543
vt 0.779056 0.554543
vt 0.789359 0.554543
vt 0.799662 0.554543
vt 0.809966 0.554543
vt 0.820269 0.554543
vt 0.830572 0.554543
vt 0.840875 0.554543
vt 0.851178 0.554543
vt 0.861482 0.554543
vt 0.871785 0.554543
vt 0.882088 0.554543
vt 0.892391 0.554543
vt 0.902694 0.554543
vt 0.912998 0.554543
vt 0.923301 0.554543
vt 0.933604 0.554543
vt 0.943907 0.554543
vt 0.954210 0.554543
vt 0.964514 0.554543
vt 0.758450 0.564846
vt 0.768753 0.564846
vt 0.779056 0.564846
vt 0.789359 0.564846
vt 0.799662 0.564846
vt 0.809966 0.564846
vt 0.820269 0.564846
vt 0.830572 0.564846
vt 0.840875 0.564846
vt 0.851178 0.564846
vt 0.861482 0.564846
vt 0.871785 0.564846
vt 0.882088 0.564846
vt 0.892391 0.564846
vt 0.902694 0.564846
vt 0.912998 0.564846
vt 0.923301 0.564846
vt 0.933604 0.564846
vt 0.943907 0.564846
vt 0.954210 0.564846
vt 0.964514 0.564846
vt 0.758450 0.575149
vt 0.768753 0.575149
vt 0.779056 0.575149
vt 0.789359 0.575149
vt 0.799662 0.575149
vt 0.809966 0.575149
vt 0.820269 0.575149
vt 0.830572 0.575149
vt 0.840875 0.575149
vt 0.851178 0.575149
vt 0.861482 0.575149
vt 0.871785 0.575149
vt 0.882088 0.575149
vt 0.892391 0.575149
vt 0.902694 0.575149
vt 0.912998 0.575149
vt 0.923301 0.575149
vt 0.933604 0.575149
vt 0.943907 0.575149
vt 0.954210 0.575149
vt 0.964514 0.575149
vt 0.758450 0.585452
vt 0.768753 0.585452
vt 0.779056 0.585452
vt 0.789359 0.585452
vt 0.799662 0.585452
vt 0.809966 0.585452
vt 0.820269 0.585452
vt 0.830572 0.585452
vt 0.840875 0.585452
vt 0.851178 0.585452
vt 0.861482 0.585452
vt 0.871785 0.585452
vt 0.882088 0.585452
vt 0.892391 0.585452
vt 0.902694 0.585452
vt 0.912998 0.585452
vt 0.923301 0.585452
vt 0.933604 0.585452
vt 0.943907 0.585452
vt 0.954210 0.585452
vt 0.964514 0.585452
vt 0.758450 0.595755
vt 0.768753 0.595755
vt 0.779056 0.595755
vt 0.789359 0.595755
vt 0.799662 0.595755
vt 0.809966 0.595755
vt 0.820269 0.595755
vt 0.830572 0.595755
vt 0.840875 0.595755
vt 0.851178 0.595755
vt 0.861482 0.595755
vt 0.871785 0.595755
vt 0.882088 0.595755
vt 0.892391 0.595755
vt 0.902694 0.595755
vt 0.912998 0.595755
vt 0.923301 0.595755
vt 0.933604 0.595755
vt 0.943907 0.595755
vt 0.954210 0.595755
vt 0.964514 0.595755
vt 0.763601 0.399995
vt 0.773904 0.399995
vt 0.784208 0.399995
vt 0.794511 0.399995
vt 0.804814 0.399995
vt 0.815117 0.399995
vt 0.825420 0.399995
vt 0.835724 0.399995
vt 0.846027 0.399995
vt 0.856330 0.399995
vt 0.866633 0.399995
vt 0.876936 0.399995
vt 0.887240 0.399995
vt 0.897543 0.399995
vt 0.907846 0.399995
vt 0.918149 0.399995
vt 0.928452 0.399995
vt 0.938756 0.399995
vt 0.949059 0.399995
vt 0.959362 0.399995
vt 0.763601 0.606058
vt 0.773904 0.606058
vt 0.784208 0.606058
vt 0.794511 0.606058
vt 0.804814 0.606058
vt 0.815117 0.606058
vt 0.825420 0.606058
vt 0.835724 0.606058
vt 0.846027 0.606058
vt 0.856330 0.606058
vt 0.866633 0.606058
vt 0.876936 0.606058
vt 0.887240 0.606058
vt 0.897543 0.606058
vt 0.907846 0.606058
vt 0.918149 0.606058
vt 0.928452 0.606058
vt 0.938756 0.606058
vt 0.949059 0.606058
vt 0.959362 0.606058
vn 0.190555 -0.979722 -0.061915
vn 0.162096 -0.979722 -0.117769
vn 0.269870 -0.942722 -0.196072
vn 0.317252 -0.942722 -0.103081
vn 0.117769 -0.979722 -0.162095
vn 0.196072 -0.942723 -0.269870
vn 0.061915 -0.979722 -0.190555
vn 0.103081 -0.942723 -0.317251
vn -0.000000 -0.979722 -0.200361
vn -0.000000 -0.942723 -0.333578
vn -0.061915 -0.979722 -0.190555
vn -0.103081 -0.942722 -0.317252
vn -0.117769 -0.979722 -0.162096
vn -0.196072 -0.942722 -0.269871
vn -0.162096 -0.979722 -0.117770
vn -0.269870 -0.942722 -0.196072
vn -0.190555 -0.979722 -0.061915
vn -0.317252 -0.942722 -0.103081
vn -0.200361 -0.979722 0.000000
vn -0.333578 -0.942722 -0.000000
vn -0.190555 -0.979722 0.061915
vn -0.317252 -0.942722 0.103081
vn -0.162096 -0.979722 0.117769
vn -0.269870 -0.942723 0.196072
vn -0.117769 -0.979722 0.162095
vn -0.196072 -0.942722 0.269870
vn -0.061915 -0.979722 0.190555
vn -0.103081 -0.942722 0.317252
vn 0.000000 -0.979722 0.200361
vn 0.000000 -0.942722 0.333578
vn 0.061915 -0.979722 0.190555
vn 0.103081 -0.942722 0.317252
vn 0.117769 -0.979722 0.162096
vn 0.196072 -0.942722 0.269870
vn 0.162096 -0.979722 0.117769
vn 0.269870 -0.942722 0.196072
vn 0.190555 -0.979722 0.061915
vn 0.317252 -0.942722 0.103081
vn 0.200361 -0.979722 0.000001
vn 0.333578 -0.942722 0.000000
vn 0.380846 -0.882266 -0.276701
vn 0.447712 -0.882266 -0.145470
vn 0.276701 -0.882266 -0.380846
vn 0.145470 -0.882266 -0.447711
vn -0.000000 -0.882266 -0.470752
vn -0.145470 -0.882266 -0.447711
vn -0.276701 -0.882266 -0.380846
vn -0.380846 -0.882266 -0.276701
vn -0.447712 -0.882266 -0.145470
vn -0.470752 -0.882266 0.000000
vn -0.447712 -0.882266 0.145470
vn -0.380846 -0.882266 0.276701
vn -0.276701 -0.882266 0.380846
vn -0.145470 -0.882266 0.447712
vn 0.000000 -0.882266 0.470752
vn 0.145470 -0.882266 0.447712
vn 0.276701 -0.882266 0.380846
vn 0.380846 -0.882266 0.276701
vn 0.447712 -0.882266 0.145470
vn 0.470752 -0.882266 0.000000
vn 0.485138 -0.800252 -0.352474
vn 0.570314 -0.800252 -0.185306
vn 0.352473 -0.800252 -0.485138
vn 0.185306 -0.800252 -0.570314
vn -0.000000 -0.800252 -0.599664
vn -0.185307 -0.800252 -0.570314
vn -0.352474 -0.800252 -0.485138
vn -0.485138 -0.800252 -0.352474
vn -0.570314 -0.800252 -0.185306
vn -0.599664 -0.800252 0.000000
vn -0.570314 -0.800252 0.185306
vn -0.485138 -0.800252 0.352474
vn -0.352474 -0.800252 0.485139
vn -0.185306 -0.800252 0.570314
vn 0.000000 -0.800252 0.599664
vn 0.185306 -0.800252 0.570314
vn 0.352474 -0.800252 0.485139
vn 0.485138 -0.800252 0.352474
vn 0.570314 -0.800252 0.185306
vn 0.599664 -0.800252 0.000001
vn 0.578713 -0.698789 -0.420459
vn 0.680318 -0.698789 -0.221048
vn 0.420459 -0.698789 -0.578713
vn 0.221049 -0.698789 -0.680318
vn -0.000000 -0.698789 -0.715328
vn -0.221049 -0.698789 -0.680318
vn -0.420460 -0.698789 -0.578713
vn -0.578713 -0.698789 -0.420459
vn -0.680318 -0.698788 -0.221049
vn -0.715328 -0.698788 -0.000000
vn -0.680318 -0.698789 0.221049
vn -0.578713 -0.698788 0.420460
vn -0.420459 -0.698788 0.578713
vn -0.221049 -0.698788 0.680318
vn -0.000000 -0.698788 0.715328
vn 0.221049 -0.698788 0.680318
vn 0.420460 -0.698788 0.578713
vn 0.578713 -0.698788 0.420459
vn 0.680318 -0.698788 0.221049
vn 0.715328 -0.698788 0.000001
vn 0.658808 -0.580401 -0.478652
vn 0.774475 -0.580401 -0.251641
vn 0.478652 -0.580401 -0.658808
vn 0.251642 -0.580401 -0.774475
vn -0.000000 -0.580401 -0.814331
vn -0.251642 -0.580401 -0.774475
vn -0.478652 -0.580401 -0.658808
vn -0.658808 -0.580401 -0.478652
vn -0.774475 -0.580401 -0.251642
vn -0.814331 -0.580401 -0.000000
vn -0.774475 -0.580401 0.251642
vn -0.658808 -0.580401 0.478652
vn -0.478652 -0.580401 0.658808
vn -0.251642 -0.580401 0.774475
vn 0.000000 -0.580401 0.814331
vn 0.251642 -0.580401 0.774475
vn 0.478652 -0.580401 0.658808
vn 0.658808 -0.580401 0.478652
vn 0.774475 -0.580401 0.251642
vn 0.814331 -0.580401 0.000001
vn 0.723291 -0.447994 -0.525502
vn 0.850280 -0.447994 -0.276272
vn 0.525501 -0.447994 -0.723291
vn 0.276272 -0.447994 -0.850279
vn -0.000000 -0.447994 -0.894037
vn -0.276273 -0.447994 -0.850279
vn -0.525502 -0.447994 -0.723291
vn -0.723291 -0.447994 -0.525501
vn -0.850279 -0.447994 -0.276272
vn -0.894037 -0.447994 -0.000000
vn -0.850279 -0.447994 0.276273
vn -0.723291 -0.447994 0.525502
vn -0.525501 -0.447994 0.723291
vn -0.276273 -0.447994 0.850280
vn 0.000000 -0.447994 0.894037
vn 0.276273 -0.447994 0.850279
vn 0.525502 -0.447994 0.723291
vn 0.723291 -0.447993 0.525502
vn 0.850279 -0.447994 0.276272
vn 0.894037 -0.447994 0.000001
vn 0.770524 -0.304789 -0.559819
vn 0.905806 -0.304789 -0.294313
vn 0.559818 -0.304789 -0.770524
vn 0.294314 -0.304789 -0.905805
vn -0.000000 -0.304789 -0.952420
vn -0.294314 -0.304789 -0.905805
vn -0.559819 -0.304789 -0.770524
vn -0.770524 -0.304789 -0.559818
vn -0.905805 -0.304789 -0.294314
vn -0.952420 -0.304789 -0.000000
vn -0.905805 -0.304789 0.294314
vn -0.770524 -0.304788 0.559819
vn -0.559818 -0.304788 0.770524
vn -0.294314 -0.304789 0.905805
vn 0.000000 -0.304789 0.952420
vn 0.294314 -0.304789 0.905805
vn 0.559819 -0.304789 0.770524
vn 0.770524 -0.304789 0.559818
vn 0.905805 -0.304789 0.294314
vn 0.952420 -0.304788 0.000001
vn 0.799335 -0.154249 -0.580751
vn 0.939675 -0.154249 -0.305318
vn 0.580750 -0.154249 -0.799335
vn 0.305318 -0.154249 -0.939674
vn 0.000000 -0.154249 -0.988032
vn -0.305319 -0.154249 -0.939674
vn -0.580751 -0.154249 -0.799335
vn -0.799335 -0.154249 -0.580751
vn -0.939674 -0.154248 -0.305319
vn -0.988032 -0.154248 0.000000
vn -0.939674 -0.154248 0.305319
vn -0.799335 -0.154248 0.580751
vn -0.580751 -0.154249 0.799335
vn -0.305319 -0.154249 0.939674
vn 0.000000 -0.154249 0.988032
vn 0.305319 -0.154249 0.939674
vn 0.580751 -0.154249 0.799335
vn 0.799335 -0.154249 0.580751
vn 0.939674 -0.154249 0.305319
vn 0.988032 -0.154249 0.000001
vn 0.809017 0.000000 -0.587785
vn 0.951057 -0.000000 -0.309016
vn 0.587785 -0.000000 -0.809017
vn 0.309017 -0.000000 -0.951057
vn 0.000000 0.000000 -1.000000
vn -0.309017 -0.000000 -0.951056
vn -0.587785 -0.000000 -0.809017
vn -0.809017 0.000000 -0.587785
vn -0.951057 0.000000 -0.309017
vn -1.000000 -0.000000 0.000000
vn -0.951056 -0.000000 0.309017
vn -0.809017 0.000000 0.587785
vn -0.587785 -0.000000 0.809017
vn -0.309017 -0.000000 0.951057
vn 0.000000 0.000000 1.000000
vn 0.309017 -0.000000 0.951056
vn 0.587785 -0.000000 0.809017
vn 0.809017 -0.000000 0.587785
vn 0.951056 0.000000 0.309017
vn 1.000000 0.000000 0.000001
vn 0.799335 0.154249 -0.580751
vn 0.939675 0.154249 -0.305318
vn 0.580750 0.154249 -0.799335
vn 0.305318 0.154249 -0.939674
vn 0.000000 0.154249 -0.988032
vn -0.305319 0.154249 -0.939674
vn -0.580751 0.154249 -0.799335
vn -0.799335 0.154249 -0.580751
vn -0.939674 0.154248 -0.305319
vn -0.988032 0.154248 0.000000
vn -0.939674 0.154248 0.305319
vn -0.799335 0.154248 0.580751
vn -0.580751 0.154249 0.799335
vn -0.305319 0.154249 0.939674
vn 0.000000 0.154249 0.988032
vn 0.305319 0.154249 0.939674
vn 0.580751 0.154249 0.799335
vn 0.799335 0.154249 0.580751
vn 0.939674 0.154249 0.305319
vn 0.988032 0.154249 0.000001
vn 0.770524 0.304789 -0.559819
vn 0.905805 0.304789 -0.294313
vn 0.559818 0.304789 -0.770524
vn 0.294314 0.304789 -0.905805
vn -0.000000 0.304789 -0.952420
vn -0.294314 0.304789 -0.905805
vn -0.559819 0.304789 -0.770524
vn -0.770524 0.304789 -0.559818
vn -0.905805 0.304789 -0.294314
vn -0.952420 0.304789 -0.000000
vn -0.905805 0.304789 0.294314
vn -0.770524 0.304788 0.559819
vn -0.559818 0.304788 0.770524
vn -0.294314 0.304789 0.905805
vn 0.000000 0.304789 0.952420
vn 0.294314 0.304789 0.905805
vn 0.559818 0.304789 0.770524
vn 0.770524 0.304789 0.559818
vn 0.905805 0.304789 0.294314
vn 0.952420 0.304788 0.000001
vn 0.723291 0.447994 -0.525502
vn 0.850280 0.447994 -0.276272
vn 0.525501 0.447994 -0.723291
vn 0.276272 0.447994 -0.850279
vn -0.000000 0.447994 -0.894037
vn -0.276273 0.447994 -0.850279
vn -0.525502 0.447994 -0.723291
vn -0.723291 0.447994 -0.525501
vn -0.850279 0.447994 -0.276272
vn -0.894037 0.447994 -0.000000
vn -0.850279 0.447994 0.276273
vn -0.723291 0.447994 0.525502
vn -0.525501 0.447994 0.723291
vn -0.276273 0.447994 0.850279
vn 0.000000 0.447994 0.894037
vn 0.276273 0.447994 0.850279
vn 0.525502 0.447994 0.723291
vn 0.723291 0.447994 0.525502
vn 0.850279 0.447994 0.276272
vn 0.894037 0.447994 0.000001
vn 0.658808 0.580401 -0.478652
vn 0.774475 0.580401 -0.251641
vn 0.478652 0.580401 -0.658808
vn 0.251642 0.580401 -0.774475
vn -0.000000 0.580401 -0.814331
vn -0.251642 0.580401 -0.774475
vn -0.478652 0.580401 -0.658808
vn -0.658808 0.580401 -0.478652
vn -0.774475 0.580401 -0.251642
vn -0.814331 0.580401 -0.000000
vn -0.774475 0.580401 0.251642
vn -0.658808 0.580401 0.478652
vn -0.478652 0.580401 0.658808
vn -0.251642 0.580401 0.774475
vn 0.000000 0.580401 0.814331
vn 0.251642 0.580401 0.774475
vn 0.478652 0.580401 0.658808
vn 0.658808 0.580401 0.478652
vn 0.774475 0.580401 0.251642
vn 0.814331 0.580401 0.000001
vn 0.578712 0.698789 -0.420459
vn 0.680318 0.698789 -0.221048
vn 0.420459 0.698789 -0.578713
vn 0.221049 0.698789 -0.680318
vn -0.000000 0.698789 -0.715328
vn -0.221049 0.698789 -0.680318
vn -0.420460 0.698789 -0.578713
vn -0.578713 0.698789 -0.420459
vn -0.680318 0.698789 -0.221049
vn -0.715328 0.698788 0.000000
vn -0.680318 0.698788 0.221049
vn -0.578713 0.698788 0.420460
vn -0.420459 0.698788 0.578713
vn -0.221049 0.698788 0.680318
vn -0.000000 0.698788 0.715328
vn 0.221049 0.698788 0.680318
vn 0.420460 0.698788 0.578713
vn 0.578713 0.698788 0.420460
vn 0.680318 0.698788 0.221049
vn 0.715328 0.698788 0.000001
vn 0.485138 0.800252 -0.352474
vn 0.570314 0.800252 -0.185306
vn 0.352473 0.800252 -0.485139
vn 0.185306 0.800252 -0.570314
vn -0.000000 0.800252 -0.599664
vn -0.185306 0.800252 -0.570314
vn -0.352474 0.800252 -0.485138
vn -0.485138 0.800252 -0.352474
vn -0.570314 0.800252 -0.185306
vn -0.599664 0.800252 0.000000
vn -0.570314 0.800252 0.185306
vn -0.485138 0.800252 0.352474
vn -0.352474 0.800252 0.485138
vn -0.185306 0.800252 0.570314
vn 0.000000 0.800252 0.599664
vn 0.185306 0.800252 0.570315
vn 0.352474 0.800252 0.485139
vn 0.485139 0.800252 0.352474
vn 0.570314 0.800252 0.185306
vn 0.599664 0.800252 0.000001
vn 0.380846 0.882266 -0.276701
vn 0.447711 0.882266 -0.145470
vn 0.276701 0.882266 -0.380846
vn 0.145470 0.882266 -0.447711
vn -0.000000 0.882266 -0.470752
vn -0.145470 0.882266 -0.447711
vn -0.276701 0.882266 -0.380846
vn -0.380846 0.882266 -0.276701
vn -0.447712 0.882266 -0.145470
vn -0.470752 0.882266 0.000000
vn -0.447712 0.882266 0.145471
vn -0.380846 0.882266 0.276701
vn -0.276701 0.882266 0.380846
vn -0.145470 0.882266 0.447712
vn 0.000000 0.882266 0.470752
vn 0.145470 0.882266 0.447712
vn 0.276701 0.882266 0.380846
vn 0.380846 0.882266 0.276701
vn 0.447712 0.882266 0.145470
vn 0.470752 0.882266 0.000000
vn 0.269870 0.942722 -0.196073
vn 0.317252 0.942722 -0.103081
vn 0.196072 0.942722 -0.269871
vn 0.103081 0.942722 -0.317251
vn -0.000000 0.942723 -0.333578
vn -0.103081 0.942723 -0.317251
vn -0.196072 0.942723 -0.269870
vn -0.269870 0.942722 -0.196072
vn -0.317252 0.942722 -0.103081
vn -0.333578 0.942722 0.000000
vn -0.317252 0.942722 0.103082
vn -0.269870 0.942722 0.196072
vn -0.196072 0.942722 0.269870
vn -0.103081 0.942722 0.317252
vn 0.000000 0.942722 0.333578
vn 0.103081 0.942722 0.317252
vn 0.196072 0.942722 0.269870
vn 0.269870 0.942722 0.196072
vn 0.317252 0.942722 0.103081
vn 0.333578 0.942722 0.000000
vn 0.162096 0.979722 -0.117769
vn 0.190555 0.979722 -0.061915
vn 0.117769 0.979722 -0.162096
vn 0.061915 0.979722 -0.190555
vn -0.000000 0.979722 -0.200361
vn -0.061915 0.979722 -0.190555
vn -0.117769 0.979722 -0.162095
vn -0.162096 0.979722 -0.117769
vn -0.190555 0.979722 -0.061915
vn -0.200361 0.979722 0.000000
vn -0.190555 0.979722 0.061915
vn -0.162096 0.979722 0.117769
vn -0.117769 0.979722 0.162096
vn -0.061915 0.979722 0.190555
vn 0.000000 0.979722 0.200361
vn 0.061915 0.979722 0.190555
vn 0.117769 0.979722 0.162096
vn 0.162096 0.979722 0.117769
vn 0.190555 0.979722 0.061915
vn 0.200361 0.979722 0.000001
vn -0.000000 -1.000000 -0.000000
vn -0.000000 1.000000 0.000000
s 1
g pSphere2
usemtl initialShadingGroup
f 535/622/671 536/623/672 556/644/673 555/643/674
f 536/623/672 537/624/675 557/645/676 556/644/673
f 537/624/675 538/625/677 558/646/678 557/645/676
f 538/625/677 539/626/679 559/647/680 558/646/678
f 539/626/679 540/627/681 560/648/682 559/647/680
f 540/627/681 541/628/683 561/649/684 560/648/682
f 541/628/683 542/629/685 562/650/686 561/649/684
f 542/629/685 543/630/687 563/651/688 562/650/686
f 543/630/687 544/631/689 564/652/690 563/651/688
f 544/631/689 545/632/691 565/653/692 564/652/690
f 545/632/691 546/633/693 566/654/694 565/653/692
f 546/633/693 547/634/695 567/655/696 566/654/694
f 547/634/695 548/635/697 568/656/698 567/655/696
f 548/635/697 549/636/699 569/657/700 568/656/698
f 549/636/699 550/637/701 570/658/702 569/657/700
f 550/637/701 551/638/703 571/659/704 570/658/702
f 551/638/703 552/639/705 572/660/706 571/659/704
f 552/639/705 553/640/707 573/661/708 572/660/706
f 553/640/707 554/641/709 574/662/710 573/661/708
f 554/641/709 535/642/671 555/663/674 574/662/710
f 555/643/674 556/644/673 576/665/711 575/664/712
f 556/644/673 557/645/676 577/666/713 576/665/711
f 557/645/676 558/646/678 578/667/714 577/666/713
f 558/646/678 559/647/680 579/668/715 578/667/714
f 559/647/680 560/648/682 580/669/716 579/668/715
f 560/648/682 561/649/684 581/670/717 580/669/716
f 561/649/684 562/650/686 582/671/718 581/670/717
f 562/650/686 563/651/688 583/672/719 582/671/718
f 563/651/688 564/652/690 584/673/720 583/672/719
f 564/652/690 565/653/692 585/674/721 584/673/720
f 565/653/692 566/654/694 586/675/722 585/674/721
f 566/654/694 567/655/696 587/676/723 586/675/722
f 567/655/696 568/656/698 588/677/724 587/676/723
f 568/656/698 569/657/700 589/678/725 588/677/724
f 569/657/700 570/658/702 590/679/726 589/678/725
f 570/658/702 571/659/704 591/680/727 590/679/726
f 571/659/704 572/660/706 592/681/728 591/680/727
f 572/660/706 573/661/708 593/682/729 592/681/728
f 573/661/708 574/662/710 594/683/730 593/682/729
f 574/662/710 555/663/674 575/684/712 594/683/730
f 575/664/712 576/665/711 596/686/731 595/685/732
f 576/665/711 577/666/713 597/687/733 596/686/731
f 577/666/713 578/667/714 598/688/734 597/687/733
f 578/667/714 579/668/715 599/689/735 598/688/734
f 579/668/715 580/669/716 600/690/736 599/689/735
f 580/669/716 581/670/717 601/691/737 600/690/736
f 581/670/717 582/671/718 602/692/738 601/691/737
f 582/671/718 583/672/719 603/693/739 602/692/738
f 583/672/719 584/673/720 604/694/740 603/693/739
f 584/673/720 585/674/721 605/695/741 604/694/740
f 585/674/721 586/675/722 606/696/742 605/695/741
f 586/675/722 587/676/723 607/697/743 606/696/742
f 587/676/723 588/677/724 608/698/744 607/697/743
f 588/677/724 589/678/725 609/699/745 608/698/744
f 589/678/725 590/679/726 610/700/746 609/699/745
f 590/679/726 591/680/727 611/701/747 610/700/746
f 591/680/727 592/681/728 612/702/748 611/701/747
f 592/681/728 593/682/729 613/703/749 612/702/748
f 593/682/729 594/683/730 614/704/750 613/703/749
f 594/683/730 575/684/712 595/705/732 614/704/750
f 595/685/732 596/686/731 616/707/751 615/706/752
f 596/686/731 597/687/733 617/708/753 616/707/751
f 597/687/733 598/688/734 618/709/754 617/708/753
f 598/688/734 599/689/735 619/710/755 618/709/754
f 599/689/735 600/690/736 620/711/756 619/710/755
f 600/690/736 601/691/737 621/712/757 620/711/756
f 601/691/737 602/692/738 622/713/758 621/712/757
f 602/692/738 603/693/739 623/714/759 622/713/758
f 603/693/739 604/694/740 624/715/760 623/714/759
f 604/694/740 605/695/741 625/716/761 624/715/760
f 605/695/741 606/696/742 626/717/762 625/716/761
f 606/696/742 607/697/743 627/718/763 626/717/762
f 607/697/743 608/698/744 628/719/764 627/718/763
f 608/698/744 609/699/745 629/720/765 628/719/764
f 609/699/745 610/700/746 630/721/766 629/720/765
f 610/700/746 611/701/747 631/722/767 630/721/766
f 611/701/747 612/702/748 632/723/768 631/722/767
f 612/702/748 613/703/749 633/724/769 632/723/768
f 613/703/749 614/704/750 634/725/770 633/724/769
f 614/704/750 595/705/732 615/726/752 634/725/770
f 615/706/752 616/707/751 636/728/771 635/727/772
f 616/707/751 617/708/753 637/729/773 636/728/771
f 617/708/753 618/709/754 638/730/774 637/729/773
f 618/709/754 619/710/755 639/731/775 638/730/774
f 619/710/755 620/711/756 640/732/776 639/731/775
f 620/711/756 621/712/757 641/733/777 640/732/776
f 621/712/757 622/713/758 642/734/778 641/733/777
f 622/713/758 623/714/759 643/735/779 642/734/778
f 623/714/759 624/715/760 644/736/780 643/735/779
f 624/715/760 625/716/761 645/737/781 644/736/780
f 625/716/761 626/717/762 646/738/782 645/737/781
f 626/717/762 627/718/763 647/739/783 646/738/782
f 627/718/763 628/719/764 648/740/784 647/739/783
f 628/719/764 629/720/765 649/741/785 648/740/784
f 629/720/765 630/721/766 650/742/786 649/741/785
f 630/721/766 631/722/767 651/743/787 650/742/786
f 631/722/767 632/723/768 652/744/788 651/743/787
f 632/723/768 633/724/769 653/745/789 652/744/788
f 633/724/769 634/725/770 654/746/790 653/745/789
f 634/725/770 615/726/752 635/747/772 654/746/790
f 635/727/772 636/728/771 656/749/791 655/748/792
f 636/728/771 637/729/773 657/750/793 656/749/791
f 637/729/773 638/730/774 658/751/794 657/750/793
f 638/730/774 639/731/775 659/752/795 658/751/794
f 639/731/775 640/732/776 660/753/796 659/752/795
f 640/732/776 641/733/777 661/754/797 660/753/796
f 641/733/777 642/734/778 662/755/798 661/754/797
f 642/734/778 643/735/779 663/756/799 662/755/798
f 643/735/779 644/736/780 664/757/800 663/756/799
f 644/736/780 645/737/781 665/758/801 664/757/800
f 645/737/781 646/738/782 666/759/802 665/758/801
f 646/738/782 647/739/783 667/760/803 666/759/802
f 647/739/783 648/740/784 668/761/804 667/760/803
f 648/740/784 649/741/785 669/762/805 668/761/804
f 649/741/785 650/742/786 670/763/806 669/762/805
f 650/742/786 651/743/787 671/764/807 670/763/806
f 651/743/787 652/744/788 672/765/808 671/764/807
f 652/744/788 653/745/789 673/766/809 672/765/808
f 653/745/789 654/746/790 674/767/810 673/766/809
f 654/746/790 635/747/772 655/768/792 674/767/810
f 655/748/792 656/749/791 676/770/811 675/769/812
f 656/749/791 657/750/793 677/771/813 676/770/811
f 657/750/793 658/751/794 678/772/814 677/771/813
f 658/751/794 659/752/795 679/773/815 678/772/814
f 659/752/795 660/753/796 680/774/816 679/773/815
f 660/753/796 661/754/797 681/775/817 680/774/816
f 661/754/797 662/755/798 682/776/818 681/775/817
f 662/755/798 663/756/799 683/777/819 682/776/818
f 663/756/799 664/757/800 684/778/820 683/777/819
f 664/757/800 665/758/801 685/779/821 684/778/820
f 665/758/801 666/759/802 686/780/822 685/779/821
f 666/759/802 667/760/803 687/781/823 686/780/822
f 667/760/803 668/761/804 688/782/824 687/781/823
f 668/761/804 669/762/805 689/783/825 688/782/824
f 669/762/805 670/763/806 690/784/826 689/783/825
f 670/763/806 671/764/807 691/785/827 690/784/826
f 671/764/807 672/765/808 692/786/828 691/785/827
f 672/765/808 673/766/809 693/787/829 692/786/828
f 673/766/809 674/767/810 694/788/830 693/787/829
f 674/767/810 655/768/792 675/789/812 694/788/830
f 675/769/812 676/770/811 696/791/831 695/790/832
f 676/770/811 677/771/813 697/792/833 696/791/831
f 677/771/813 678/772/814 698/793/834 697/792/833
f 678/772/814 679/773/815 699/794/835 698/793/834
f 679/773/815 680/774/816 700/795/836 699/794/835
f 680/774/816 681/775/817 701/796/837 700/795/836
f 681/775/817 682/776/818 702/797/838 701/796/837
f 682/776/818 683/777/819 703/798/839 702/797/838
f 683/777/819 684/778/820 704/799/840 703/798/839
f 684/778/820 685/779/821 705/800/841 704/799/840
f 685/779/821 686/780/822 706/801/842 705/800/841
f 686/780/822 687/781/823 707/802/843 706/801/842
f 687/781/823 688/782/824 708/803/844 707/802/843
f 688/782/824 689/783/825 709/804/845 708/803/844
f 689/783/825 690/784/826 710/805/846 709/804/845
f 690/784/826 691/785/827 711/806/847 710/805/846
f 691/785/827 692/786/828 712/807/848 711/806/847
f 692/786/828 693/787/829 713/808/849 712/807/848
f 693/787/829 694/788/830 714/809/850 713/808/849
f 694/788/830 675/789/812 695/810/832 714/809/850
f 695/790/832 696/791/831 716/812/851 715/811/852
f 696/791/831 697/792/833 717/813/853 716/812/851
f 697/792/833 698/793/834 718/814/854 717/813/853
f 698/793/834 699/794/835 719/815/855 718/814/854
f 699/794/835 700/795/836 720/816/856 719/815/855
f 700/795/836 701/796/837 721/817/857 720/816/856
f 701/796/837 702/797/838 722/818/858 721/817/857
f 702/797/838 703/798/839 723/819/859 722/818/858
f 703/798/839 704/799/840 724/820/860 723/819/859
f 704/799/840 705/800/841 725/821/861 724/820/860
f 705/800/841 706/801/842 726/822/862 725/821/861
f 706/801/842 707/802/843 727/823/863 726/822/862
f 707/802/843 708/803/844 728/824/864 727/823/863
f 708/803/844 709/804/845 729/825/865 728/824/864
f 709/804/845 710/805/846 730/826/866 729/825/865
f 710/805/846 711/806/847 731/827/867 730/826/866
f 711/806/847 712/807/848 732/828/868 731/827/867
f 712/807/848 713/808/849 733/829/869 732/828/868
f 713/808/849 714/809/850 734/830/870 733/829/869
f 714/809/850 695/810/832 715/831/852 734/830/870
f 715/811/852 716/812/851 736/833/871 735/832/872
f 716/812/851 717/813/853 737/834/873 736/833/871
f 717/813/853 718/814/854 738/835/874 737/834/873
f 718/814/854 719/815/855 739/836/875 738/835/874
f 719/815/855 720/816/856 740/837/876 739/836/875
f 720/816/856 721/817/857 741/838/877 740/837/876
f 721/817/857 722/818/858 742/839/878 741/838/877
f 722/818/858 723/819/859 743/840/879 742/839/878
f 723/819/859 724/820/860 744/841/880 743/840/879
f 724/820/860 725/821/861 745/842/881 744/841/880
f 725/821/861 726/822/862 746/843/882 745/842/881
f 726/822/862 727/823/863 747/844/883 746/843/882
f 727/823/863 728/824/864 748/845/884 747/844/883
f 728/824/864 729/825/865 749/846/885 748/845/884
f 729/825/865 730/826/866 750/847/886 749/846/885
f 730/826/866 731/827/867 751/848/887 750/847/886
f 731/827/867 732/828/868 752/849/888 751/848/887
f 732/828/868 733/829/869 753/850/889 752/849/888
f 733/829/869 734/830/870 754/851/890 753/850/889
f 734/830/870 715/831/852 735/852/872 754/851/890
f 735/832/872 736/833/871 756/854/891 755/853/892
f 736/833/871 737/834/873 757/855/893 756/854/891
f 737/834/873 738/835/874 758/856/894 757/855/893
f 738/835/874 739/836/875 759/857/895 758/856/894
f 739/836/875 740/837/876 760/858/896 759/857/895
f 740/837/876 741/838/877 761/859/897 760/858/896
f 741/838/877 742/839/878 762/860/898 761/859/897
f 742/839/878 743/840/879 763/861/899 762/860/898
f 743/840/879 744/841/880 764/862/900 763/861/899
f 744/841/880 745/842/881 765/863/901 764/862/900
f 745/842/881 746/843/882 766/864/902 765/863/901
f 746/843/882 747/844/883 767/865/903 766/864/902
f 747/844/883 748/845/884 768/866/904 767/865/903
f 748/845/884 749/846/885 769/867/905 768/866/904
f 749/846/885 750/847/886 770/868/906 769/867/905
f 750/847/886 751/848/887 771/869/907 770/868/906
f 751/848/887 752/849/888 772/870/908 771/869/907
f 752/849/888 753/850/889 773/871/909 772/870/908
f 753/850/889 754/851/890 774/872/910 773/871/909
f 754/851/890 735/852/872 755/873/892 774/872/910
f 755/853/892 756/854/891 776/875/911 775/874/912
f 756/854/891 757/855/893 777/876/913 776/875/911
f 757/855/893 758/856/894 778/877/914 777/876/913
f 758/856/894 759/857/895 779/878/915 778/877/914
f 759/857/895 760/858/896 780/879/916 779/878/915
f 760/858/896 761/859/897 781/880/917 780/879/916
f 761/859/897 762/860/898 782/881/918 781/880/917
f 762/860/898 763/861/899 783/882/919 782/881/918
f 763/861/899 764/862/900 784/883/920 783/882/919
f 764/862/900 765/863/901 785/884/921 784/883/920
f 765/863/901 766/864/902 786/885/922 785/884/921
f 766/864/902 767/865/903 787/886/923 786/885/922
f 767/865/903 768/866/904 788/887/924 787/886/923
f 768/866/904 769/867/905 789/888/925 788/887/924
f 769/867/905 770/868/906 790/889/926 789/888/925
f 770/868/906 771/869/907 791/890/927 790/889/926
f 771/869/907 772/870/908 792/891/928 791/890/927
f 772/870/908 773/871/909 793/892/929 792/891/928
f 773/871/909 774/872/910 794/893/930 793/892/929
f 774/872/910 755/873/892 775/894/912 794/893/930
f 775/874/912 776/875/911 796/896/931 795/895/932
f 776/875/911 777/876/913 797/897/933 796/896/931
f 777/876/913 778/877/914 798/898/934 797/897/933
f 778/877/914 779/878/915 799/899/935 798/898/934
f 779/878/915 780/879/916 800/900/936 799/899/935
f 780/879/916 781/880/917 801/901/937 800/900/936
f 781/880/917 782/881/918 802/902/938 801/901/937
f 782/881/918 783/882/919 803/903/939 802/902/938
f 783/882/919 784/883/920 804/904/940 803/903/939
f 784/883/920 785/884/921 805/905/941 804/904/940
f 785/884/921 786/885/922 806/906/942 805/905/941
f 786/885/922 787/886/923 807/907/943 806/906/942
f 787/886/923 788/887/924 808/908/944 807/907/943
f 788/887/924 789/888/925 809/909/945 808/908/944
f 789/888/925 790/889/926 810/910/946 809/909/945
f 790/889/926 791/890/927 811/911/947 810/910/946
f 791/890/927 792/891/928 812/912/948 811/911/947
f 792/891/928 793/892/929 813/913/949 812/912/948
f 793/892/929 794/893/930 814/914/950 813/913/949
f 794/893/930 775/894/912 795/915/932 814/914/950
f 795/895/932 796/896/931 816/917/951 815/916/952
f 796/896/931 797/897/933 817/918/953 816/917/951
f 797/897/933 798/898/934 818/919/954 817/918/953
f 798/898/934 799/899/935 819/920/955 818/919/954
f 799/899/935 800/900/936 820/921/956 819/920/955
f 800/900/936 801/901/937 821/922/957 820/921/956
f 801/901/937 802/902/938 822/923/958 821/922/957
f 802/902/938 803/903/939 823/924/959 822/923/958
f 803/903/939 804/904/940 824/925/960 823/924/959
f 804/904/940 805/905/941 825/926/961 824/925/960
f 805/905/941 806/906/942 826/927/962 825/926/961
f 806/906/942 807/907/943 827/928/963 826/927/962
f 807/907/943 808/908/944 828/929/964 827/928/963
f 808/908/944 809/909/945 829/930/965 828/929/964
f 809/909/945 810/910/946 830/931/966 829/930/965
f 810/910/946 811/911/947 831/932/967 830/931/966
f 811/911/947 812/912/948 832/933/968 831/932/967
f 812/912/948 813/913/949 833/934/969 832/933/968
f 813/913/949 814/914/950 834/935/970 833/934/969
f 814/914/950 795/915/932 815/936/952 834/935/970
f 815/916/952 816/917/951 836/938/971 835/937/972
f 816/917/951 817/918/953 837/939/973 836/938/971
f 817/918/953 818/919/954 838/940/974 837/939/973
f 818/919/954 819/920/955 839/941/975 838/940/974
f 819/920/955 820/921/956 840/942/976 839/941/975
f 820/921/956 821/922/957 841/943/977 840/942/976
f 821/922/957 822/923/958 842/944/978 841/943/977
f 822/923/958 823/924/959 843/945/979 842/944/978
f 823/924/959 824/925/960 844/946/980 843/945/979
f 824/925/960 825/926/961 845/947/981 844/946/980
f 825/926/961 826/927/962 846/948/982 845/947/981
f 826/927/962 827/928/963 847/949/983 846/948/982
f 827/928/963 828/929/964 848/950/984 847/949/983
f 828/929/964 829/930/965 849/951/985 848/950/984
f 829/930/965 830/931/966 850/952/986 849/951/985
f 830/931/966 831/932/967 851/953/987 850/952/986
f 831/932/967 832/933/968 852/954/988 851/953/987
f 832/933/968 833/934/969 853/955/989 852/954/988
f 833/934/969 834/935/970 854/956/990 853/955/989
f 834/935/970 815/936/952 835/957/972 854/956/990
f 835/937/972 836/938/971 856/959/991 855/958/992
f 836/938/971 837/939/973 857/960/993 856/959/991
f 837/939/973 838/940/974 858/961/994 857/960/993
f 838/940/974 839/941/975 859/962/995 858/961/994
f 839/941/975 840/942/976 860/963/996 859/962/995
f 840/942/976 841/943/977 861/964/997 860/963/996
f 841/943/977 842/944/978 862/965/998 861/964/997
f 842/944/978 843/945/979 863/966/999 862/965/998
f 843/945/979 844/946/980 864/967/1000 863/966/999
f 844/946/980 845/947/981 865/968/1001 864/967/1000
f 845/947/981 846/948/982 866/969/1002 865/968/1001
f 846/948/982 847/949/983 867/970/1003 866/969/1002
f 847/949/983 848/950/984 868/971/1004 867/970/1003
f 848/950/984 849/951/985 869/972/1005 868/971/1004
f 849/951/985 850/952/986 870/973/1006 869/972/1005
f 850/952/986 851/953/987 871/974/1007 870/973/1006
f 851/953/987 852/954/988 872/975/1008 871/974/1007
f 852/954/988 853/955/989 873/976/1009 872/975/1008
f 853/955/989 854/956/990 874/977/1010 873/976/1009
f 854/956/990 835/957/972 855/978/992 874/977/1010
f 855/958/992 856/959/991 876/980/1011 875/979/1012
f 856/959/991 857/960/993 877/981/1013 876/980/1011
f 857/960/993 858/961/994 878/982/1014 877/981/1013
f 858/961/994 859/962/995 879/983/1015 878/982/1014
f 859/962/995 860/963/996 880/984/1016 879/983/1015
f 860/963/996 861/964/997 881/985/1017 880/984/1016
f 861/964/997 862/965/998 882/986/1018 881/985/1017
f 862/965/998 863/966/999 883/987/1019 882/986/1018
f 863/966/999 864/967/1000 884/988/1020 883/987/1019
f 864/967/1000 865/968/1001 885/989/1021 884/988/1020
f 865/968/1001 866/969/1002 886/990/1022 885/989/1021
f 866/969/1002 867/970/1003 887/991/1023 886/990/1022
f 867/970/1003 868/971/1004 888/992/1024 887/991/1023
f 868/971/1004 869/972/1005 889/993/1025 888/992/1024
f 869/972/1005 870/973/1006 890/994/1026 889/993/1025
f 870/973/1006 871/974/1007 891/995/1027 890/994/1026
f 871/974/1007 872/975/1008 892/996/1028 891/995/1027
f 872/975/1008 873/976/1009 893/997/1029 892/996/1028
f 873/976/1009 874/977/1010 894/998/1030 893/997/1029
f 874/977/1010 855/978/992 875/999/1012 894/998/1030
f 875/979/1012 876/980/1011 896/1001/1031 895/1000/1032
f 876/980/1011 877/981/1013 897/1002/1033 896/1001/1031
f 877/981/1013 878/982/1014 898/1003/1034 897/1002/1033
f 878/982/1014 879/983/1015 899/1004/1035 898/1003/1034
f 879/983/1015 880/984/1016 900/1005/1036 899/1004/1035
f 880/984/1016 881/985/1017 901/1006/1037 900/1005/1036
f 881/985/1017 882/986/1018 902/1007/1038 901/1006/1037
f 882/986/1018 883/987/1019 903/1008/1039 902/1007/1038
f 883/987/1019 884/988/1020 904/1009/1040 903/1008/1039
f 884/988/1020 885/989/1021 905/1010/1041 904/1009/1040
f 885/989/1021 886/990/1022 906/1011/1042 905/1010/1041
f 886/990/1022 887/991/1023 907/1012/1043 906/1011/1042
f 887/991/1023 888/992/1024 908/1013/1044 907/1012/1043
f 888/992/1024 889/993/1025 909/1014/1045 908/1013/1044
f 889/993/1025 890/994/1026 910/1015/1046 909/1014/1045
f 890/994/1026 891/995/1027 911/1016/1047 910/1015/1046
f 891/995/1027 892/996/1028 912/1017/1048 911/1016/1047
f 892/996/1028 893/997/1029 913/1018/1049 912/1017/1048
f 893/997/1029 894/998/1030 914/1019/1050 913/1018/1049
f 894/998/1030 875/999/1012 895/1020/1032 914/1019/1050
f 536/623/672 535/622/671 915/1021/1051
f 537/624/675 536/623/672 915/1022/1051
f 538/625/677 537/624/675 915/1023/1051
f 539/626/679 538/625/677 915/1024/1051
f 540/627/681 539/626/679 915/1025/1051
f 541/628/683 540/627/681 915/1026/1051
f 542/629/685 541/628/683 915/1027/1051
f 543/630/687 542/629/685 915/1028/1051
f 544/631/689 543/630/687 915/1029/1051
f 545/632/691 544/631/689 915/1030/1051
f 546/633/693 545/632/691 915/1031/1051
f 547/634/695 546/633/693 915/1032/1051
f 548/635/697 547/634/695 915/1033/1051
f 549/636/699 548/635/697 915/1034/1051
f 550/637/701 549/636/699 915/1035/1051
f 551/638/703 550/637/701 915/1036/1051
f 552/639/705 551/638/703 915/1037/1051
f 553/640/707 552/639/705 915/1038/1051
f 554/641/709 553/640/707 915/1039/1051
f 535/642/671 554/641/709 915/1040/1051
f 895/1000/1032 896/1001/1031 916/1041/1052
f 896/1001/1031 897/1002/1033 916/1042/1052
f 897/1002/1033 898/1003/1034 916/1043/1052
f 898/1003/1034 899/1004/1035 916/1044/1052
f 899/1004/1035 900/1005/1036 916/1045/1052
f 900/1005/1036 901/1006/1037 916/1046/1052
f 901/1006/1037 902/1007/1038 916/1047/1052
f 902/1007/1038 903/1008/1039 916/1048/1052
f 903/1008/1039 904/1009/1040 916/1049/1052
f 904/1009/1040 905/1010/1041 916/1050/1052
f 905/1010/1041 906/1011/1042 916/1051/1052
f 906/1011/1042 907/1012/1043 916/1052/1052
f 907/1012/1043 908/1013/1044 916/1053/1052
f 908/1013/1044 909/1014/1045 916/1054/1052
f 909/1014/1045 910/1015/1046 916/1055/1052
f 910/1015/1046 911/1016/1047 916/1056/1052
f 911/1016/1047 912/1017/1048 916/1057/1052
f 912/1017/1048 913/1018/1049 916/1058/1052
f 913/1018/1049 914/1019/1050 916/1059/1052
f 914/1019/1050 895/1020/1032 916/1060/1052
g default
v 0.563824 0.584447 -0.023980
v 0.552801 0.584447 -0.045612
v 0.535634 0.584447 -0.062779
v 0.514002 0.584447 -0.073801
v 0.490022 0.584447 -0.077599
v 0.466043 0.584447 -0.073801
v 0.444410 0.584447 -0.062779
v 0.427243 0.584447 -0.045612
v 0.416221 0.584447 -0.023980
v 0.412423 0.584447 0.000000
v 0.416221 0.584447 0.023980
v 0.427243 0.584447 0.045612
v 0.444410 0.584447 0.062779
v 0.466043 0.584447 0.073801
v 0.490022 0.584447 0.077599
v 0.514002 0.584447 0.073801
v 0.535634 0.584447 0.062779
v 0.552801 0.584447 0.045612
v 0.563824 0.584447 0.023980
v 0.567621 0.584447 0.000000
v 0.635808 0.602619 -0.047369
v 0.614035 0.602619 -0.090101
v 0.580123 0.602619 -0.124013
v 0.537391 0.602619 -0.145786
v 0.490022 0.602619 -0.153288
v 0.442653 0.602619 -0.145786
v 0.399922 0.602619 -0.124013
v 0.366009 0.602619 -0.090100
v 0.344236 0.602619 -0.047369
v 0.336734 0.602619 0.000000
v 0.344236 0.602619 0.047369
v 0.366009 0.602619 0.090100
v 0.399922 0.602619 0.124013
v 0.442653 0.602619 0.145786
v 0.490022 0.602619 0.153288
v 0.537391 0.602619 0.145786
v 0.580123 0.602619 0.124013
v 0.614035 0.602619 0.090100
v 0.635808 0.602619 0.047369
v 0.643310 0.602619 0.000000
v 0.704202 0.632407 -0.069591
v 0.672215 0.632407 -0.132371
v 0.622393 0.632407 -0.182193
v 0.559613 0.632407 -0.214180
v 0.490022 0.632407 -0.225202
v 0.420431 0.632407 -0.214180
v 0.357651 0.632407 -0.182193
v 0.307830 0.632407 -0.132371
v 0.275842 0.632407 -0.069591
v 0.264820 0.632407 0.000000
v 0.275842 0.632407 0.069591
v 0.307830 0.632407 0.132371
v 0.357651 0.632407 0.182193
v 0.420431 0.632407 0.214180
v 0.490022 0.632407 0.225202
v 0.559613 0.632407 0.214180
v 0.622393 0.632407 0.182192
v 0.672215 0.632407 0.132371
v 0.704202 0.632407 0.069591
v 0.715224 0.632407 0.000000
v 0.767323 0.673077 -0.090101
v 0.725908 0.673077 -0.171381
v 0.661403 0.673077 -0.235886
v 0.580123 0.673077 -0.277301
v 0.490022 0.673077 -0.291571
v 0.399922 0.673077 -0.277301
v 0.318641 0.673077 -0.235886
v 0.254136 0.673077 -0.171381
v 0.212721 0.673077 -0.090100
v 0.198451 0.673077 0.000000
v 0.212721 0.673077 0.090100
v 0.254136 0.673077 0.171381
v 0.318641 0.673077 0.235886
v 0.399922 0.673077 0.277301
v 0.490022 0.673077 0.291571
v 0.580123 0.673077 0.277301
v 0.661403 0.673077 0.235886
v 0.725908 0.673077 0.171381
v 0.767323 0.673077 0.090100
v 0.781593 0.673077 0.000000
v 0.823616 0.723630 -0.108391
v 0.773794 0.723630 -0.206172
v 0.696194 0.723630 -0.283772
v 0.598413 0.723630 -0.333593
v 0.490022 0.723630 -0.350761
v 0.381631 0.723630 -0.333593
v 0.283850 0.723630 -0.283772
v 0.206251 0.723630 -0.206172
v 0.156429 0.723630 -0.108391
v 0.139261 0.723630 0.000000
v 0.156429 0.723630 0.108391
v 0.206251 0.723630 0.206172
v 0.283850 0.723630 0.283771
v 0.381631 0.723630 0.333593
v 0.490022 0.723630 0.350761
v 0.598413 0.723630 0.333593
v 0.696194 0.723630 0.283771
v 0.773793 0.723630 0.206172
v 0.823615 0.723630 0.108391
v 0.840783 0.723630 0.000000
v 0.871694 0.782820 -0.124013
v 0.814692 0.782820 -0.235886
v 0.725908 0.782820 -0.324670
v 0.614035 0.782820 -0.381672
v 0.490022 0.782820 -0.401314
v 0.366009 0.782820 -0.381672
v 0.254136 0.782820 -0.324669
v 0.165353 0.782820 -0.235886
v 0.108350 0.782820 -0.124013
v 0.088709 0.782820 0.000000
v 0.108350 0.782820 0.124013
v 0.165353 0.782820 0.235886
v 0.254136 0.782820 0.324669
v 0.366009 0.782820 0.381672
v 0.490022 0.782820 0.401313
v 0.614035 0.782820 0.381672
v 0.725908 0.782820 0.324669
v 0.814691 0.782820 0.235886
v 0.871694 0.782820 0.124013
v 0.891335 0.782820 0.000000
v 0.910374 0.849189 -0.136581
v 0.847595 0.849189 -0.259792
v 0.749814 0.849189 -0.357573
v 0.626603 0.849189 -0.420352
v 0.490022 0.849189 -0.441985
v 0.353441 0.849189 -0.420352
v 0.230230 0.849189 -0.357573
v 0.132449 0.849189 -0.259792
v 0.069670 0.849189 -0.136581
v 0.048038 0.849189 0.000000
v 0.069670 0.849189 0.136581
v 0.132449 0.849189 0.259792
v 0.230230 0.849189 0.357573
v 0.353441 0.849189 0.420352
v 0.490022 0.849189 0.441984
v 0.626603 0.849189 0.420352
v 0.749814 0.849189 0.357573
v 0.847595 0.849189 0.259792
v 0.910374 0.849189 0.136581
v 0.932006 0.849189 0.000000
v 0.938704 0.921103 -0.145786
v 0.871694 0.921103 -0.277301
v 0.767323 0.921103 -0.381672
v 0.635808 0.921103 -0.448682
v 0.490022 0.921103 -0.471772
v 0.344236 0.921103 -0.448682
v 0.212721 0.921103 -0.381672
v 0.108350 0.921103 -0.277301
v 0.041340 0.921103 -0.145786
v 0.018250 0.921103 0.000000
v 0.041340 0.921103 0.145786
v 0.108350 0.921103 0.277301
v 0.212721 0.921103 0.381672
v 0.344236 0.921103 0.448682
v 0.490022 0.921103 0.471772
v 0.635808 0.921103 0.448682
v 0.767323 0.921103 0.381672
v 0.871694 0.921103 0.277301
v 0.938704 0.921103 0.145786
v 0.961794 0.921103 0.000000
v 0.955986 0.996791 -0.151401
v 0.886395 0.996791 -0.287982
v 0.778004 0.996791 -0.396373
v 0.641423 0.996791 -0.465964
v 0.490022 0.996791 -0.489944
v 0.338621 0.996791 -0.465964
v 0.202040 0.996791 -0.396373
v 0.093649 0.996791 -0.287982
v 0.024058 0.996791 -0.151401
v 0.000079 0.996791 0.000000
v 0.024058 0.996791 0.151401
v 0.093649 0.996791 0.287982
v 0.202041 0.996791 0.396373
v 0.338621 0.996791 0.465964
v 0.490022 0.996791 0.489943
v 0.641423 0.996791 0.465964
v 0.778004 0.996791 0.396373
v 0.886395 0.996791 0.287982
v 0.955986 0.996791 0.151401
v 0.979965 0.996791 0.000000
v 0.961795 1.074391 -0.153288
v 0.891336 1.074391 -0.291571
v 0.781593 1.074391 -0.401314
v 0.643310 1.074391 -0.471772
v 0.490022 1.074391 -0.496051
v 0.336734 1.074391 -0.471772
v 0.198451 1.074391 -0.401314
v 0.088709 1.074391 -0.291571
v 0.018250 1.074391 -0.153288
v -0.006029 1.074391 0.000000
v 0.018250 1.074391 0.153288
v 0.088709 1.074391 0.291571
v 0.198451 1.074391 0.401313
v 0.336734 1.074391 0.471772
v 0.490022 1.074391 0.496051
v 0.643310 1.074391 0.471772
v 0.781593 1.074391 0.401313
v 0.891335 1.074391 0.291571
v 0.961794 1.074391 0.153288
v 0.986073 1.074391 0.000000
v 0.955986 1.151990 -0.151401
v 0.886395 1.151990 -0.287982
v 0.778004 1.151990 -0.396373
v 0.641423 1.151990 -0.465964
v 0.490022 1.151990 -0.489944
v 0.338621 1.151990 -0.465964
v 0.202040 1.151990 -0.396373
v 0.093649 1.151990 -0.287982
v 0.024058 1.151990 -0.151401
v 0.000079 1.151990 0.000000
v 0.024058 1.151990 0.151401
v 0.093649 1.151990 0.287982
v 0.202041 1.151990 0.396373
v 0.338621 1.151990 0.465964
v 0.490022 1.151990 0.489943
v 0.641423 1.151990 0.465964
v 0.778004 1.151990 0.396373
v 0.886395 1.151990 0.287982
v 0.955986 1.151990 0.151401
v 0.979965 1.151990 0.000000
v 0.938704 1.227679 -0.145786
v 0.871694 1.227679 -0.277301
v 0.767323 1.227679 -0.381672
v 0.635808 1.227679 -0.448682
v 0.490022 1.227679 -0.471772
v 0.344236 1.227679 -0.448682
v 0.212721 1.227679 -0.381672
v 0.108350 1.227679 -0.277301
v 0.041340 1.227679 -0.145786
v 0.018250 1.227679 0.000000
v 0.041340 1.227679 0.145786
v 0.108350 1.227679 0.277301
v 0.212721 1.227679 0.381672
v 0.344236 1.227679 0.448682
v 0.490022 1.227679 0.471772
v 0.635808 1.227679 0.448682
v 0.767323 1.227679 0.381672
v 0.871694 1.227679 0.277301
v 0.938704 1.227679 0.145786
v 0.961794 1.227679 0.000000
v 0.910374 1.299593 -0.136581
v 0.847595 1.299593 -0.259792
v 0.749814 1.299593 -0.357573
v 0.626603 1.299593 -0.420352
v 0.490022 1.299593 -0.441985
v 0.353441 1.299593 -0.420352
v 0.230230 1.299593 -0.357573
v 0.132449 1.299593 -0.259792
v 0.069670 1.299593 -0.136581
v 0.048038 1.299593 0.000000
v 0.069670 1.299593 0.136581
v 0.132449 1.299593 0.259792
v 0.230230 1.299593 0.357573
v 0.353441 1.299593 0.420352
v 0.490022 1.299593 0.441984
v 0.626603 1.299593 0.420352
v 0.749814 1.299593 0.357573
v 0.847595 1.299593 0.259792
v 0.910374 1.299593 0.136581
v 0.932006 1.299593 0.000000
v 0.871694 1.365962 -0.124013
v 0.814692 1.365962 -0.235886
v 0.725908 1.365962 -0.324670
v 0.614035 1.365962 -0.381672
v 0.490022 1.365962 -0.401314
v 0.366009 1.365962 -0.381672
v 0.254136 1.365962 -0.324669
v 0.165353 1.365962 -0.235886
v 0.108350 1.365962 -0.124013
v 0.088709 1.365962 0.000000
v 0.108350 1.365962 0.124013
v 0.165353 1.365962 0.235886
v 0.254136 1.365962 0.324669
v 0.366009 1.365962 0.381672
v 0.490022 1.365962 0.401313
v 0.614035 1.365962 0.381672
v 0.725908 1.365962 0.324669
v 0.814691 1.365962 0.235886
v 0.871694 1.365962 0.124013
v 0.891335 1.365962 0.000000
v 0.823616 1.425152 -0.108391
v 0.773794 1.425152 -0.206172
v 0.696194 1.425152 -0.283772
v 0.598413 1.425152 -0.333593
v 0.490022 1.425152 -0.350761
v 0.381631 1.425152 -0.333593
v 0.283850 1.425152 -0.283772
v 0.206251 1.425152 -0.206172
v 0.156429 1.425152 -0.108391
v 0.139261 1.425152 0.000000
v 0.156429 1.425152 0.108391
v 0.206251 1.425152 0.206172
v 0.283850 1.425152 0.283771
v 0.381631 1.425152 0.333593
v 0.490022 1.425152 0.350761
v 0.598413 1.425152 0.333593
v 0.696194 1.425152 0.283771
v 0.773793 1.425152 0.206172
v 0.823615 1.425152 0.108391
v 0.840783 1.425152 0.000000
v 0.767323 1.475704 -0.090101
v 0.725908 1.475704 -0.171381
v 0.661403 1.475704 -0.235886
v 0.580123 1.475704 -0.277301
v 0.490022 1.475704 -0.291571
v 0.399922 1.475704 -0.277301
v 0.318641 1.475704 -0.235886
v 0.254136 1.475704 -0.171381
v 0.212721 1.475704 -0.090100
v 0.198451 1.475704 0.000000
v 0.212721 1.475704 0.090100
v 0.254136 1.475704 0.171381
v 0.318641 1.475704 0.235886
v 0.399922 1.475704 0.277301
v 0.490022 1.475704 0.291571
v 0.580123 1.475704 0.277301
v 0.661403 1.475704 0.235886
v 0.725908 1.475704 0.171381
v 0.767323 1.475704 0.090100
v 0.781593 1.475704 0.000000
v 0.704202 1.516375 -0.069591
v 0.672215 1.516375 -0.132371
v 0.622393 1.516375 -0.182193
v 0.559613 1.516375 -0.214180
v 0.490022 1.516375 -0.225202
v 0.420431 1.516375 -0.214180
v 0.357651 1.516375 -0.182193
v 0.307830 1.516375 -0.132371
v 0.275842 1.516375 -0.069591
v 0.264820 1.516375 0.000000
v 0.275842 1.516375 0.069591
v 0.307830 1.516375 0.132371
v 0.357651 1.516375 0.182193
v 0.420431 1.516375 0.214180
v 0.490022 1.516375 0.225202
v 0.559613 1.516375 0.214180
v 0.622393 1.516375 0.182192
v 0.672215 1.516375 0.132371
v 0.704202 1.516375 0.069591
v 0.715224 1.516375 0.000000
v 0.635808 1.546163 -0.047369
v 0.614035 1.546163 -0.090101
v 0.580123 1.546163 -0.124013
v 0.537391 1.546163 -0.145786
v 0.490022 1.546163 -0.153288
v 0.442653 1.546163 -0.145786
v 0.399922 1.546163 -0.124013
v 0.366009 1.546163 -0.090100
v 0.344236 1.546163 -0.047369
v 0.336734 1.546163 0.000000
v 0.344236 1.546163 0.047369
v 0.366009 1.546163 0.090100
v 0.399922 1.546163 0.124013
v 0.442653 1.546163 0.145786
v 0.490022 1.546163 0.153288
v 0.537391 1.546163 0.145786
v 0.580123 1.546163 0.124013
v 0.614035 1.546163 0.090100
v 0.635808 1.546163 0.047369
v 0.643310 1.546163 0.000000
v 0.563824 1.564334 -0.023980
v 0.552801 1.564334 -0.045612
v 0.535634 1.564334 -0.062779
v 0.514002 1.564334 -0.073801
v 0.490022 1.564334 -0.077599
v 0.466043 1.564334 -0.073801
v 0.444410 1.564334 -0.062779
v 0.427243 1.564334 -0.045612
v 0.416221 1.564334 -0.023980
v 0.412423 1.564334 0.000000
v 0.416221 1.564334 0.023980
v 0.427243 1.564334 0.045612
v 0.444410 1.564334 0.062779
v 0.466043 1.564334 0.073801
v 0.490022 1.564334 0.077599
v 0.514002 1.564334 0.073801
v 0.535634 1.564334 0.062779
v 0.552801 1.564334 0.045612
v 0.563824 1.564334 0.023980
v 0.567621 1.564334 0.000000
v 0.490022 0.578340 0.000000
v 0.490022 1.570441 0.000000
vt 0.704624 0.163606
vt 0.717069 0.163606
vt 0.729514 0.163606
vt 0.741958 0.163606
vt 0.754403 0.163606
vt 0.766848 0.163606
vt 0.779293 0.163606
vt 0.791737 0.163606
vt 0.804182 0.163606
vt 0.816627 0.163606
vt 0.829072 0.163606
vt 0.841516 0.163606
vt 0.853961 0.163606
vt 0.866406 0.163606
vt 0.878851 0.163606
vt 0.891295 0.163606
vt 0.903740 0.163606
vt 0.916185 0.163606
vt 0.928630 0.163606
vt 0.941074 0.163606
vt 0.953519 0.163606
vt 0.704624 0.176050
vt 0.717069 0.176050
vt 0.729514 0.176050
vt 0.741958 0.176050
vt 0.754403 0.176050
vt 0.766848 0.176050
vt 0.779293 0.176050
vt 0.791737 0.176050
vt 0.804182 0.176050
vt 0.816627 0.176050
vt 0.829072 0.176050
vt 0.841516 0.176050
vt 0.853961 0.176050
vt 0.866406 0.176050
vt 0.878851 0.176050
vt 0.891295 0.176050
vt 0.903740 0.176050
vt 0.916185 0.176050
vt 0.928630 0.176050
vt 0.941074 0.176050
vt 0.953519 0.176050
vt 0.704624 0.188495
vt 0.717069 0.188495
vt 0.729514 0.188495
vt 0.741958 0.188495
vt 0.754403 0.188495
vt 0.766848 0.188495
vt 0.779293 0.188495
vt 0.791737 0.188495
vt 0.804182 0.188495
vt 0.816627 0.188495
vt 0.829072 0.188495
vt 0.841516 0.188495
vt 0.853961 0.188495
vt 0.866406 0.188495
vt 0.878851 0.188495
vt 0.891295 0.188495
vt 0.903740 0.188495
vt 0.916185 0.188495
vt 0.928630 0.188495
vt 0.941074 0.188495
vt 0.953519 0.188495
vt 0.704624 0.200940
vt 0.717069 0.200940
vt 0.729514 0.200940
vt 0.741958 0.200940
vt 0.754403 0.200940
vt 0.766848 0.200940
vt 0.779293 0.200940
vt 0.791737 0.200940
vt 0.804182 0.200940
vt 0.816627 0.200940
vt 0.829072 0.200940
vt 0.841516 0.200940
vt 0.853961 0.200940
vt 0.866406 0.200940
vt 0.878851 0.200940
vt 0.891295 0.200940
vt 0.903740 0.200940
vt 0.916185 0.200940
vt 0.928630 0.200940
vt 0.941074 0.200940
vt 0.953519 0.200940
vt 0.704624 0.213385
vt 0.717069 0.213385
vt 0.729514 0.213385
vt 0.741958 0.213385
vt 0.754403 0.213385
vt 0.766848 0.213385
vt 0.779293 0.213385
vt 0.791737 0.213385
vt 0.804182 0.213385
vt 0.816627 0.213385
vt 0.829072 0.213385
vt 0.841516 0.213385
vt 0.853961 0.213385
vt 0.866406 0.213385
vt 0.878851 0.213385
vt 0.891295 0.213385
vt 0.903740 0.213385
vt 0.916185 0.213385
vt 0.928630 0.213385
vt 0.941074 0.213385
vt 0.953519 0.213385
vt 0.704624 0.225829
vt 0.717069 0.225829
vt 0.729514 0.225829
vt 0.741958 0.225829
vt 0.754403 0.225829
vt 0.766848 0.225829
vt 0.779293 0.225829
vt 0.791737 0.225829
vt 0.804182 0.225829
vt 0.816627 0.225829
vt 0.829072 0.225829
vt 0.841516 0.225829
vt 0.853961 0.225829
vt 0.866406 0.225829
vt 0.878851 0.225829
vt 0.891295 0.225829
vt 0.903740 0.225829
vt 0.916185 0.225829
vt 0.928630 0.225829
vt 0.941074 0.225829
vt 0.953519 0.225829
vt 0.704624 0.238274
vt 0.717069 0.238274
vt 0.729514 0.238274
vt 0.741958 0.238274
vt 0.754403 0.238274
vt 0.766848 0.238274
vt 0.779293 0.238274
vt 0.791737 0.238274
vt 0.804182 0.238274
vt 0.816627 0.238274
vt 0.829072 0.238274
vt 0.841516 0.238274
vt 0.853961 0.238274
vt 0.866406 0.238274
vt 0.878851 0.238274
vt 0.891295 0.238274
vt 0.903740 0.238274
vt 0.916185 0.238274
vt 0.928630 0.238274
vt 0.941074 0.238274
vt 0.953519 0.238274
vt 0.704624 0.250719
vt 0.717069 0.250719
vt 0.729514 0.250719
vt 0.741958 0.250719
vt 0.754403 0.250719
vt 0.766848 0.250719
vt 0.779293 0.250719
vt 0.791737 0.250719
vt 0.804182 0.250719
vt 0.816627 0.250719
vt 0.829072 0.250719
vt 0.841516 0.250719
vt 0.853961 0.250719
vt 0.866406 0.250719
vt 0.878851 0.250719
vt 0.891295 0.250719
vt 0.903740 0.250719
vt 0.916185 0.250719
vt 0.928630 0.250719
vt 0.941074 0.250719
vt 0.953519 0.250719
vt 0.704624 0.263164
vt 0.717069 0.263164
vt 0.729514 0.263164
vt 0.741958 0.263164
vt 0.754403 0.263164
vt 0.766848 0.263164
vt 0.779293 0.263164
vt 0.791737 0.263164
vt 0.804182 0.263164
vt 0.816627 0.263164
vt 0.829072 0.263164
vt 0.841516 0.263164
vt 0.853961 0.263164
vt 0.866406 0.263164
vt 0.878851 0.263164
vt 0.891295 0.263164
vt 0.903740 0.263164
vt 0.916185 0.263164
vt 0.928630 0.263164
vt 0.941074 0.263164
vt 0.953519 0.263164
vt 0.704624 0.275608
vt 0.717069 0.275608
vt 0.729514 0.275608
vt 0.741958 0.275608
vt 0.754403 0.275608
vt 0.766848 0.275608
vt 0.779293 0.275608
vt 0.791737 0.275608
vt 0.804182 0.275608
vt 0.816627 0.275608
vt 0.829072 0.275608
vt 0.841516 0.275608
vt 0.853961 0.275608
vt 0.866406 0.275608
vt 0.878851 0.275608
vt 0.891295 0.275608
vt 0.903740 0.275608
vt 0.916185 0.275608
vt 0.928630 0.275608
vt 0.941074 0.275608
vt 0.953519 0.275608
vt 0.704624 0.288053
vt 0.717069 0.288053
vt 0.729514 0.288053
vt 0.741958 0.288053
vt 0.754403 0.288053
vt 0.766848 0.288053
vt 0.779293 0.288053
vt 0.791737 0.288053
vt 0.804182 0.288053
vt 0.816627 0.288053
vt 0.829072 0.288053
vt 0.841516 0.288053
vt 0.853961 0.288053
vt 0.866406 0.288053
vt 0.878851 0.288053
vt 0.891295 0.288053
vt 0.903740 0.288053
vt 0.916185 0.288053
vt 0.928630 0.288053
vt 0.941074 0.288053
vt 0.953519 0.288053
vt 0.704624 0.300498
vt 0.717069 0.300498
vt 0.729514 0.300498
vt 0.741958 0.300498
vt 0.754403 0.300498
vt 0.766848 0.300498
vt 0.779293 0.300498
vt 0.791737 0.300498
vt 0.804182 0.300498
vt 0.816627 0.300498
vt 0.829072 0.300498
vt 0.841516 0.300498
vt 0.853961 0.300498
vt 0.866406 0.300498
vt 0.878851 0.300498
vt 0.891295 0.300498
vt 0.903740 0.300498
vt 0.916185 0.300498
vt 0.928630 0.300498
vt 0.941074 0.300498
vt 0.953519 0.300498
vt 0.704624 0.312942
vt 0.717069 0.312942
vt 0.729514 0.312942
vt 0.741958 0.312942
vt 0.754403 0.312942
vt 0.766848 0.312942
vt 0.779293 0.312942
vt 0.791737 0.312942
vt 0.804182 0.312942
vt 0.816627 0.312942
vt 0.829072 0.312942
vt 0.841516 0.312942
vt 0.853961 0.312942
vt 0.866406 0.312942
vt 0.878851 0.312942
vt 0.891295 0.312942
vt 0.903740 0.312942
vt 0.916185 0.312942
vt 0.928630 0.312942
vt 0.941074 0.312942
vt 0.953519 0.312942
vt 0.704624 0.325387
vt 0.717069 0.325387
vt 0.729514 0.325387
vt 0.741958 0.325387
vt 0.754403 0.325387
vt 0.766848 0.325387
vt 0.779293 0.325387
vt 0.791737 0.325387
vt 0.804182 0.325387
vt 0.816627 0.325387
vt 0.829072 0.325387
vt 0.841516 0.325387
vt 0.853961 0.325387
vt 0.866406 0.325387
vt 0.878851 0.325387
vt 0.891295 0.325387
vt 0.903740 0.325387
vt 0.916185 0.325387
vt 0.928630 0.325387
vt 0.941074 0.325387
vt 0.953519 0.325387
vt 0.704624 0.337832
vt 0.717069 0.337832
vt 0.729514 0.337832
vt 0.741958 0.337832
vt 0.754403 0.337832
vt 0.766848 0.337832
vt 0.779293 0.337832
vt 0.791737 0.337832
vt 0.804182 0.337832
vt 0.816627 0.337832
vt 0.829072 0.337832
vt 0.841516 0.337832
vt 0.853961 0.337832
vt 0.866406 0.337832
vt 0.878851 0.337832
vt 0.891295 0.337832
vt 0.903740 0.337832
vt 0.916185 0.337832
vt 0.928630 0.337832
vt 0.941074 0.337832
vt 0.953519 0.337832
vt 0.704624 0.350277
vt 0.717069 0.350277
vt 0.729514 0.350277
vt 0.741958 0.350277
vt 0.754403 0.350277
vt 0.766848 0.350277
vt 0.779293 0.350277
vt 0.791737 0.350277
vt 0.804182 0.350277
vt 0.816627 0.350277
vt 0.829072 0.350277
vt 0.841516 0.350277
vt 0.853961 0.350277
vt 0.866406 0.350277
vt 0.878851 0.350277
vt 0.891295 0.350277
vt 0.903740 0.350277
vt 0.916185 0.350277
vt 0.928630 0.350277
vt 0.941074 0.350277
vt 0.953519 0.350277
vt 0.704624 0.362721
vt 0.717069 0.362721
vt 0.729514 0.362721
vt 0.741958 0.362721
vt 0.754403 0.362721
vt 0.766848 0.362721
vt 0.779293 0.362721
vt 0.791737 0.362721
vt 0.804182 0.362721
vt 0.816627 0.362721
vt 0.829072 0.362721
vt 0.841516 0.362721
vt 0.853961 0.362721
vt 0.866406 0.362721
vt 0.878851 0.362721
vt 0.891295 0.362721
vt 0.903740 0.362721
vt 0.916185 0.362721
vt 0.928630 0.362721
vt 0.941074 0.362721
vt 0.953519 0.362721
vt 0.704624 0.375166
vt 0.717069 0.375166
vt 0.729514 0.375166
vt 0.741958 0.375166
vt 0.754403 0.375166
vt 0.766848 0.375166
vt 0.779293 0.375166
vt 0.791737 0.375166
vt 0.804182 0.375166
vt 0.816627 0.375166
vt 0.829072 0.375166
vt 0.841516 0.375166
vt 0.853961 0.375166
vt 0.866406 0.375166
vt 0.878851 0.375166
vt 0.891295 0.375166
vt 0.903740 0.375166
vt 0.916185 0.375166
vt 0.928630 0.375166
vt 0.941074 0.375166
vt 0.953519 0.375166
vt 0.704624 0.387611
vt 0.717069 0.387611
vt 0.729514 0.387611
vt 0.741958 0.387611
vt 0.754403 0.387611
vt 0.766848 0.387611
vt 0.779293 0.387611
vt 0.791737 0.387611
vt 0.804182 0.387611
vt 0.816627 0.387611
vt 0.829072 0.387611
vt 0.841516 0.387611
vt 0.853961 0.387611
vt 0.866406 0.387611
vt 0.878851 0.387611
vt 0.891295 0.387611
vt 0.903740 0.387611
vt 0.916185 0.387611
vt 0.928630 0.387611
vt 0.941074 0.387611
vt 0.953519 0.387611
vt 0.710847 0.151161
vt 0.723291 0.151161
vt 0.735736 0.151161
vt 0.748181 0.151161
vt 0.760625 0.151161
vt 0.773070 0.151161
vt 0.785515 0.151161
vt 0.797960 0.151161
vt 0.810404 0.151161
vt 0.822849 0.151161
vt 0.835294 0.151161
vt 0.847739 0.151161
vt 0.860183 0.151161
vt 0.872628 0.151161
vt 0.885073 0.151161
vt 0.897518 0.151161
vt 0.909962 0.151161
vt 0.922407 0.151161
vt 0.934852 0.151161
vt 0.947297 0.151161
vt 0.710847 0.400056
vt 0.723291 0.400056
vt 0.735736 0.400056
vt 0.748181 0.400056
vt 0.760625 0.400056
vt 0.773070 0.400056
vt 0.785515 0.400056
vt 0.797960 0.400056
vt 0.810404 0.400056
vt 0.822849 0.400056
vt 0.835294 0.400056
vt 0.847739 0.400056
vt 0.860183 0.400056
vt 0.872628 0.400056
vt 0.885073 0.400056
vt 0.897518 0.400056
vt 0.909962 0.400056
vt 0.922407 0.400056
vt 0.934852 0.400056
vt 0.947297 0.400056
vn 0.190555 -0.979722 -0.061915
vn 0.162096 -0.979722 -0.117770
vn 0.269870 -0.942722 -0.196072
vn 0.317252 -0.942722 -0.103081
vn 0.117769 -0.979722 -0.162095
vn 0.196072 -0.942723 -0.269870
vn 0.061915 -0.979722 -0.190555
vn 0.103081 -0.942723 -0.317251
vn -0.000000 -0.979722 -0.200361
vn -0.000000 -0.942723 -0.333578
vn -0.061915 -0.979722 -0.190555
vn -0.103081 -0.942722 -0.317252
vn -0.117769 -0.979722 -0.162096
vn -0.196072 -0.942722 -0.269871
vn -0.162096 -0.979722 -0.117770
vn -0.269870 -0.942722 -0.196072
vn -0.190555 -0.979722 -0.061915
vn -0.317252 -0.942722 -0.103081
vn -0.200361 -0.979722 0.000000
vn -0.333578 -0.942722 -0.000000
vn -0.190555 -0.979722 0.061915
vn -0.317252 -0.942722 0.103081
vn -0.162096 -0.979722 0.117769
vn -0.269870 -0.942723 0.196072
vn -0.117769 -0.979722 0.162095
vn -0.196072 -0.942722 0.269870
vn -0.061915 -0.979722 0.190555
vn -0.103081 -0.942722 0.317252
vn 0.000000 -0.979722 0.200361
vn 0.000000 -0.942722 0.333578
vn 0.061915 -0.979722 0.190555
vn 0.103081 -0.942722 0.317252
vn 0.117769 -0.979722 0.162096
vn 0.196072 -0.942722 0.269870
vn 0.162096 -0.979722 0.117769
vn 0.269870 -0.942722 0.196072
vn 0.190555 -0.979722 0.061915
vn 0.317252 -0.942722 0.103081
vn 0.200361 -0.979722 0.000001
vn 0.333578 -0.942722 0.000000
vn 0.380846 -0.882266 -0.276701
vn 0.447712 -0.882266 -0.145470
vn 0.276701 -0.882266 -0.380846
vn 0.145470 -0.882266 -0.447711
vn -0.000000 -0.882266 -0.470752
vn -0.145470 -0.882266 -0.447711
vn -0.276701 -0.882266 -0.380846
vn -0.380846 -0.882266 -0.276701
vn -0.447712 -0.882266 -0.145470
vn -0.470752 -0.882266 0.000000
vn -0.447712 -0.882266 0.145470
vn -0.380846 -0.882266 0.276701
vn -0.276701 -0.882266 0.380846
vn -0.145470 -0.882266 0.447712
vn 0.000000 -0.882266 0.470752
vn 0.145470 -0.882266 0.447712
vn 0.276701 -0.882266 0.380846
vn 0.380846 -0.882266 0.276701
vn 0.447712 -0.882266 0.145470
vn 0.470752 -0.882266 0.000000
vn 0.485138 -0.800252 -0.352474
vn 0.570314 -0.800252 -0.185306
vn 0.352473 -0.800252 -0.485138
vn 0.185306 -0.800252 -0.570314
vn -0.000000 -0.800252 -0.599664
vn -0.185307 -0.800252 -0.570314
vn -0.352474 -0.800252 -0.485138
vn -0.485138 -0.800252 -0.352474
vn -0.570314 -0.800252 -0.185306
vn -0.599664 -0.800252 0.000000
vn -0.570314 -0.800252 0.185306
vn -0.485138 -0.800252 0.352474
vn -0.352474 -0.800252 0.485139
vn -0.185306 -0.800252 0.570314
vn 0.000000 -0.800252 0.599664
vn 0.185306 -0.800252 0.570314
vn 0.352474 -0.800252 0.485139
vn 0.485138 -0.800252 0.352474
vn 0.570314 -0.800252 0.185306
vn 0.599664 -0.800252 0.000001
vn 0.578713 -0.698789 -0.420459
vn 0.680318 -0.698789 -0.221048
vn 0.420459 -0.698789 -0.578713
vn 0.221049 -0.698789 -0.680318
vn -0.000000 -0.698789 -0.715328
vn -0.221049 -0.698789 -0.680318
vn -0.420460 -0.698789 -0.578713
vn -0.578713 -0.698789 -0.420459
vn -0.680318 -0.698788 -0.221049
vn -0.715328 -0.698788 -0.000000
vn -0.680318 -0.698789 0.221049
vn -0.578713 -0.698788 0.420460
vn -0.420459 -0.698788 0.578713
vn -0.221049 -0.698788 0.680318
vn -0.000000 -0.698788 0.715328
vn 0.221049 -0.698789 0.680318
vn 0.420460 -0.698788 0.578713
vn 0.578713 -0.698788 0.420459
vn 0.680318 -0.698788 0.221049
vn 0.715328 -0.698788 0.000001
vn 0.658808 -0.580401 -0.478652
vn 0.774475 -0.580401 -0.251641
vn 0.478652 -0.580401 -0.658808
vn 0.251642 -0.580401 -0.774475
vn -0.000000 -0.580401 -0.814331
vn -0.251642 -0.580401 -0.774475
vn -0.478652 -0.580401 -0.658808
vn -0.658808 -0.580401 -0.478652
vn -0.774475 -0.580401 -0.251642
vn -0.814331 -0.580401 -0.000000
vn -0.774475 -0.580401 0.251642
vn -0.658808 -0.580401 0.478652
vn -0.478652 -0.580401 0.658808
vn -0.251642 -0.580401 0.774475
vn 0.000000 -0.580401 0.814331
vn 0.251642 -0.580401 0.774475
vn 0.478652 -0.580401 0.658808
vn 0.658808 -0.580401 0.478652
vn 0.774475 -0.580401 0.251642
vn 0.814331 -0.580401 0.000001
vn 0.723291 -0.447994 -0.525502
vn 0.850280 -0.447994 -0.276272
vn 0.525501 -0.447994 -0.723291
vn 0.276272 -0.447994 -0.850279
vn -0.000000 -0.447994 -0.894037
vn -0.276273 -0.447994 -0.850279
vn -0.525502 -0.447994 -0.723291
vn -0.723291 -0.447994 -0.525501
vn -0.850279 -0.447994 -0.276272
vn -0.894037 -0.447994 -0.000000
vn -0.850279 -0.447994 0.276272
vn -0.723291 -0.447994 0.525502
vn -0.525502 -0.447994 0.723291
vn -0.276273 -0.447994 0.850279
vn 0.000000 -0.447994 0.894037
vn 0.276273 -0.447994 0.850279
vn 0.525502 -0.447994 0.723291
vn 0.723291 -0.447994 0.525502
vn 0.850280 -0.447994 0.276273
vn 0.894037 -0.447994 0.000001
vn 0.770524 -0.304789 -0.559819
vn 0.905806 -0.304789 -0.294313
vn 0.559818 -0.304789 -0.770524
vn 0.294314 -0.304789 -0.905805
vn -0.000000 -0.304789 -0.952420
vn -0.294314 -0.304789 -0.905805
vn -0.559819 -0.304789 -0.770524
vn -0.770524 -0.304789 -0.559818
vn -0.905805 -0.304789 -0.294314
vn -0.952420 -0.304789 -0.000000
vn -0.905805 -0.304789 0.294314
vn -0.770524 -0.304788 0.559819
vn -0.559818 -0.304788 0.770524
vn -0.294314 -0.304789 0.905805
vn 0.000000 -0.304789 0.952420
vn 0.294314 -0.304789 0.905805
vn 0.559818 -0.304789 0.770524
vn 0.770524 -0.304789 0.559818
vn 0.905805 -0.304789 0.294314
vn 0.952420 -0.304788 0.000001
vn 0.799335 -0.154249 -0.580751
vn 0.939675 -0.154249 -0.305318
vn 0.580751 -0.154249 -0.799335
vn 0.305319 -0.154249 -0.939674
vn 0.000000 -0.154249 -0.988032
vn -0.305319 -0.154249 -0.939674
vn -0.580751 -0.154249 -0.799335
vn -0.799335 -0.154249 -0.580751
vn -0.939674 -0.154248 -0.305319
vn -0.988032 -0.154248 0.000000
vn -0.939674 -0.154248 0.305319
vn -0.799335 -0.154248 0.580751
vn -0.580751 -0.154249 0.799335
vn -0.305319 -0.154249 0.939674
vn 0.000000 -0.154249 0.988032
vn 0.305319 -0.154249 0.939674
vn 0.580751 -0.154249 0.799335
vn 0.799335 -0.154249 0.580751
vn 0.939674 -0.154249 0.305319
vn 0.988032 -0.154249 0.000001
vn 0.809017 0.000000 -0.587785
vn 0.951057 -0.000000 -0.309016
vn 0.587785 -0.000000 -0.809017
vn 0.309017 -0.000000 -0.951057
vn 0.000000 0.000000 -1.000000
vn -0.309017 -0.000000 -0.951056
vn -0.587785 -0.000000 -0.809017
vn -0.809017 0.000000 -0.587785
vn -0.951057 0.000000 -0.309017
vn -1.000000 -0.000000 0.000000
vn -0.951056 -0.000000 0.309017
vn -0.809017 0.000000 0.587785
vn -0.587785 -0.000000 0.809017
vn -0.309017 -0.000000 0.951057
vn 0.000000 0.000000 1.000000
vn 0.309017 -0.000000 0.951057
vn 0.587785 -0.000000 0.809017
vn 0.809017 -0.000000 0.587785
vn 0.951057 0.000000 0.309017
vn 1.000000 0.000000 0.000001
vn 0.799335 0.154249 -0.580751
vn 0.939675 0.154249 -0.305318
vn 0.580751 0.154249 -0.799335
vn 0.305319 0.154249 -0.939674
vn 0.000000 0.154249 -0.988032
vn -0.305319 0.154249 -0.939674
vn -0.580751 0.154249 -0.799335
vn -0.799335 0.154249 -0.580751
vn -0.939674 0.154248 -0.305319
vn -0.988032 0.154248 0.000000
vn -0.939674 0.154248 0.305319
vn -0.799335 0.154248 0.580751
vn -0.580751 0.154249 0.799335
vn -0.305319 0.154249 0.939674
vn 0.000000 0.154249 0.988032
vn 0.305319 0.154249 0.939674
vn 0.580751 0.154249 0.799335
vn 0.799335 0.154249 0.580751
vn 0.939674 0.154249 0.305319
vn 0.988032 0.154249 0.000001
vn 0.770524 0.304789 -0.559819
vn 0.905806 0.304789 -0.294313
vn 0.559818 0.304789 -0.770524
vn 0.294314 0.304789 -0.905805
vn -0.000000 0.304789 -0.952420
vn -0.294314 0.304789 -0.905805
vn -0.559819 0.304789 -0.770524
vn -0.770524 0.304789 -0.559818
vn -0.905805 0.304789 -0.294314
vn -0.952420 0.304789 -0.000000
vn -0.905805 0.304789 0.294314
vn -0.770524 0.304788 0.559819
vn -0.559818 0.304788 0.770524
vn -0.294314 0.304789 0.905805
vn 0.000000 0.304789 0.952420
vn 0.294314 0.304789 0.905805
vn 0.559818 0.304789 0.770524
vn 0.770524 0.304789 0.559818
vn 0.905805 0.304788 0.294314
vn 0.952420 0.304788 0.000001
vn 0.723291 0.447994 -0.525502
vn 0.850280 0.447994 -0.276272
vn 0.525501 0.447994 -0.723291
vn 0.276272 0.447994 -0.850279
vn -0.000000 0.447994 -0.894037
vn -0.276273 0.447994 -0.850279
vn -0.525502 0.447994 -0.723291
vn -0.723291 0.447994 -0.525501
vn -0.850279 0.447994 -0.276272
vn -0.894037 0.447994 -0.000000
vn -0.850279 0.447994 0.276272
vn -0.723291 0.447994 0.525502
vn -0.525502 0.447994 0.723291
vn -0.276273 0.447994 0.850279
vn 0.000000 0.447994 0.894037
vn 0.276273 0.447994 0.850279
vn 0.525502 0.447994 0.723291
vn 0.723291 0.447994 0.525502
vn 0.850280 0.447994 0.276273
vn 0.894037 0.447994 0.000001
vn 0.658808 0.580401 -0.478652
vn 0.774475 0.580401 -0.251641
vn 0.478652 0.580401 -0.658808
vn 0.251642 0.580401 -0.774475
vn -0.000000 0.580401 -0.814331
vn -0.251642 0.580401 -0.774475
vn -0.478652 0.580401 -0.658808
vn -0.658808 0.580401 -0.478652
vn -0.774475 0.580401 -0.251642
vn -0.814331 0.580401 -0.000000
vn -0.774475 0.580401 0.251642
vn -0.658808 0.580401 0.478652
vn -0.478652 0.580401 0.658808
vn -0.251642 0.580401 0.774475
vn 0.000000 0.580401 0.814331
vn 0.251642 0.580401 0.774475
vn 0.478652 0.580401 0.658808
vn 0.658808 0.580401 0.478652
vn 0.774475 0.580401 0.251642
vn 0.814331 0.580401 0.000001
vn 0.578712 0.698789 -0.420459
vn 0.680318 0.698789 -0.221048
vn 0.420459 0.698789 -0.578713
vn 0.221049 0.698789 -0.680318
vn -0.000000 0.698789 -0.715328
vn -0.221049 0.698789 -0.680318
vn -0.420460 0.698789 -0.578713
vn -0.578713 0.698789 -0.420459
vn -0.680318 0.698789 -0.221049
vn -0.715328 0.698788 0.000000
vn -0.680318 0.698789 0.221049
vn -0.578713 0.698788 0.420460
vn -0.420459 0.698788 0.578713
vn -0.221049 0.698788 0.680318
vn -0.000000 0.698788 0.715328
vn 0.221049 0.698789 0.680318
vn 0.420460 0.698788 0.578713
vn 0.578713 0.698788 0.420460
vn 0.680318 0.698788 0.221049
vn 0.715328 0.698788 0.000001
vn 0.485138 0.800252 -0.352474
vn 0.570314 0.800252 -0.185306
vn 0.352473 0.800252 -0.485138
vn 0.185306 0.800252 -0.570314
vn -0.000000 0.800252 -0.599664
vn -0.185307 0.800252 -0.570314
vn -0.352474 0.800252 -0.485138
vn -0.485138 0.800252 -0.352474
vn -0.570314 0.800252 -0.185306
vn -0.599664 0.800252 0.000000
vn -0.570314 0.800252 0.185306
vn -0.485138 0.800252 0.352474
vn -0.352474 0.800252 0.485138
vn -0.185306 0.800252 0.570314
vn 0.000000 0.800252 0.599664
vn 0.185306 0.800252 0.570315
vn 0.352474 0.800252 0.485139
vn 0.485139 0.800252 0.352474
vn 0.570314 0.800252 0.185306
vn 0.599664 0.800252 0.000001
vn 0.380846 0.882266 -0.276701
vn 0.447711 0.882266 -0.145470
vn 0.276701 0.882266 -0.380846
vn 0.145470 0.882266 -0.447711
vn -0.000000 0.882266 -0.470752
vn -0.145470 0.882266 -0.447711
vn -0.276701 0.882266 -0.380846
vn -0.380846 0.882266 -0.276701
vn -0.447712 0.882266 -0.145470
vn -0.470752 0.882266 0.000000
vn -0.447712 0.882266 0.145471
vn -0.380846 0.882266 0.276701
vn -0.276701 0.882266 0.380846
vn -0.145470 0.882266 0.447712
vn 0.000000 0.882266 0.470752
vn 0.145470 0.882266 0.447712
vn 0.276701 0.882266 0.380846
vn 0.380846 0.882266 0.276701
vn 0.447712 0.882266 0.145470
vn 0.470752 0.882266 0.000000
vn 0.269870 0.942722 -0.196073
vn 0.317252 0.942722 -0.103081
vn 0.196072 0.942722 -0.269871
vn 0.103081 0.942723 -0.317252
vn -0.000000 0.942723 -0.333578
vn -0.103081 0.942723 -0.317251
vn -0.196072 0.942722 -0.269870
vn -0.269870 0.942723 -0.196072
vn -0.317252 0.942722 -0.103081
vn -0.333578 0.942722 0.000000
vn -0.317252 0.942722 0.103082
vn -0.269870 0.942722 0.196072
vn -0.196072 0.942722 0.269870
vn -0.103081 0.942722 0.317252
vn 0.000000 0.942722 0.333578
vn 0.103081 0.942722 0.317252
vn 0.196072 0.942722 0.269870
vn 0.269870 0.942722 0.196072
vn 0.317252 0.942722 0.103081
vn 0.333578 0.942722 0.000000
vn 0.162096 0.979722 -0.117769
vn 0.190555 0.979722 -0.061915
vn 0.117769 0.979722 -0.162096
vn 0.061915 0.979722 -0.190555
vn -0.000000 0.979722 -0.200361
vn -0.061915 0.979722 -0.190555
vn -0.117769 0.979722 -0.162095
vn -0.162096 0.979722 -0.117769
vn -0.190555 0.979722 -0.061915
vn -0.200361 0.979722 0.000000
vn -0.190555 0.979722 0.061915
vn -0.162096 0.979722 0.117769
vn -0.117769 0.979722 0.162096
vn -0.061915 0.979722 0.190555
vn 0.000000 0.979722 0.200361
vn 0.061915 0.979722 0.190555
vn 0.117769 0.979722 0.162096
vn 0.162096 0.979722 0.117769
vn 0.190555 0.979722 0.061915
vn 0.200361 0.979722 0.000001
vn -0.000000 -1.000000 -0.000000
vn -0.000000 1.000000 0.000000
s 1
g pSphere1
usemtl initialShadingGroup
f 917/1061/1053 918/1062/1054 938/1083/1055 937/1082/1056
f 918/1062/1054 919/1063/1057 939/1084/1058 938/1083/1055
f 919/1063/1057 920/1064/1059 940/1085/1060 939/1084/1058
f 920/1064/1059 921/1065/1061 941/1086/1062 940/1085/1060
f 921/1065/1061 922/1066/1063 942/1087/1064 941/1086/1062
f 922/1066/1063 923/1067/1065 943/1088/1066 942/1087/1064
f 923/1067/1065 924/1068/1067 944/1089/1068 943/1088/1066
f 924/1068/1067 925/1069/1069 945/1090/1070 944/1089/1068
f 925/1069/1069 926/1070/1071 946/1091/1072 945/1090/1070
f 926/1070/1071 927/1071/1073 947/1092/1074 946/1091/1072
f 927/1071/1073 928/1072/1075 948/1093/1076 947/1092/1074
f 928/1072/1075 929/1073/1077 949/1094/1078 948/1093/1076
f 929/1073/1077 930/1074/1079 950/1095/1080 949/1094/1078
f 930/1074/1079 931/1075/1081 951/1096/1082 950/1095/1080
f 931/1075/1081 932/1076/1083 952/1097/1084 951/1096/1082
f 932/1076/1083 933/1077/1085 953/1098/1086 952/1097/1084
f 933/1077/1085 934/1078/1087 954/1099/1088 953/1098/1086
f 934/1078/1087 935/1079/1089 955/1100/1090 954/1099/1088
f 935/1079/1089 936/1080/1091 956/1101/1092 955/1100/1090
f 936/1080/1091 917/1081/1053 937/1102/1056 956/1101/1092
f 937/1082/1056 938/1083/1055 958/1104/1093 957/1103/1094
f 938/1083/1055 939/1084/1058 959/1105/1095 958/1104/1093
f 939/1084/1058 940/1085/1060 960/1106/1096 959/1105/1095
f 940/1085/1060 941/1086/1062 961/1107/1097 960/1106/1096
f 941/1086/1062 942/1087/1064 962/1108/1098 961/1107/1097
f 942/1087/1064 943/1088/1066 963/1109/1099 962/1108/1098
f 943/1088/1066 944/1089/1068 964/1110/1100 963/1109/1099
f 944/1089/1068 945/1090/1070 965/1111/1101 964/1110/1100
f 945/1090/1070 946/1091/1072 966/1112/1102 965/1111/1101
f 946/1091/1072 947/1092/1074 967/1113/1103 966/1112/1102
f 947/1092/1074 948/1093/1076 968/1114/1104 967/1113/1103
f 948/1093/1076 949/1094/1078 969/1115/1105 968/1114/1104
f 949/1094/1078 950/1095/1080 970/1116/1106 969/1115/1105
f 950/1095/1080 951/1096/1082 971/1117/1107 970/1116/1106
f 951/1096/1082 952/1097/1084 972/1118/1108 971/1117/1107
f 952/1097/1084 953/1098/1086 973/1119/1109 972/1118/1108
f 953/1098/1086 954/1099/1088 974/1120/1110 973/1119/1109
f 954/1099/1088 955/1100/1090 975/1121/1111 974/1120/1110
f 955/1100/1090 956/1101/1092 976/1122/1112 975/1121/1111
f 956/1101/1092 937/1102/1056 957/1123/1094 976/1122/1112
f 957/1103/1094 958/1104/1093 978/1125/1113 977/1124/1114
f 958/1104/1093 959/1105/1095 979/1126/1115 978/1125/1113
f 959/1105/1095 960/1106/1096 980/1127/1116 979/1126/1115
f 960/1106/1096 961/1107/1097 981/1128/1117 980/1127/1116
f 961/1107/1097 962/1108/1098 982/1129/1118 981/1128/1117
f 962/1108/1098 963/1109/1099 983/1130/1119 982/1129/1118
f 963/1109/1099 964/1110/1100 984/1131/1120 983/1130/1119
f 964/1110/1100 965/1111/1101 985/1132/1121 984/1131/1120
f 965/1111/1101 966/1112/1102 986/1133/1122 985/1132/1121
f 966/1112/1102 967/1113/1103 987/1134/1123 986/1133/1122
f 967/1113/1103 968/1114/1104 988/1135/1124 987/1134/1123
f 968/1114/1104 969/1115/1105 989/1136/1125 988/1135/1124
f 969/1115/1105 970/1116/1106 990/1137/1126 989/1136/1125
f 970/1116/1106 971/1117/1107 991/1138/1127 990/1137/1126
f 971/1117/1107 972/1118/1108 992/1139/1128 991/1138/1127
f 972/1118/1108 973/1119/1109 993/1140/1129 992/1139/1128
f 973/1119/1109 974/1120/1110 994/1141/1130 993/1140/1129
f 974/1120/1110 975/1121/1111 995/1142/1131 994/1141/1130
f 975/1121/1111 976/1122/1112 996/1143/1132 995/1142/1131
f 976/1122/1112 957/1123/1094 977/1144/1114 996/1143/1132
f 977/1124/1114 978/1125/1113 998/1146/1133 997/1145/1134
f 978/1125/1113 979/1126/1115 999/1147/1135 998/1146/1133
f 979/1126/1115 980/1127/1116 1000/1148/1136 999/1147/1135
f 980/1127/1116 981/1128/1117 1001/1149/1137 1000/1148/1136
f 981/1128/1117 982/1129/1118 1002/1150/1138 1001/1149/1137
f 982/1129/1118 983/1130/1119 1003/1151/1139 1002/1150/1138
f 983/1130/1119 984/1131/1120 1004/1152/1140 1003/1151/1139
f 984/1131/1120 985/1132/1121 1005/1153/1141 1004/1152/1140
f 985/1132/1121 986/1133/1122 1006/1154/1142 1005/1153/1141
f 986/1133/1122 987/1134/1123 1007/1155/1143 1006/1154/1142
f 987/1134/1123 988/1135/1124 1008/1156/1144 1007/1155/1143
f 988/1135/1124 989/1136/1125 1009/1157/1145 1008/1156/1144
f 989/1136/1125 990/1137/1126 1010/1158/1146 1009/1157/1145
f 990/1137/1126 991/1138/1127 1011/1159/1147 1010/1158/1146
f 991/1138/1127 992/1139/1128 1012/1160/1148 1011/1159/1147
f 992/1139/1128 993/1140/1129 1013/1161/1149 1012/1160/1148
f 993/1140/1129 994/1141/1130 1014/1162/1150 1013/1161/1149
f 994/1141/1130 995/1142/1131 1015/1163/1151 1014/1162/1150
f 995/1142/1131 996/1143/1132 1016/1164/1152 1015/1163/1151
f 996/1143/1132 977/1144/1114 997/1165/1134 1016/1164/1152
f 997/1145/1134 998/1146/1133 1018/1167/1153 1017/1166/1154
f 998/1146/1133 999/1147/1135 1019/1168/1155 1018/1167/1153
f 999/1147/1135 1000/1148/1136 1020/1169/1156 1019/1168/1155
f 1000/1148/1136 1001/1149/1137 1021/1170/1157 1020/1169/1156
f 1001/1149/1137 1002/1150/1138 1022/1171/1158 1021/1170/1157
f 1002/1150/1138 1003/1151/1139 1023/1172/1159 1022/1171/1158
f 1003/1151/1139 1004/1152/1140 1024/1173/1160 1023/1172/1159
f 1004/1152/1140 1005/1153/1141 1025/1174/1161 1024/1173/1160
f 1005/1153/1141 1006/1154/1142 1026/1175/1162 1025/1174/1161
f 1006/1154/1142 1007/1155/1143 1027/1176/1163 1026/1175/1162
f 1007/1155/1143 1008/1156/1144 1028/1177/1164 1027/1176/1163
f 1008/1156/1144 1009/1157/1145 1029/1178/1165 1028/1177/1164
f 1009/1157/1145 1010/1158/1146 1030/1179/1166 1029/1178/1165
f 1010/1158/1146 1011/1159/1147 1031/1180/1167 1030/1179/1166
f 1011/1159/1147 1012/1160/1148 1032/1181/1168 1031/1180/1167
f 1012/1160/1148 1013/1161/1149 1033/1182/1169 1032/1181/1168
f 1013/1161/1149 1014/1162/1150 1034/1183/1170 1033/1182/1169
f 1014/1162/1150 1015/1163/1151 1035/1184/1171 1034/1183/1170
f 1015/1163/1151 1016/1164/1152 1036/1185/1172 1035/1184/1171
f 1016/1164/1152 997/1165/1134 1017/1186/1154 1036/1185/1172
f 1017/1166/1154 1018/1167/1153 1038/1188/1173 1037/1187/1174
f 1018/1167/1153 1019/1168/1155 1039/1189/1175 1038/1188/1173
f 1019/1168/1155 1020/1169/1156 1040/1190/1176 1039/1189/1175
f 1020/1169/1156 1021/1170/1157 1041/1191/1177 1040/1190/1176
f 1021/1170/1157 1022/1171/1158 1042/1192/1178 1041/1191/1177
f 1022/1171/1158 1023/1172/1159 1043/1193/1179 1042/1192/1178
f 1023/1172/1159 1024/1173/1160 1044/1194/1180 1043/1193/1179
f 1024/1173/1160 1025/1174/1161 1045/1195/1181 1044/1194/1180
f 1025/1174/1161 1026/1175/1162 1046/1196/1182 1045/1195/1181
f 1026/1175/1162 1027/1176/1163 1047/1197/1183 1046/1196/1182
f 1027/1176/1163 1028/1177/1164 1048/1198/1184 1047/1197/1183
f 1028/1177/1164 1029/1178/1165 1049/1199/1185 1048/1198/1184
f 1029/1178/1165 1030/1179/1166 1050/1200/1186 1049/1199/1185
f 1030/1179/1166 1031/1180/1167 1051/1201/1187 1050/1200/1186
f 1031/1180/1167 1032/1181/1168 1052/1202/1188 1051/1201/1187
f 1032/1181/1168 1033/1182/1169 1053/1203/1189 1052/1202/1188
f 1033/1182/1169 1034/1183/1170 1054/1204/1190 1053/1203/1189
f 1034/1183/1170 1035/1184/1171 1055/1205/1191 1054/1204/1190
f 1035/1184/1171 1036/1185/1172 1056/1206/1192 1055/1205/1191
f 1036/1185/1172 1017/1186/1154 1037/1207/1174 1056/1206/1192
f 1037/1187/1174 1038/1188/1173 1058/1209/1193 1057/1208/1194
f 1038/1188/1173 1039/1189/1175 1059/1210/1195 1058/1209/1193
f 1039/1189/1175 1040/1190/1176 1060/1211/1196 1059/1210/1195
f 1040/1190/1176 1041/1191/1177 1061/1212/1197 1060/1211/1196
f 1041/1191/1177 1042/1192/1178 1062/1213/1198 1061/1212/1197
f 1042/1192/1178 1043/1193/1179 1063/1214/1199 1062/1213/1198
f 1043/1193/1179 1044/1194/1180 1064/1215/1200 1063/1214/1199
f 1044/1194/1180 1045/1195/1181 1065/1216/1201 1064/1215/1200
f 1045/1195/1181 1046/1196/1182 1066/1217/1202 1065/1216/1201
f 1046/1196/1182 1047/1197/1183 1067/1218/1203 1066/1217/1202
f 1047/1197/1183 1048/1198/1184 1068/1219/1204 1067/1218/1203
f 1048/1198/1184 1049/1199/1185 1069/1220/1205 1068/1219/1204
f 1049/1199/1185 1050/1200/1186 1070/1221/1206 1069/1220/1205
f 1050/1200/1186 1051/1201/1187 1071/1222/1207 1070/1221/1206
f 1051/1201/1187 1052/1202/1188 1072/1223/1208 1071/1222/1207
f 1052/1202/1188 1053/1203/1189 1073/1224/1209 1072/1223/1208
f 1053/1203/1189 1054/1204/1190 1074/1225/1210 1073/1224/1209
f 1054/1204/1190 1055/1205/1191 1075/1226/1211 1074/1225/1210
f 1055/1205/1191 1056/1206/1192 1076/1227/1212 1075/1226/1211
f 1056/1206/1192 1037/1207/1174 1057/1228/1194 1076/1227/1212
f 1057/1208/1194 1058/1209/1193 1078/1230/1213 1077/1229/1214
f 1058/1209/1193 1059/1210/1195 1079/1231/1215 1078/1230/1213
f 1059/1210/1195 1060/1211/1196 1080/1232/1216 1079/1231/1215
f 1060/1211/1196 1061/1212/1197 1081/1233/1217 1080/1232/1216
f 1061/1212/1197 1062/1213/1198 1082/1234/1218 1081/1233/1217
f 1062/1213/1198 1063/1214/1199 1083/1235/1219 1082/1234/1218
f 1063/1214/1199 1064/1215/1200 1084/1236/1220 1083/1235/1219
f 1064/1215/1200 1065/1216/1201 1085/1237/1221 1084/1236/1220
f 1065/1216/1201 1066/1217/1202 1086/1238/1222 1085/1237/1221
f 1066/1217/1202 1067/1218/1203 1087/1239/1223 1086/1238/1222
f 1067/1218/1203 1068/1219/1204 1088/1240/1224 1087/1239/1223
f 1068/1219/1204 1069/1220/1205 1089/1241/1225 1088/1240/1224
f 1069/1220/1205 1070/1221/1206 1090/1242/1226 1089/1241/1225
f 1070/1221/1206 1071/1222/1207 1091/1243/1227 1090/1242/1226
f 1071/1222/1207 1072/1223/1208 1092/1244/1228 1091/1243/1227
f 1072/1223/1208 1073/1224/1209 1093/1245/1229 1092/1244/1228
f 1073/1224/1209 1074/1225/1210 1094/1246/1230 1093/1245/1229
f 1074/1225/1210 1075/1226/1211 1095/1247/1231 1094/1246/1230
f 1075/1226/1211 1076/1227/1212 1096/1248/1232 1095/1247/1231
f 1076/1227/1212 1057/1228/1194 1077/1249/1214 1096/1248/1232
f 1077/1229/1214 1078/1230/1213 1098/1251/1233 1097/1250/1234
f 1078/1230/1213 1079/1231/1215 1099/1252/1235 1098/1251/1233
f 1079/1231/1215 1080/1232/1216 1100/1253/1236 1099/1252/1235
f 1080/1232/1216 1081/1233/1217 1101/1254/1237 1100/1253/1236
f 1081/1233/1217 1082/1234/1218 1102/1255/1238 1101/1254/1237
f 1082/1234/1218 1083/1235/1219 1103/1256/1239 1102/1255/1238
f 1083/1235/1219 1084/1236/1220 1104/1257/1240 1103/1256/1239
f 1084/1236/1220 1085/1237/1221 1105/1258/1241 1104/1257/1240
f 1085/1237/1221 1086/1238/1222 1106/1259/1242 1105/1258/1241
f 1086/1238/1222 1087/1239/1223 1107/1260/1243 1106/1259/1242
f 1087/1239/1223 1088/1240/1224 1108/1261/1244 1107/1260/1243
f 1088/1240/1224 1089/1241/1225 1109/1262/1245 1108/1261/1244
f 1089/1241/1225 1090/1242/1226 1110/1263/1246 1109/1262/1245
f 1090/1242/1226 1091/1243/1227 1111/1264/1247 1110/1263/1246
f 1091/1243/1227 1092/1244/1228 1112/1265/1248 1111/1264/1247
f 1092/1244/1228 1093/1245/1229 1113/1266/1249 1112/1265/1248
f 1093/1245/1229 1094/1246/1230 1114/1267/1250 1113/1266/1249
f 1094/1246/1230 1095/1247/1231 1115/1268/1251 1114/1267/1250
f 1095/1247/1231 1096/1248/1232 1116/1269/1252 1115/1268/1251
f 1096/1248/1232 1077/1249/1214 1097/1270/1234 1116/1269/1252
f 1097/1250/1234 1098/1251/1233 1118/1272/1253 1117/1271/1254
f 1098/1251/1233 1099/1252/1235 1119/1273/1255 1118/1272/1253
f 1099/1252/1235 1100/1253/1236 1120/1274/1256 1119/1273/1255
f 1100/1253/1236 1101/1254/1237 1121/1275/1257 1120/1274/1256
f 1101/1254/1237 1102/1255/1238 1122/1276/1258 1121/1275/1257
f 1102/1255/1238 1103/1256/1239 1123/1277/1259 1122/1276/1258
f 1103/1256/1239 1104/1257/1240 1124/1278/1260 1123/1277/1259
f 1104/1257/1240 1105/1258/1241 1125/1279/1261 1124/1278/1260
f 1105/1258/1241 1106/1259/1242 1126/1280/1262 1125/1279/1261
f 1106/1259/1242 1107/1260/1243 1127/1281/1263 1126/1280/1262
f 1107/1260/1243 1108/1261/1244 1128/1282/1264 1127/1281/1263
f 1108/1261/1244 1109/1262/1245 1129/1283/1265 1128/1282/1264
f 1109/1262/1245 1110/1263/1246 1130/1284/1266 1129/1283/1265
f 1110/1263/1246 1111/1264/1247 1131/1285/1267 1130/1284/1266
f 1111/1264/1247 1112/1265/1248 1132/1286/1268 1131/1285/1267
f 1112/1265/1248 1113/1266/1249 1133/1287/1269 1132/1286/1268
f 1113/1266/1249 1114/1267/1250 1134/1288/1270 1133/1287/1269
f 1114/1267/1250 1115/1268/1251 1135/1289/1271 1134/1288/1270
f 1115/1268/1251 1116/1269/1252 1136/1290/1272 1135/1289/1271
f 1116/1269/1252 1097/1270/1234 1117/1291/1254 1136/1290/1272
f 1117/1271/1254 1118/1272/1253 1138/1293/1273 1137/1292/1274
f 1118/1272/1253 1119/1273/1255 1139/1294/1275 1138/1293/1273
f 1119/1273/1255 1120/1274/1256 1140/1295/1276 1139/1294/1275
f 1120/1274/1256 1121/1275/1257 1141/1296/1277 1140/1295/1276
f 1121/1275/1257 1122/1276/1258 1142/1297/1278 1141/1296/1277
f 1122/1276/1258 1123/1277/1259 1143/1298/1279 1142/1297/1278
f 1123/1277/1259 1124/1278/1260 1144/1299/1280 1143/1298/1279
f 1124/1278/1260 1125/1279/1261 1145/1300/1281 1144/1299/1280
f 1125/1279/1261 1126/1280/1262 1146/1301/1282 1145/1300/1281
f 1126/1280/1262 1127/1281/1263 1147/1302/1283 1146/1301/1282
f 1127/1281/1263 1128/1282/1264 1148/1303/1284 1147/1302/1283
f 1128/1282/1264 1129/1283/1265 1149/1304/1285 1148/1303/1284
f 1129/1283/1265 1130/1284/1266 1150/1305/1286 1149/1304/1285
f 1130/1284/1266 1131/1285/1267 1151/1306/1287 1150/1305/1286
f 1131/1285/1267 1132/1286/1268 1152/1307/1288 1151/1306/1287
f 1132/1286/1268 1133/1287/1269 1153/1308/1289 1152/1307/1288
f 1133/1287/1269 1134/1288/1270 1154/1309/1290 1153/1308/1289
f 1134/1288/1270 1135/1289/1271 1155/1310/1291 1154/1309/1290
f 1135/1289/1271 1136/1290/1272 1156/1311/1292 1155/1310/1291
f 1136/1290/1272 1117/1291/1254 1137/1312/1274 1156/1311/1292
f 1137/1292/1274 1138/1293/1273 1158/1314/1293 1157/1313/1294
f 1138/1293/1273 1139/1294/1275 1159/1315/1295 1158/1314/1293
f 1139/1294/1275 1140/1295/1276 1160/1316/1296 1159/1315/1295
f 1140/1295/1276 1141/1296/1277 1161/1317/1297 1160/1316/1296
f 1141/1296/1277 1142/1297/1278 1162/1318/1298 1161/1317/1297
f 1142/1297/1278 1143/1298/1279 1163/1319/1299 1162/1318/1298
f 1143/1298/1279 1144/1299/1280 1164/1320/1300 1163/1319/1299
f 1144/1299/1280 1145/1300/1281 1165/1321/1301 1164/1320/1300
f 1145/1300/1281 1146/1301/1282 1166/1322/1302 1165/1321/1301
f 1146/1301/1282 1147/1302/1283 1167/1323/1303 1166/1322/1302
f 1147/1302/1283 1148/1303/1284 1168/1324/1304 1167/1323/1303
f 1148/1303/1284 1149/1304/1285 1169/1325/1305 1168/1324/1304
f 1149/1304/1285 1150/1305/1286 1170/1326/1306 1169/1325/1305
f 1150/1305/1286 1151/1306/1287 1171/1327/1307 1170/1326/1306
f 1151/1306/1287 1152/1307/1288 1172/1328/1308 1171/1327/1307
f 1152/1307/1288 1153/1308/1289 1173/1329/1309 1172/1328/1308
f 1153/1308/1289 1154/1309/1290 1174/1330/1310 1173/1329/1309
f 1154/1309/1290 1155/1310/1291 1175/1331/1311 1174/1330/1310
f 1155/1310/1291 1156/1311/1292 1176/1332/1312 1175/1331/1311
f 1156/1311/1292 1137/1312/1274 1157/1333/1294 1176/1332/1312
f 1157/1313/1294 1158/1314/1293 1178/1335/1313 1177/1334/1314
f 1158/1314/1293 1159/1315/1295 1179/1336/1315 1178/1335/1313
f 1159/1315/1295 1160/1316/1296 1180/1337/1316 1179/1336/1315
f 1160/1316/1296 1161/1317/1297 1181/1338/1317 1180/1337/1316
f 1161/1317/1297 1162/1318/1298 1182/1339/1318 1181/1338/1317
f 1162/1318/1298 1163/1319/1299 1183/1340/1319 1182/1339/1318
f 1163/1319/1299 1164/1320/1300 1184/1341/1320 1183/1340/1319
f 1164/1320/1300 1165/1321/1301 1185/1342/1321 1184/1341/1320
f 1165/1321/1301 1166/1322/1302 1186/1343/1322 1185/1342/1321
f 1166/1322/1302 1167/1323/1303 1187/1344/1323 1186/1343/1322
f 1167/1323/1303 1168/1324/1304 1188/1345/1324 1187/1344/1323
f 1168/1324/1304 1169/1325/1305 1189/1346/1325 1188/1345/1324
f 1169/1325/1305 1170/1326/1306 1190/1347/1326 1189/1346/1325
f 1170/1326/1306 1171/1327/1307 1191/1348/1327 1190/1347/1326
f 1171/1327/1307 1172/1328/1308 1192/1349/1328 1191/1348/1327
f 1172/1328/1308 1173/1329/1309 1193/1350/1329 1192/1349/1328
f 1173/1329/1309 1174/1330/1310 1194/1351/1330 1193/1350/1329
f 1174/1330/1310 1175/1331/1311 1195/1352/1331 1194/1351/1330
f 1175/1331/1311 1176/1332/1312 1196/1353/1332 1195/1352/1331
f 1176/1332/1312 1157/1333/1294 1177/1354/1314 1196/1353/1332
f 1177/1334/1314 1178/1335/1313 1198/1356/1333 1197/1355/1334
f 1178/1335/1313 1179/1336/1315 1199/1357/1335 1198/1356/1333
f 1179/1336/1315 1180/1337/1316 1200/1358/1336 1199/1357/1335
f 1180/1337/1316 1181/1338/1317 1201/1359/1337 1200/1358/1336
f 1181/1338/1317 1182/1339/1318 1202/1360/1338 1201/1359/1337
f 1182/1339/1318 1183/1340/1319 1203/1361/1339 1202/1360/1338
f 1183/1340/1319 1184/1341/1320 1204/1362/1340 1203/1361/1339
f 1184/1341/1320 1185/1342/1321 1205/1363/1341 1204/1362/1340
f 1185/1342/1321 1186/1343/1322 1206/1364/1342 1205/1363/1341
f 1186/1343/1322 1187/1344/1323 1207/1365/1343 1206/1364/1342
f 1187/1344/1323 1188/1345/1324 1208/1366/1344 1207/1365/1343
f 1188/1345/1324 1189/1346/1325 1209/1367/1345 1208/1366/1344
f 1189/1346/1325 1190/1347/1326 1210/1368/1346 1209/1367/1345
f 1190/1347/1326 1191/1348/1327 1211/1369/1347 1210/1368/1346
f 1191/1348/1327 1192/1349/1328 1212/1370/1348 1211/1369/1347
f 1192/1349/1328 1193/1350/1329 1213/1371/1349 1212/1370/1348
f 1193/1350/1329 1194/1351/1330 1214/1372/1350 1213/1371/1349
f 1194/1351/1330 1195/1352/1331 1215/1373/1351 1214/1372/1350
f 1195/1352/1331 1196/1353/1332 1216/1374/1352 1215/1373/1351
f 1196/1353/1332 1177/1354/1314 1197/1375/1334 1216/1374/1352
f 1197/1355/1334 1198/1356/1333 1218/1377/1353 1217/1376/1354
f 1198/1356/1333 1199/1357/1335 1219/1378/1355 1218/1377/1353
f 1199/1357/1335 1200/1358/1336 1220/1379/1356 1219/1378/1355
f 1200/1358/1336 1201/1359/1337 1221/1380/1357 1220/1379/1356
f 1201/1359/1337 1202/1360/1338 1222/1381/1358 1221/1380/1357
f 1202/1360/1338 1203/1361/1339 1223/1382/1359 1222/1381/1358
f 1203/1361/1339 1204/1362/1340 1224/1383/1360 1223/1382/1359
f 1204/1362/1340 1205/1363/1341 1225/1384/1361 1224/1383/1360
f 1205/1363/1341 1206/1364/1342 1226/1385/1362 1225/1384/1361
f 1206/1364/1342 1207/1365/1343 1227/1386/1363 1226/1385/1362
f 1207/1365/1343 1208/1366/1344 1228/1387/1364 1227/1386/1363
f 1208/1366/1344 1209/1367/1345 1229/1388/1365 1228/1387/1364
f 1209/1367/1345 1210/1368/1346 1230/1389/1366 1229/1388/1365
f 1210/1368/1346 1211/1369/1347 1231/1390/1367 1230/1389/1366
f 1211/1369/1347 1212/1370/1348 1232/1391/1368 1231/1390/1367
f 1212/1370/1348 1213/1371/1349 1233/1392/1369 1232/1391/1368
f 1213/1371/1349 1214/1372/1350 1234/1393/1370 1233/1392/1369
f 1214/1372/1350 1215/1373/1351 1235/1394/1371 1234/1393/1370
f 1215/1373/1351 1216/1374/1352 1236/1395/1372 1235/1394/1371
f 1216/1374/1352 1197/1375/1334 1217/1396/1354 1236/1395/1372
f 1217/1376/1354 1218/1377/1353 1238/1398/1373 1237/1397/1374
f 1218/1377/1353 1219/1378/1355 1239/1399/1375 1238/1398/1373
f 1219/1378/1355 1220/1379/1356 1240/1400/1376 1239/1399/1375
f 1220/1379/1356 1221/1380/1357 1241/1401/1377 1240/1400/1376
f 1221/1380/1357 1222/1381/1358 1242/1402/1378 1241/1401/1377
f 1222/1381/1358 1223/1382/1359 1243/1403/1379 1242/1402/1378
f 1223/1382/1359 1224/1383/1360 1244/1404/1380 1243/1403/1379
f 1224/1383/1360 1225/1384/1361 1245/1405/1381 1244/1404/1380
f 1225/1384/1361 1226/1385/1362 1246/1406/1382 1245/1405/1381
f 1226/1385/1362 1227/1386/1363 1247/1407/1383 1246/1406/1382
f 1227/1386/1363 1228/1387/1364 1248/1408/1384 1247/1407/1383
f 1228/1387/1364 1229/1388/1365 1249/1409/1385 1248/1408/1384
f 1229/1388/1365 1230/1389/1366 1250/1410/1386 1249/1409/1385
f 1230/1389/1366 1231/1390/1367 1251/1411/1387 1250/1410/1386
f 1231/1390/1367 1232/1391/1368 1252/1412/1388 1251/1411/1387
f 1232/1391/1368 1233/1392/1369 1253/1413/1389 1252/1412/1388
f 1233/1392/1369 1234/1393/1370 1254/1414/1390 1253/1413/1389
f 1234/1393/1370 1235/1394/1371 1255/1415/1391 1254/1414/1390
f 1235/1394/1371 1236/1395/1372 1256/1416/1392 1255/1415/1391
f 1236/1395/1372 1217/1396/1354 1237/1417/1374 1256/1416/1392
f 1237/1397/1374 1238/1398/1373 1258/1419/1393 1257/1418/1394
f 1238/1398/1373 1239/1399/1375 1259/1420/1395 1258/1419/1393
f 1239/1399/1375 1240/1400/1376 1260/1421/1396 1259/1420/1395
f 1240/1400/1376 1241/1401/1377 1261/1422/1397 1260/1421/1396
f 1241/1401/1377 1242/1402/1378 1262/1423/1398 1261/1422/1397
f 1242/1402/1378 1243/1403/1379 1263/1424/1399 1262/1423/1398
f 1243/1403/1379 1244/1404/1380 1264/1425/1400 1263/1424/1399
f 1244/1404/1380 1245/1405/1381 1265/1426/1401 1264/1425/1400
f 1245/1405/1381 1246/1406/1382 1266/1427/1402 1265/1426/1401
f 1246/1406/1382 1247/1407/1383 1267/1428/1403 1266/1427/1402
f 1247/1407/1383 1248/1408/1384 1268/1429/1404 1267/1428/1403
f 1248/1408/1384 1249/1409/1385 1269/1430/1405 1268/1429/1404
f 1249/1409/1385 1250/1410/1386 1270/1431/1406 1269/1430/1405
f 1250/1410/1386 1251/1411/1387 1271/1432/1407 1270/1431/1406
f 1251/1411/1387 1252/1412/1388 1272/1433/1408 1271/1432/1407
f 1252/1412/1388 1253/1413/1389 1273/1434/1409 1272/1433/1408
f 1253/1413/1389 1254/1414/1390 1274/1435/1410 1273/1434/1409
f 1254/1414/1390 1255/1415/1391 1275/1436/1411 1274/1435/1410
f 1255/1415/1391 1256/1416/1392 1276/1437/1412 1275/1436/1411
f 1256/1416/1392 1237/1417/1374 1257/1438/1394 1276/1437/1412
f 1257/1418/1394 1258/1419/1393 1278/1440/1413 1277/1439/1414
f 1258/1419/1393 1259/1420/1395 1279/1441/1415 1278/1440/1413
f 1259/1420/1395 1260/1421/1396 1280/1442/1416 1279/1441/1415
f 1260/1421/1396 1261/1422/1397 1281/1443/1417 1280/1442/1416
f 1261/1422/1397 1262/1423/1398 1282/1444/1418 1281/1443/1417
f 1262/1423/1398 1263/1424/1399 1283/1445/1419 1282/1444/1418
f 1263/1424/1399 1264/1425/1400 1284/1446/1420 1283/1445/1419
f 1264/1425/1400 1265/1426/1401 1285/1447/1421 1284/1446/1420
f 1265/1426/1401 1266/1427/1402 1286/1448/1422 1285/1447/1421
f 1266/1427/1402 1267/1428/1403 1287/1449/1423 1286/1448/1422
f 1267/1428/1403 1268/1429/1404 1288/1450/1424 1287/1449/1423
f 1268/1429/1404 1269/1430/1405 1289/1451/1425 1288/1450/1424
f 1269/1430/1405 1270/1431/1406 1290/1452/1426 1289/1451/1425
f 1270/1431/1406 1271/1432/1407 1291/1453/1427 1290/1452/1426
f 1271/1432/1407 1272/1433/1408 1292/1454/1428 1291/1453/1427
f 1272/1433/1408 1273/1434/1409 1293/1455/1429 1292/1454/1428
f 1273/1434/1409 1274/1435/1410 1294/1456/1430 1293/1455/1429
f 1274/1435/1410 1275/1436/1411 1295/1457/1431 1294/1456/1430
f 1275/1436/1411 1276/1437/1412 1296/1458/1432 1295/1457/1431
f 1276/1437/1412 1257/1438/1394 1277/1459/1414 1296/1458/1432
f 918/1062/1054 917/1061/1053 1297/1460/1433
f 919/1063/1057 918/1062/1054 1297/1461/1433
f 920/1064/1059 919/1063/1057 1297/1462/1433
f 921/1065/1061 920/1064/1059 1297/1463/1433
f 922/1066/1063 921/1065/1061 1297/1464/1433
f 923/1067/1065 922/1066/1063 1297/1465/1433
f 924/1068/1067 923/1067/1065 1297/1466/1433
f 925/1069/1069 924/1068/1067 1297/1467/1433
f 926/1070/1071 925/1069/1069 1297/1468/1433
f 927/1071/1073 926/1070/1071 1297/1469/1433
f 928/1072/1075 927/1071/1073 1297/1470/1433
f 929/1073/1077 928/1072/1075 1297/1471/1433
f 930/1074/1079 929/1073/1077 1297/1472/1433
f 931/1075/1081 930/1074/1079 1297/1473/1433
f 932/1076/1083 931/1075/1081 1297/1474/1433
f 933/1077/1085 932/1076/1083 1297/1475/1433
f 934/1078/1087 933/1077/1085 1297/1476/1433
f 935/1079/1089 934/1078/1087 1297/1477/1433
f 936/1080/1091 935/1079/1089 1297/1478/1433
f 917/1081/1053 936/1080/1091 1297/1479/1433
f 1277/1439/1414 1278/1440/1413 1298/1480/1434
f 1278/1440/1413 1279/1441/1415 1298/1481/1434
f 1279/1441/1415 1280/1442/1416 1298/1482/1434
f 1280/1442/1416 1281/1443/1417 1298/1483/1434
f 1281/1443/1417 1282/1444/1418 1298/1484/1434
f 1282/1444/1418 1283/1445/1419 1298/1485/1434
f 1283/1445/1419 1284/1446/1420 1298/1486/1434
f 1284/1446/1420 1285/1447/1421 1298/1487/1434
f 1285/1447/1421 1286/1448/1422 1298/1488/1434
f 1286/1448/1422 1287/1449/1423 1298/1489/1434
f 1287/1449/1423 1288/1450/1424 1298/1490/1434
f 1288/1450/1424 1289/1451/1425 1298/1491/1434
f 1289/1451/1425 1290/1452/1426 1298/1492/1434
f 1290/1452/1426 1291/1453/1427 1298/1493/1434
f 1291/1453/1427 1292/1454/1428 1298/1494/1434
f 1292/1454/1428 1293/1455/1429 1298/1495/1434
f 1293/1455/1429 1294/1456/1430 1298/1496/1434
f 1294/1456/1430 1295/1457/1431 1298/1497/1434
f 1295/1457/1431 1296/1458/1432 1298/1498/1434
f 1296/1458/1432 1277/1459/1414 1298/1499/1434
